SNP	CHR	BP	P	zscore
1:24018	1	24018	8.173767e-01	1.178519e+01
1:34055	1	34055	3.400834e-01	1.197898e+01
1:56571	1	56571	4.738223e-01	1.163205e+01
1:59491	1	59491	5.331000e-01	1.167350e+01
1:73205	1	73205	9.915634e-01	1.174158e+01
1:85105	1	85105	3.702497e-01	1.145443e+01
1:94267	1	94267	7.075703e-01	1.178825e+01
1:97944	1	97944	7.107533e-01	1.174902e+01
1:110635	1	110635	7.107533e-01	1.174902e+01
1:131317	1	131317	3.702497e-01	1.145443e+01
1:140712	1	140712	5.094317e-01	1.152385e+01
1:145311	1	145311	8.173767e-01	1.178519e+01
1:145710	1	145710	8.173767e-01	1.178519e+01
1:158355	1	158355	5.814939e-01	1.159208e+01
1:177607	1	177607	7.820478e-01	1.177066e+01
1:180727	1	180727	6.212663e-01	1.174861e+01
1:182491	1	182491	8.389262e-01	1.176427e+01
1:190461	1	190461	8.173767e-01	1.178519e+01
1:196681	1	196681	3.702497e-01	1.145443e+01
1:201395	1	201395	8.173767e-01	1.178519e+01
1:208804	1	208804	5.006516e-01	1.177472e+01
1:209079	1	209079	5.463051e-01	1.176241e+01
1:239698	1	239698	8.606422e-02	1.074563e+01
1:244584	1	244584	5.814939e-01	1.159208e+01
1:256109	1	256109	7.537836e-01	1.177646e+01
1:256200	1	256200	2.388969e-02	9.340088e+00
1:256628	1	256628	8.173767e-01	1.178519e+01
1:280201	1	280201	8.173767e-01	1.178519e+01
1:337400	1	337400	8.173767e-01	1.178519e+01
1:341431	1	341431	8.173767e-01	1.178519e+01
1:371081	1	371081	7.810041e-01	1.169565e+01
1:376665	1	376665	3.494593e-01	1.160963e+01
1:387550	1	387550	7.107533e-01	1.174902e+01
1:396222	1	396222	8.606422e-02	1.074563e+01
1:396372	1	396372	7.820478e-01	1.177066e+01
1:399654	1	399654	6.150898e-01	1.157472e+01
1:408035	1	408035	7.838504e-01	1.174370e+01
1:414873	1	414873	3.702497e-01	1.145443e+01
1:419645	1	419645	5.569144e-01	1.170727e+01
1:443607	1	443607	8.173767e-01	1.178519e+01
1:453305	1	453305	3.702497e-01	1.145443e+01
1:453627	1	453627	8.173767e-01	1.178519e+01
1:464483	1	464483	3.309001e-01	1.160040e+01
1:472309	1	472309	8.173767e-01	1.178519e+01
1:477943	1	477943	5.910749e-01	1.161911e+01
1:491797	1	491797	7.107533e-01	1.174902e+01
1:506104	1	506104	7.041314e-01	1.178133e+01
1:537325	1	537325	6.530928e-01	1.186942e+01
1:577552	1	577552	5.906222e-01	1.172625e+01
1:581874	1	581874	5.906222e-01	1.172625e+01
1:585247	1	585247	3.622398e-05	2.464570e+01
1:592468	1	592468	6.291669e-01	1.145852e+01
1:600738	1	600738	8.173767e-01	1.178519e+01
1:612892	1	612892	7.966982e-01	1.162116e+01
1:614864	1	614864	4.040518e-01	1.164219e+01
1:630337	1	630337	5.825051e-01	1.177335e+01
1:638536	1	638536	7.480942e-01	1.161608e+01
1:639330	1	639330	9.237296e-01	1.172579e+01
1:660962	1	660962	4.460316e-01	1.154309e+01
1:692090	1	692090	5.490622e-01	1.172233e+01
1:697492	1	697492	7.107533e-01	1.174902e+01
1:700773	1	700773	5.331000e-01	1.167350e+01
1:705513	1	705513	8.173767e-01	1.178519e+01
1:706080	1	706080	7.107533e-01	1.174902e+01
1:710934	1	710934	7.107533e-01	1.174902e+01
1:717122	1	717122	7.107533e-01	1.174902e+01
1:746634	1	746634	8.173767e-01	1.178519e+01
1:768414	1	768414	8.985980e-01	1.174995e+01
1:768589	1	768589	8.173767e-01	1.178519e+01
1:784657	1	784657	8.173767e-01	1.178519e+01
1:791040	1	791040	2.654656e-01	1.221367e+01
1:801647	1	801647	2.631226e-01	1.142955e+01
1:815482	1	815482	9.588880e-01	1.174344e+01
1:819229	1	819229	6.876036e-01	1.160896e+01
1:828419	1	828419	7.381930e-01	1.173829e+01
1:831293	1	831293	6.704788e-01	1.178029e+01
1:834609	1	834609	5.490622e-01	1.172233e+01
1:843746	1	843746	9.638753e-01	1.174195e+01
1:850448	1	850448	7.381930e-01	1.173829e+01
1:868357	1	868357	8.009660e-01	1.179885e+01
1:875779	1	875779	6.329655e-01	1.188487e+01
1:875801	1	875801	9.589835e-01	1.174269e+01
1:875821	1	875821	7.381930e-01	1.173829e+01
1:892266	1	892266	4.053783e-01	1.144495e+01
1:897282	1	897282	3.702497e-01	1.145443e+01
1:901672	1	901672	7.381930e-01	1.173829e+01
1:926954	1	926954	9.873403e-02	1.102973e+01
1:927886	1	927886	8.276845e-01	1.173309e+01
1:954429	1	954429	7.631055e-01	1.179307e+01
1:959113	1	959113	8.173767e-01	1.178519e+01
1:978683	1	978683	8.872884e-01	1.174264e+01
1:979443	1	979443	8.396936e-01	1.171198e+01
1:991246	1	991246	7.080662e-01	1.166737e+01
1:1003113	1	1003113	3.702497e-01	1.145443e+01
1:1005686	1	1005686	7.080662e-01	1.166737e+01
1:1015352	1	1015352	5.995682e-01	1.172735e+01
1:1016334	1	1016334	5.331000e-01	1.167350e+01
1:1019184	1	1019184	8.328493e-01	1.168274e+01
1:1048160	1	1048160	3.702497e-01	1.145443e+01
1:1051938	1	1051938	6.355739e-01	1.169838e+01
1:1052730	1	1052730	8.396936e-01	1.171198e+01
1:1052905	1	1052905	8.328493e-01	1.168274e+01
1:1056706	1	1056706	3.702497e-01	1.145443e+01
1:1063963	1	1063963	7.332936e-01	1.177799e+01
1:1083014	1	1083014	7.492451e-01	1.176269e+01
1:1090987	1	1090987	8.396936e-01	1.171198e+01
1:1095234	1	1095234	6.636634e-01	1.153692e+01
1:1096053	1	1096053	8.328493e-01	1.168274e+01
1:1097467	1	1097467	3.702497e-01	1.145443e+01
1:1105664	1	1105664	7.492451e-01	1.176269e+01
1:1110950	1	1110950	8.396936e-01	1.171198e+01
1:1120171	1	1120171	8.173767e-01	1.178519e+01
1:1128410	1	1128410	8.396936e-01	1.171198e+01
1:1149464	1	1149464	8.328493e-01	1.168274e+01
1:1150636	1	1150636	6.431306e-01	1.168741e+01
1:1158201	1	1158201	1.875349e-02	9.264712e+00
1:1159081	1	1159081	7.816257e-01	1.176174e+01
1:1168096	1	1168096	9.116213e-01	1.174641e+01
1:1170196	1	1170196	5.738925e-01	1.187510e+01
1:1176386	1	1176386	8.784579e-01	1.176568e+01
1:1178252	1	1178252	7.338781e-01	1.174240e+01
1:1186604	1	1186604	8.173767e-01	1.178519e+01
1:1198186	1	1198186	5.954026e-01	1.175416e+01
1:1203504	1	1203504	7.080662e-01	1.166737e+01
1:1205070	1	1205070	8.396936e-01	1.171198e+01
1:1224888	1	1224888	7.038275e-01	1.173395e+01
1:1238750	1	1238750	7.080662e-01	1.166737e+01
1:1259582	1	1259582	3.811697e-01	1.146049e+01
1:1259586	1	1259586	3.702497e-01	1.145443e+01
1:1277388	1	1277388	8.173767e-01	1.178519e+01
1:1315200	1	1315200	3.587930e-01	1.181937e+01
1:1370281	1	1370281	2.355665e-01	1.134773e+01
1:1383434	1	1383434	5.839549e-01	1.163161e+01
1:1389380	1	1389380	8.738569e-01	1.176994e+01
1:1406199	1	1406199	5.322223e-01	1.169959e+01
1:1410376	1	1410376	6.782908e-01	1.183216e+01
1:1414042	1	1414042	2.355665e-01	1.134773e+01
1:1425561	1	1425561	8.198472e-01	1.177359e+01
1:1437985	1	1437985	6.519523e-01	1.170059e+01
1:1439131	1	1439131	9.266380e-01	1.175884e+01
1:1485850	1	1485850	2.442534e-01	1.150184e+01
1:1512531	1	1512531	5.322223e-01	1.169959e+01
1:1528930	1	1528930	6.519523e-01	1.170059e+01
1:1529429	1	1529429	7.880909e-01	1.179132e+01
1:1532908	1	1532908	5.331000e-01	1.167350e+01
1:1546032	1	1546032	9.889761e-01	1.174141e+01
1:1547524	1	1547524	5.839549e-01	1.163161e+01
1:1551612	1	1551612	5.322223e-01	1.169959e+01
1:1556855	1	1556855	5.839549e-01	1.163161e+01
1:1566911	1	1566911	5.322223e-01	1.169959e+01
1:1570193	1	1570193	8.173767e-01	1.178519e+01
1:1575359	1	1575359	6.150093e-01	1.165819e+01
1:1580698	1	1580698	7.492451e-01	1.176269e+01
1:1583803	1	1583803	6.321374e-01	1.169117e+01
1:1607814	1	1607814	2.355665e-01	1.134773e+01
1:1610192	1	1610192	5.322223e-01	1.169959e+01
1:1627053	1	1627053	8.198472e-01	1.177359e+01
1:1647989	1	1647989	7.492451e-01	1.176269e+01
1:1666377	1	1666377	5.839549e-01	1.163161e+01
1:1673312	1	1673312	8.173767e-01	1.178519e+01
1:1688811	1	1688811	5.839549e-01	1.163161e+01
1:1696464	1	1696464	8.599407e-01	1.190226e+01
1:1702443	1	1702443	8.198472e-01	1.177359e+01
1:1703828	1	1703828	9.594385e-01	1.173406e+01
1:1709930	1	1709930	9.594385e-01	1.173406e+01
1:1714502	1	1714502	5.939760e-01	1.167114e+01
1:1717375	1	1717375	7.785545e-01	1.177471e+01
1:1739336	1	1739336	8.173767e-01	1.178519e+01
1:1745311	1	1745311	5.490622e-01	1.172233e+01
1:1749927	1	1749927	4.775086e-01	1.195419e+01
1:1754824	1	1754824	7.515539e-01	1.178446e+01
1:1758782	1	1758782	2.355665e-01	1.134773e+01
1:1779119	1	1779119	5.490622e-01	1.172233e+01
1:1779692	1	1779692	7.075703e-01	1.178825e+01
1:1779694	1	1779694	7.838023e-01	1.179668e+01
1:1780688	1	1780688	7.785545e-01	1.177471e+01
1:1781060	1	1781060	9.116213e-01	1.174641e+01
1:1782935	1	1782935	9.915634e-01	1.174158e+01
1:1790308	1	1790308	7.492451e-01	1.176269e+01
1:1792745	1	1792745	2.355665e-01	1.134773e+01
1:1802448	1	1802448	7.080662e-01	1.166737e+01
1:1830729	1	1830729	5.331000e-01	1.167350e+01
1:1835792	1	1835792	5.939760e-01	1.167114e+01
1:1864530	1	1864530	8.173767e-01	1.178519e+01
1:1873709	1	1873709	6.316363e-01	1.166207e+01
1:1876866	1	1876866	4.479585e-01	1.158482e+01
1:1877646	1	1877646	9.670912e-01	1.174820e+01
1:1887999	1	1887999	4.739906e-01	1.163065e+01
1:1889480	1	1889480	8.173767e-01	1.178519e+01
1:1890788	1	1890788	2.355665e-01	1.134773e+01
1:1891152	1	1891152	6.697072e-01	1.171893e+01
1:1931365	1	1931365	6.697072e-01	1.171893e+01
1:1938036	1	1938036	8.240504e-01	1.175318e+01
1:1943259	1	1943259	8.173767e-01	1.178519e+01
1:1962705	1	1962705	7.836242e-01	1.179501e+01
1:1973965	1	1973965	6.316363e-01	1.166207e+01
1:1985723	1	1985723	8.173767e-01	1.178519e+01
1:2009723	1	2009723	5.266357e-01	1.170984e+01
1:2020908	1	2020908	5.490622e-01	1.172233e+01
1:2039801	1	2039801	7.421611e-01	1.178358e+01
1:2043297	1	2043297	7.858838e-01	1.175632e+01
1:2053419	1	2053419	2.355665e-01	1.134773e+01
1:2086912	1	2086912	4.229727e-01	1.165772e+01
1:2087322	1	2087322	7.141232e-01	1.165791e+01
1:2091740	1	2091740	7.080662e-01	1.166737e+01
1:2092788	1	2092788	8.173767e-01	1.178519e+01
1:2101565	1	2101565	5.887950e-01	1.168577e+01
1:2111163	1	2111163	5.715058e-01	1.139698e+01
1:2115588	1	2115588	5.801254e-01	1.170902e+01
1:2118976	1	2118976	7.307033e-01	1.167161e+01
1:2129867	1	2129867	6.936471e-01	1.174730e+01
1:2149914	1	2149914	6.566941e-01	1.176226e+01
1:2152559	1	2152559	5.904645e-01	1.180183e+01
1:2152560	1	2152560	5.904645e-01	1.180183e+01
1:2152561	1	2152561	5.904645e-01	1.180183e+01
1:2152562	1	2152562	5.904645e-01	1.180183e+01
1:2170509	1	2170509	7.614229e-01	1.166872e+01
1:2177059	1	2177059	3.063017e-01	1.187804e+01
1:2177126	1	2177126	8.830244e-01	1.172193e+01
1:2194433	1	2194433	7.496074e-01	1.175007e+01
1:2196604	1	2196604	7.496074e-01	1.175007e+01
1:2198009	1	2198009	8.303419e-01	1.168025e+01
1:2214318	1	2214318	1.293226e-01	1.135117e+01
1:2241360	1	2241360	1.825033e-01	1.106939e+01
1:2246913	1	2246913	7.121056e-01	1.167966e+01
1:2255626	1	2255626	1.825033e-01	1.106939e+01
1:2256147	1	2256147	1.338847e-01	1.122831e+01
1:2285527	1	2285527	1.825033e-01	1.106939e+01
1:2301372	1	2301372	6.042632e-01	1.177641e+01
1:2340441	1	2340441	8.197556e-01	1.175007e+01
1:2342282	1	2342282	6.936471e-01	1.174730e+01
1:2347374	1	2347374	7.307033e-01	1.167161e+01
1:2357938	1	2357938	7.496074e-01	1.175007e+01
1:2367345	1	2367345	1.825033e-01	1.106939e+01
1:2369672	1	2369672	6.316363e-01	1.166207e+01
1:2375144	1	2375144	2.131808e-01	1.136360e+01
1:2379185	1	2379185	6.936471e-01	1.174730e+01
1:2381571	1	2381571	8.303419e-01	1.168025e+01
1:2381572	1	2381572	8.303419e-01	1.168025e+01
1:2400845	1	2400845	6.355739e-01	1.169838e+01
1:2407730	1	2407730	7.080662e-01	1.166737e+01
1:2415869	1	2415869	5.552210e-01	1.171343e+01
1:2416647	1	2416647	1.825033e-01	1.106939e+01
1:2422991	1	2422991	6.316363e-01	1.166207e+01
1:2430359	1	2430359	6.355739e-01	1.169838e+01
1:2432710	1	2432710	6.692539e-01	1.165027e+01
1:2446214	1	2446214	5.939760e-01	1.167114e+01
1:2482153	1	2482153	6.355739e-01	1.169838e+01
1:2483302	1	2483302	2.355665e-01	1.134773e+01
1:2491739	1	2491739	7.307033e-01	1.167161e+01
1:2499938	1	2499938	2.578304e-01	1.105471e+01
1:2503527	1	2503527	1.825033e-01	1.106939e+01
1:2505281	1	2505281	1.825033e-01	1.106939e+01
1:2513893	1	2513893	8.126057e-01	1.169604e+01
1:2515906	1	2515906	1.825033e-01	1.106939e+01
1:2524270	1	2524270	1.825033e-01	1.106939e+01
1:2540991	1	2540991	6.433827e-01	1.178057e+01
1:2563240	1	2563240	7.496074e-01	1.175007e+01
1:2563914	1	2563914	5.939760e-01	1.167114e+01
1:2568947	1	2568947	6.566941e-01	1.176226e+01
1:2582551	1	2582551	9.667926e-01	1.174188e+01
1:2622657	1	2622657	1.752146e-01	1.157395e+01
1:2627070	1	2627070	7.496074e-01	1.175007e+01
1:2672863	1	2672863	8.173767e-01	1.178519e+01
1:2688274	1	2688274	5.839549e-01	1.163161e+01
1:2692298	1	2692298	1.760867e-01	1.110138e+01
1:2708552	1	2708552	5.839549e-01	1.163161e+01
1:2715386	1	2715386	6.566941e-01	1.176226e+01
1:2736129	1	2736129	1.602560e-01	1.127786e+01
1:2737707	1	2737707	5.471420e-01	1.168249e+01
1:2743164	1	2743164	5.839549e-01	1.163161e+01
1:2744397	1	2744397	8.258848e-01	1.171110e+01
1:2750973	1	2750973	8.011452e-01	1.164826e+01
1:2758306	1	2758306	8.985980e-01	1.174995e+01
1:2767396	1	2767396	5.240268e-01	1.176680e+01
1:2771528	1	2771528	3.722816e-01	1.144534e+01
1:2772841	1	2772841	8.258848e-01	1.171110e+01
1:2805318	1	2805318	8.173767e-01	1.178519e+01
1:2822060	1	2822060	6.566941e-01	1.176226e+01
1:2826605	1	2826605	5.072711e-01	1.143017e+01
1:2828244	1	2828244	8.705263e-02	1.095109e+01
1:2838761	1	2838761	6.566941e-01	1.176226e+01
1:2857196	1	2857196	3.722816e-01	1.144534e+01
1:2859562	1	2859562	7.354457e-01	1.175215e+01
1:2868478	1	2868478	4.200040e-01	1.163864e+01
1:2882860	1	2882860	1.293226e-01	1.135117e+01
1:2883681	1	2883681	6.566941e-01	1.176226e+01
1:2897373	1	2897373	9.077235e-01	1.178398e+01
1:2909537	1	2909537	3.732397e-01	1.148496e+01
1:2927966	1	2927966	5.072711e-01	1.143017e+01
1:2943815	1	2943815	6.859246e-01	1.168913e+01
1:2945097	1	2945097	4.200040e-01	1.163864e+01
1:2951394	1	2951394	8.078597e-01	1.169356e+01
1:2954064	1	2954064	5.855267e-01	1.172340e+01
1:2975515	1	2975515	8.705263e-02	1.095109e+01
1:2983602	1	2983602	6.566941e-01	1.176226e+01
1:2984716	1	2984716	5.680684e-01	1.179834e+01
1:2987193	1	2987193	1.825033e-01	1.106939e+01
1:2988549	1	2988549	8.705263e-02	1.095109e+01
1:2997857	1	2997857	6.417280e-01	1.174083e+01
1:3015101	1	3015101	9.205086e-01	1.170856e+01
1:3040935	1	3040935	1.950429e-01	1.173583e+01
1:3057653	1	3057653	7.254014e-02	1.112876e+01
1:3066003	1	3066003	3.722816e-01	1.144534e+01
1:3066857	1	3066857	7.974494e-01	1.156937e+01
1:3075523	1	3075523	3.722816e-01	1.144534e+01
1:3080120	1	3080120	3.665715e-01	1.153398e+01
1:3100088	1	3100088	4.315947e-01	1.143428e+01
1:3136942	1	3136942	5.476560e-01	1.175224e+01
1:3151519	1	3151519	3.665558e-01	1.144275e+01
1:3155498	1	3155498	5.476560e-01	1.175224e+01
1:3156712	1	3156712	2.449989e-01	1.127721e+01
1:3166632	1	3166632	5.426994e-01	1.162302e+01
1:3167636	1	3167636	7.253127e-01	1.163837e+01
1:3175546	1	3175546	4.315947e-01	1.143428e+01
1:3179913	1	3179913	5.820958e-01	1.173595e+01
1:3184134	1	3184134	8.366080e-01	1.174557e+01
1:3185045	1	3185045	8.366080e-01	1.174557e+01
1:3191481	1	3191481	2.449989e-01	1.127721e+01
1:3192231	1	3192231	5.476560e-01	1.175224e+01
1:3198897	1	3198897	3.835936e-01	1.142434e+01
1:3231614	1	3231614	5.476560e-01	1.175224e+01
1:3239353	1	3239353	1.787091e-02	9.334353e+00
1:3241499	1	3241499	4.315947e-01	1.143428e+01
1:3251673	1	3251673	8.366080e-01	1.174557e+01
1:3269450	1	3269450	2.449989e-01	1.127721e+01
1:3290306	1	3290306	4.969394e-01	1.146341e+01
1:3305426	1	3305426	3.076518e-01	1.209100e+01
1:3308361	1	3308361	3.702497e-01	1.145443e+01
1:3312369	1	3312369	5.279806e-01	1.168044e+01
1:3316416	1	3316416	1.576480e-01	1.116057e+01
1:3353072	1	3353072	2.449989e-01	1.127721e+01
1:3359510	1	3359510	4.315947e-01	1.143428e+01
1:3367880	1	3367880	1.825033e-01	1.106939e+01
1:3398529	1	3398529	6.231317e-01	1.158632e+01
1:3401607	1	3401607	8.108126e-01	1.173456e+01
1:3401897	1	3401897	8.366080e-01	1.174557e+01
1:3402032	1	3402032	8.108126e-01	1.173456e+01
1:3408463	1	3408463	4.896807e-01	1.172977e+01
1:3409400	1	3409400	1.825033e-01	1.106939e+01
1:3425991	1	3425991	1.825033e-01	1.106939e+01
1:3431130	1	3431130	2.403554e-01	1.130979e+01
1:3442677	1	3442677	1.825033e-01	1.106939e+01
1:3443052	1	3443052	5.292473e-01	1.176442e+01
1:3451074	1	3451074	2.449989e-01	1.127721e+01
1:3453111	1	3453111	1.825033e-01	1.106939e+01
1:3469735	1	3469735	6.537120e-01	1.205076e+01
1:3509820	1	3509820	1.825033e-01	1.106939e+01
1:3510615	1	3510615	1.825033e-01	1.106939e+01
1:3515300	1	3515300	4.315947e-01	1.143428e+01
1:3532665	1	3532665	1.825033e-01	1.106939e+01
1:3538742	1	3538742	5.689087e-01	1.138585e+01
1:3547916	1	3547916	8.538506e-01	1.164031e+01
1:3569059	1	3569059	4.567223e-02	1.060109e+01
1:3582920	1	3582920	4.567223e-02	1.060109e+01
1:3600335	1	3600335	4.423844e-02	1.065578e+01
1:3628244	1	3628244	5.173796e-01	1.172361e+01
1:3647750	1	3647750	7.784647e-01	1.177234e+01
1:3656759	1	3656759	4.315947e-01	1.143428e+01
1:3662839	1	3662839	9.140662e-01	1.174975e+01
1:3672112	1	3672112	1.825033e-01	1.106939e+01
1:3677820	1	3677820	7.952973e-01	1.177283e+01
1:3686617	1	3686617	4.606879e-01	1.147257e+01
1:3700003	1	3700003	7.555251e-01	1.168615e+01
1:3700935	1	3700935	2.449989e-01	1.127721e+01
1:3711086	1	3711086	8.281376e-01	1.175893e+01
1:3712979	1	3712979	7.623834e-02	1.115350e+01
1:3714273	1	3714273	1.825033e-01	1.106939e+01
1:3734571	1	3734571	1.825033e-01	1.106939e+01
1:3743241	1	3743241	8.229197e-01	1.176051e+01
1:3744970	1	3744970	7.952973e-01	1.177283e+01
1:3749552	1	3749552	2.844164e-01	1.127453e+01
1:3750731	1	3750731	6.825717e-01	1.159807e+01
1:3804094	1	3804094	1.825033e-01	1.106939e+01
1:3819678	1	3819678	5.382667e-01	1.168228e+01
1:3855710	1	3855710	2.680246e-01	1.124530e+01
1:3860855	1	3860855	1.825033e-01	1.106939e+01
1:3865579	1	3865579	1.825033e-01	1.106939e+01
1:3872081	1	3872081	2.449989e-01	1.127721e+01
1:3884207	1	3884207	1.825033e-01	1.106939e+01
1:3885901	1	3885901	1.703194e-01	1.084268e+01
1:3887499	1	3887499	6.145792e-01	1.154486e+01
1:3892101	1	3892101	7.952973e-01	1.177283e+01
1:3900015	1	3900015	3.334142e-01	1.143352e+01
1:3937767	1	3937767	2.436560e-01	1.129552e+01
1:3938212	1	3938212	7.701383e-01	1.170936e+01
1:3943386	1	3943386	5.333814e-01	1.174375e+01
1:3943723	1	3943723	6.145792e-01	1.154486e+01
1:3968263	1	3968263	6.145792e-01	1.154486e+01
1:3969359	1	3969359	7.623834e-02	1.115350e+01
1:3975705	1	3975705	1.825033e-01	1.106939e+01
1:3979205	1	3979205	7.652734e-01	1.178074e+01
1:3981133	1	3981133	8.229197e-01	1.176051e+01
1:3987443	1	3987443	8.229197e-01	1.176051e+01
1:4021622	1	4021622	3.657967e-01	1.106294e+01
1:4024010	1	4024010	6.995280e-01	1.192328e+01
1:4038657	1	4038657	2.449989e-01	1.127721e+01
1:4047888	1	4047888	7.701383e-01	1.170936e+01
1:4061715	1	4061715	4.194748e-01	1.208152e+01
1:4065456	1	4065456	7.701383e-01	1.170936e+01
1:4069697	1	4069697	7.293442e-01	1.170486e+01
1:4081216	1	4081216	4.905493e-01	1.153797e+01
1:4089571	1	4089571	5.537090e-01	1.173108e+01
1:4091413	1	4091413	1.825033e-01	1.106939e+01
1:4094872	1	4094872	5.537090e-01	1.173108e+01
1:4095766	1	4095766	7.701383e-01	1.170936e+01
1:4105098	1	4105098	5.537090e-01	1.173108e+01
1:4113448	1	4113448	5.851519e-01	1.171978e+01
1:4115211	1	4115211	2.449989e-01	1.127721e+01
1:4115628	1	4115628	8.838634e-02	1.119614e+01
1:4126403	1	4126403	8.726186e-01	1.169321e+01
1:4128769	1	4128769	3.242023e-01	1.160904e+01
1:4136599	1	4136599	1.888240e-01	1.166729e+01
1:4143306	1	4143306	8.485166e-01	1.168777e+01
1:4154427	1	4154427	6.219901e-01	1.169300e+01
1:4164638	1	4164638	7.910364e-01	1.172819e+01
1:4172844	1	4172844	8.485166e-01	1.168777e+01
1:4188110	1	4188110	3.312150e-01	1.158745e+01
1:4206104	1	4206104	8.485166e-01	1.168777e+01
1:4238608	1	4238608	1.825033e-01	1.106939e+01
1:4266418	1	4266418	5.334893e-01	1.149507e+01
1:4289400	1	4289400	6.266593e-01	1.157491e+01
1:4306418	1	4306418	3.891352e-01	1.141276e+01
1:4317355	1	4317355	7.832104e-01	1.171709e+01
1:4375358	1	4375358	9.383487e-01	1.170349e+01
1:4375977	1	4375977	8.101952e-02	1.063294e+01
1:4380276	1	4380276	3.852479e-01	1.167433e+01
1:4394084	1	4394084	7.136367e-01	1.176308e+01
1:4416899	1	4416899	6.795384e-01	1.173956e+01
1:4456025	1	4456025	4.240099e-01	1.156638e+01
1:4458512	1	4458512	7.624482e-01	1.174418e+01
1:4460233	1	4460233	5.331000e-01	1.167350e+01
1:4460938	1	4460938	3.045722e-01	1.136604e+01
1:4471270	1	4471270	3.223650e-01	1.132834e+01
1:4471330	1	4471330	7.366223e-01	1.163738e+01
1:4472671	1	4472671	4.240099e-01	1.156638e+01
1:4493378	1	4493378	6.795384e-01	1.173956e+01
1:4494497	1	4494497	3.852479e-01	1.167433e+01
1:4501551	1	4501551	5.346859e-01	1.183640e+01
1:4502840	1	4502840	1.486831e-01	1.095472e+01
1:4506040	1	4506040	3.852479e-01	1.167433e+01
1:4507799	1	4507799	7.136367e-01	1.176308e+01
1:4511948	1	4511948	6.115909e-01	1.145048e+01
1:4516471	1	4516471	9.602202e-01	1.171584e+01
1:4520800	1	4520800	6.795384e-01	1.173956e+01
1:4525808	1	4525808	2.061696e-01	1.122457e+01
1:4530544	1	4530544	1.173550e-01	1.104778e+01
1:4536593	1	4536593	6.772907e-01	1.172037e+01
1:4554976	1	4554976	2.061696e-01	1.122457e+01
1:4561150	1	4561150	7.630226e-01	1.160643e+01
1:4569493	1	4569493	1.173550e-01	1.104778e+01
1:4583023	1	4583023	4.413772e-01	1.148968e+01
1:4583752	1	4583752	8.371538e-01	1.172608e+01
1:4589509	1	4589509	5.580899e-01	1.151334e+01
1:4595293	1	4595293	3.852479e-01	1.167433e+01
1:4598383	1	4598383	4.240099e-01	1.156638e+01
1:4599434	1	4599434	5.134176e-01	1.146427e+01
1:4605869	1	4605869	7.002164e-01	1.176988e+01
1:4607218	1	4607218	5.134176e-01	1.146427e+01
1:4618174	1	4618174	1.173550e-01	1.104778e+01
1:4644793	1	4644793	5.656533e-01	1.149104e+01
1:4650534	1	4650534	5.373701e-02	1.123806e+01
1:4659241	1	4659241	2.780765e-01	1.165674e+01
1:4668597	1	4668597	6.622267e-01	1.171590e+01
1:4673867	1	4673867	5.134176e-01	1.146427e+01
1:4679145	1	4679145	7.301653e-01	1.173673e+01
1:4689892	1	4689892	7.462484e-01	1.174439e+01
1:4696226	1	4696226	1.173550e-01	1.104778e+01
1:4704555	1	4704555	9.184419e-01	1.172126e+01
1:4705395	1	4705395	4.426867e-02	1.113750e+01
1:4709679	1	4709679	4.372764e-01	1.146471e+01
1:4724910	1	4724910	9.224702e-01	1.174550e+01
1:4725578	1	4725578	3.250567e-01	1.239585e+01
1:4729709	1	4729709	5.134176e-01	1.146427e+01
1:4730369	1	4730369	4.675110e-02	1.114230e+01
1:4738321	1	4738321	6.622267e-01	1.171590e+01
1:4744504	1	4744504	5.134176e-01	1.146427e+01
1:4757752	1	4757752	7.550004e-01	1.177431e+01
1:4758358	1	4758358	7.665185e-01	1.177102e+01
1:4758937	1	4758937	6.622267e-01	1.171590e+01
1:4761080	1	4761080	7.301653e-01	1.173673e+01
1:4770701	1	4770701	2.061696e-01	1.122457e+01
1:4810712	1	4810712	7.301653e-01	1.173673e+01
1:4813278	1	4813278	4.240099e-01	1.156638e+01
1:4817683	1	4817683	1.173550e-01	1.104778e+01
1:4838213	1	4838213	4.426867e-02	1.113750e+01
1:4848789	1	4848789	9.224702e-01	1.174550e+01
1:4851283	1	4851283	2.370872e-01	1.168242e+01
1:4896770	1	4896770	4.240099e-01	1.156638e+01
1:4910672	1	4910672	4.068115e-01	1.130830e+01
1:4918229	1	4918229	2.061696e-01	1.122457e+01
1:4918394	1	4918394	2.061696e-01	1.122457e+01
1:4924627	1	4924627	3.045722e-01	1.136604e+01
1:4926636	1	4926636	5.134176e-01	1.146427e+01
1:4929669	1	4929669	7.550004e-01	1.177431e+01
1:4937980	1	4937980	3.966857e-01	1.173290e+01
1:4938379	1	4938379	6.622267e-01	1.171590e+01
1:4940608	1	4940608	3.045722e-01	1.136604e+01
1:4944254	1	4944254	2.061696e-01	1.122457e+01
1:4944379	1	4944379	9.224702e-01	1.174550e+01
1:4957154	1	4957154	3.045722e-01	1.136604e+01
1:4967292	1	4967292	9.224702e-01	1.174550e+01
1:4969842	1	4969842	3.045722e-01	1.136604e+01
1:4990359	1	4990359	7.550004e-01	1.177431e+01
1:4993009	1	4993009	5.134176e-01	1.146427e+01
1:5000466	1	5000466	2.821947e-01	1.127308e+01
1:5005072	1	5005072	9.887169e-01	1.174290e+01
1:5007257	1	5007257	9.466166e-01	1.173603e+01
1:5010356	1	5010356	3.045722e-01	1.136604e+01
1:5014480	1	5014480	3.852479e-01	1.167433e+01
1:5015996	1	5015996	3.045722e-01	1.136604e+01
1:5017489	1	5017489	3.045722e-01	1.136604e+01
1:5022210	1	5022210	1.081408e-01	1.144388e+01
1:5033044	1	5033044	3.258873e-01	1.133791e+01
1:5035279	1	5035279	3.852479e-01	1.167433e+01
1:5046844	1	5046844	9.466166e-01	1.173603e+01
1:5066033	1	5066033	4.240099e-01	1.156638e+01
1:5068277	1	5068277	2.061696e-01	1.122457e+01
1:5071324	1	5071324	5.134176e-01	1.146427e+01
1:5076063	1	5076063	3.780546e-01	1.159686e+01
1:5085297	1	5085297	9.224702e-01	1.174550e+01
1:5085298	1	5085298	9.313644e-01	1.174699e+01
1:5092240	1	5092240	8.453948e-01	1.179290e+01
1:5097896	1	5097896	2.061696e-01	1.122457e+01
1:5102655	1	5102655	5.074577e-01	1.147747e+01
1:5116517	1	5116517	2.725239e-01	1.116251e+01
1:5119661	1	5119661	6.535788e-01	1.172453e+01
1:5123714	1	5123714	6.994496e-01	1.133789e+01
1:5141854	1	5141854	9.887169e-01	1.174290e+01
1:5148482	1	5148482	2.139281e-01	1.125805e+01
1:5153532	1	5153532	2.061696e-01	1.122457e+01
1:5161383	1	5161383	7.968962e-01	1.176977e+01
1:5161604	1	5161604	4.790462e-01	1.143013e+01
1:5167522	1	5167522	5.134176e-01	1.146427e+01
1:5183990	1	5183990	2.139281e-01	1.125805e+01
1:5186726	1	5186726	4.240099e-01	1.156638e+01
1:5197674	1	5197674	2.032943e-04	8.749976e+00
1:5206098	1	5206098	5.880409e-01	1.174803e+01
1:5211098	1	5211098	4.240099e-01	1.156638e+01
1:5218618	1	5218618	9.466166e-01	1.173603e+01
1:5228415	1	5228415	1.221979e-01	1.142999e+01
1:5239130	1	5239130	7.550004e-01	1.177431e+01
1:5252042	1	5252042	9.916053e-01	1.174046e+01
1:5254809	1	5254809	2.918956e-01	1.143068e+01
1:5268509	1	5268509	3.852479e-01	1.167433e+01
1:5268787	1	5268787	2.249425e-01	1.127385e+01
1:5272286	1	5272286	2.139281e-01	1.125805e+01
1:5293359	1	5293359	2.372740e-01	1.118674e+01
1:5297764	1	5297764	9.224702e-01	1.174550e+01
1:5305453	1	5305453	5.812507e-01	1.145726e+01
1:5309924	1	5309924	7.665185e-01	1.177102e+01
1:5310056	1	5310056	9.787160e-01	1.173723e+01
1:5314686	1	5314686	6.622267e-01	1.171590e+01
1:5317515	1	5317515	7.081128e-01	1.177946e+01
1:5318975	1	5318975	5.134176e-01	1.146427e+01
1:5323156	1	5323156	2.061696e-01	1.122457e+01
1:5337754	1	5337754	1.418490e-01	1.138272e+01
1:5351000	1	5351000	1.840182e-01	1.127289e+01
1:5366041	1	5366041	2.249425e-01	1.127385e+01
1:5383226	1	5383226	3.678205e-01	1.166951e+01
1:5384923	1	5384923	7.293694e-02	1.124657e+01
1:5394551	1	5394551	1.363574e-01	1.147967e+01
1:5397107	1	5397107	6.490561e-01	1.152881e+01
1:5397110	1	5397110	5.920158e-01	1.151568e+01
1:5397920	1	5397920	5.976793e-01	1.146021e+01
1:5405880	1	5405880	9.504579e-01	1.175965e+01
1:5409691	1	5409691	2.061696e-01	1.122457e+01
1:5411414	1	5411414	4.173345e-01	1.158297e+01
1:5427251	1	5427251	5.134176e-01	1.146427e+01
1:5441553	1	5441553	2.061696e-01	1.122457e+01
1:5469194	1	5469194	1.375096e-01	1.106099e+01
1:5470436	1	5470436	2.790113e-01	1.118722e+01
1:5472421	1	5472421	8.518293e-01	1.170101e+01
1:5474633	1	5474633	6.622267e-01	1.171590e+01
1:5515169	1	5515169	8.518293e-01	1.170101e+01
1:5515378	1	5515378	3.852479e-01	1.167433e+01
1:5517556	1	5517556	6.234734e-02	1.153025e+01
1:5525580	1	5525580	7.665185e-01	1.177102e+01
1:5537541	1	5537541	1.221979e-01	1.142999e+01
1:5539502	1	5539502	7.665185e-01	1.177102e+01
1:5539993	1	5539993	1.221979e-01	1.142999e+01
1:5546575	1	5546575	9.466166e-01	1.173603e+01
1:5550571	1	5550571	9.224702e-01	1.174550e+01
1:5560131	1	5560131	5.134176e-01	1.146427e+01
1:5568958	1	5568958	9.224702e-01	1.174550e+01
1:5569316	1	5569316	8.160824e-01	1.175155e+01
1:5584640	1	5584640	9.224702e-01	1.174550e+01
1:5585411	1	5585411	3.852479e-01	1.167433e+01
1:5587792	1	5587792	2.061696e-01	1.122457e+01
1:5606154	1	5606154	8.518293e-01	1.170101e+01
1:5609314	1	5609314	9.224702e-01	1.174550e+01
1:5619161	1	5619161	8.518293e-01	1.170101e+01
1:5619524	1	5619524	2.061696e-01	1.122457e+01
1:5629312	1	5629312	2.139281e-01	1.125805e+01
1:5646307	1	5646307	2.061696e-01	1.122457e+01
1:5664255	1	5664255	5.728782e-01	1.162309e+01
1:5666381	1	5666381	2.797918e-01	1.128924e+01
1:5666922	1	5666922	5.270623e-01	1.176303e+01
1:5669871	1	5669871	8.773611e-01	1.172714e+01
1:5671026	1	5671026	7.782684e-01	1.148219e+01
1:5682590	1	5682590	2.061696e-01	1.122457e+01
1:5683603	1	5683603	2.139281e-01	1.125805e+01
1:5691141	1	5691141	2.139281e-01	1.125805e+01
1:5691936	1	5691936	1.575107e-01	1.109834e+01
1:5694253	1	5694253	2.139281e-01	1.125805e+01
1:5695487	1	5695487	2.610153e-01	1.130377e+01
1:5695617	1	5695617	9.420711e-02	1.131598e+01
1:5704248	1	5704248	9.782745e-01	1.173989e+01
1:5715130	1	5715130	2.139281e-01	1.125805e+01
1:5718972	1	5718972	2.797918e-01	1.128924e+01
1:5720381	1	5720381	9.476227e-01	1.173683e+01
1:5728544	1	5728544	2.139281e-01	1.125805e+01
1:5730640	1	5730640	2.722125e-01	1.132451e+01
1:5730675	1	5730675	1.924711e-01	1.125085e+01
1:5767767	1	5767767	8.185223e-01	1.172262e+01
1:5769972	1	5769972	2.797918e-01	1.128924e+01
1:5773601	1	5773601	2.055511e-01	1.144949e+01
1:5783016	1	5783016	9.771617e-01	1.174816e+01
1:5799145	1	5799145	2.797918e-01	1.128924e+01
1:5822522	1	5822522	8.773611e-01	1.172714e+01
1:5823382	1	5823382	2.139281e-01	1.125805e+01
1:5823478	1	5823478	1.221979e-01	1.142999e+01
1:5826648	1	5826648	8.773611e-01	1.172714e+01
1:5857880	1	5857880	5.728782e-01	1.162309e+01
1:5863780	1	5863780	2.797918e-01	1.128924e+01
1:5863781	1	5863781	2.797918e-01	1.128924e+01
1:5865883	1	5865883	2.722125e-01	1.132451e+01
1:5878474	1	5878474	2.139281e-01	1.125805e+01
1:5885224	1	5885224	2.139281e-01	1.125805e+01
1:5913688	1	5913688	8.747120e-03	9.996485e+00
1:5922701	1	5922701	1.411199e-01	1.149781e+01
1:5934525	1	5934525	5.181301e-01	1.152860e+01
1:5981216	1	5981216	5.021183e-01	1.190667e+01
1:6000930	1	6000930	8.488715e-01	1.174951e+01
1:6017563	1	6017563	1.396055e-01	1.115799e+01
1:6017610	1	6017610	8.512143e-01	1.172363e+01
1:6023747	1	6023747	2.305831e-01	1.117330e+01
1:6025981	1	6025981	2.061696e-01	1.122457e+01
1:6057981	1	6057981	2.061696e-01	1.122457e+01
1:6061164	1	6061164	5.400905e-01	1.170975e+01
1:6075271	1	6075271	5.523011e-01	1.161849e+01
1:6082002	1	6082002	9.258546e-01	1.172432e+01
1:6094813	1	6094813	8.512143e-01	1.172363e+01
1:6095192	1	6095192	8.488715e-01	1.174951e+01
1:6099011	1	6099011	8.288253e-01	1.171886e+01
1:6109716	1	6109716	5.181301e-01	1.152860e+01
1:6150301	1	6150301	8.488715e-01	1.174951e+01
1:6175161	1	6175161	6.704019e-01	1.151994e+01
1:6206713	1	6206713	8.748579e-01	1.170966e+01
1:6207120	1	6207120	2.139281e-01	1.125805e+01
1:6216679	1	6216679	8.488715e-01	1.174951e+01
1:6220775	1	6220775	8.407092e-01	1.171474e+01
1:6227804	1	6227804	1.233958e-01	1.100022e+01
1:6236077	1	6236077	2.139281e-01	1.125805e+01
1:6253608	1	6253608	4.975846e-01	1.168540e+01
1:6256085	1	6256085	5.049203e-01	1.156786e+01
1:6259674	1	6259674	6.997401e-01	1.174819e+01
1:6265307	1	6265307	5.497260e-01	1.171239e+01
1:6287739	1	6287739	7.104937e-01	1.174674e+01
1:6293106	1	6293106	6.380040e-01	1.173259e+01
1:6311474	1	6311474	7.873856e-01	1.172802e+01
1:6314116	1	6314116	8.512143e-01	1.172363e+01
1:6320391	1	6320391	4.732559e-01	1.165563e+01
1:6323163	1	6323163	5.049203e-01	1.156786e+01
1:6331017	1	6331017	6.001034e-02	1.125935e+01
1:6396262	1	6396262	2.242525e-01	1.123706e+01
1:6397998	1	6397998	9.774648e-01	1.174420e+01
1:6407836	1	6407836	2.139281e-01	1.125805e+01
1:6418964	1	6418964	4.296553e-01	1.171084e+01
1:6431924	1	6431924	6.001034e-02	1.125935e+01
1:6442840	1	6442840	8.512143e-01	1.172363e+01
1:6444650	1	6444650	2.139281e-01	1.125805e+01
1:6455004	1	6455004	9.970713e-01	1.174182e+01
1:6467961	1	6467961	4.732559e-01	1.165563e+01
1:6489266	1	6489266	9.774648e-01	1.174420e+01
1:6505942	1	6505942	8.407092e-01	1.171474e+01
1:6523926	1	6523926	2.120228e-01	1.122811e+01
1:6530897	1	6530897	7.320483e-01	1.169656e+01
1:6536658	1	6536658	6.133196e-01	1.167139e+01
1:6549808	1	6549808	8.512143e-01	1.172363e+01
1:6551607	1	6551607	8.748579e-01	1.170966e+01
1:6554707	1	6554707	8.748579e-01	1.170966e+01
1:6554708	1	6554708	8.748579e-01	1.170966e+01
1:6561884	1	6561884	2.139281e-01	1.125805e+01
1:6588157	1	6588157	1.069166e-01	1.130407e+01
1:6610650	1	6610650	2.139281e-01	1.125805e+01
1:6614498	1	6614498	5.049203e-01	1.156786e+01
1:6630115	1	6630115	8.748579e-01	1.170966e+01
1:6653467	1	6653467	1.069166e-01	1.130407e+01
1:6653752	1	6653752	8.748579e-01	1.170966e+01
1:6656548	1	6656548	9.356943e-01	1.176861e+01
1:6660639	1	6660639	8.748579e-01	1.170966e+01
1:6661931	1	6661931	8.747106e-01	1.179300e+01
1:6675271	1	6675271	5.049203e-01	1.156786e+01
1:6683888	1	6683888	6.896191e-01	1.169889e+01
1:6693505	1	6693505	8.748579e-01	1.170966e+01
1:6755159	1	6755159	1.233958e-01	1.100022e+01
1:6756142	1	6756142	6.133196e-01	1.167139e+01
1:6758120	1	6758120	6.896191e-01	1.169889e+01
1:6766553	1	6766553	7.094936e-01	1.170260e+01
1:6779547	1	6779547	6.024515e-01	1.179815e+01
1:6779821	1	6779821	2.139281e-01	1.125805e+01
1:6792595	1	6792595	7.975382e-01	1.176421e+01
1:6792596	1	6792596	6.763932e-01	1.184517e+01
1:6801439	1	6801439	6.954385e-01	1.167592e+01
1:6802663	1	6802663	2.373241e-01	1.126174e+01
1:6804867	1	6804867	9.774648e-01	1.174420e+01
1:6812561	1	6812561	5.049203e-01	1.156786e+01
1:6819356	1	6819356	8.748579e-01	1.170966e+01
1:6828248	1	6828248	8.748579e-01	1.170966e+01
1:6833938	1	6833938	8.512143e-01	1.172363e+01
1:6883533	1	6883533	1.310674e-01	1.126700e+01
1:6884125	1	6884125	1.233958e-01	1.100022e+01
1:6886437	1	6886437	8.673305e-01	1.173060e+01
1:6887129	1	6887129	7.581120e-01	1.170531e+01
1:6905217	1	6905217	2.139281e-01	1.125805e+01
1:6905492	1	6905492	7.023955e-01	1.172056e+01
1:6930369	1	6930369	6.982160e-01	1.162313e+01
1:6942389	1	6942389	7.023955e-01	1.172056e+01
1:6973206	1	6973206	8.757847e-01	1.170778e+01
1:6973754	1	6973754	5.426994e-01	1.162302e+01
1:6985807	1	6985807	9.224886e-01	1.173536e+01
1:6999671	1	6999671	5.049203e-01	1.156786e+01
1:7000288	1	7000288	2.373241e-01	1.126174e+01
1:7002353	1	7002353	4.495962e-01	1.156376e+01
1:7007567	1	7007567	2.139281e-01	1.125805e+01
1:7011675	1	7011675	6.705548e-01	1.163730e+01
1:7013565	1	7013565	1.474900e-02	9.267464e+00
1:7021300	1	7021300	4.495962e-01	1.156376e+01
1:7026366	1	7026366	8.043809e-01	1.171521e+01
1:7053293	1	7053293	7.902282e-01	1.171898e+01
1:7064581	1	7064581	8.043809e-01	1.171521e+01
1:7083343	1	7083343	5.049203e-01	1.156786e+01
1:7093322	1	7093322	4.162452e-01	1.151909e+01
1:7093323	1	7093323	4.162452e-01	1.151909e+01
1:7115804	1	7115804	4.536488e-01	1.158045e+01
1:7131212	1	7131212	2.139281e-01	1.125805e+01
1:7132764	1	7132764	6.145803e-01	1.178412e+01
1:7136591	1	7136591	2.139281e-01	1.125805e+01
1:7138813	1	7138813	1.233958e-01	1.100022e+01
1:7147595	1	7147595	9.703620e-01	1.174049e+01
1:7152967	1	7152967	9.314134e-01	1.173369e+01
1:7154803	1	7154803	9.703620e-01	1.174049e+01
1:7155687	1	7155687	8.656500e-01	1.172507e+01
1:7167252	1	7167252	5.049203e-01	1.156786e+01
1:7172598	1	7172598	7.748405e-01	1.173415e+01
1:7176427	1	7176427	5.049203e-01	1.156786e+01
1:7198291	1	7198291	8.043809e-01	1.171521e+01
1:7207866	1	7207866	3.443000e-01	1.136910e+01
1:7214110	1	7214110	7.748405e-01	1.173415e+01
1:7219469	1	7219469	3.443000e-01	1.136910e+01
1:7228355	1	7228355	2.122934e-01	1.125373e+01
1:7235936	1	7235936	7.748405e-01	1.173415e+01
1:7242176	1	7242176	5.049203e-01	1.156786e+01
1:7242833	1	7242833	9.224886e-01	1.173536e+01
1:7244183	1	7244183	5.049203e-01	1.156786e+01
1:7249110	1	7249110	3.469923e-02	1.071416e+01
1:7251933	1	7251933	5.740024e-01	1.181198e+01
1:7261487	1	7261487	5.119906e-01	1.158192e+01
1:7262403	1	7262403	2.139281e-01	1.125805e+01
1:7263474	1	7263474	5.355363e-01	1.159772e+01
1:7267337	1	7267337	5.382667e-01	1.168228e+01
1:7268782	1	7268782	2.139281e-01	1.125805e+01
1:7269366	1	7269366	5.049203e-01	1.156786e+01
1:7281565	1	7281565	1.233958e-01	1.100022e+01
1:7284561	1	7284561	5.355363e-01	1.159772e+01
1:7287293	1	7287293	2.373241e-01	1.126174e+01
1:7290200	1	7290200	5.355363e-01	1.159772e+01
1:7298530	1	7298530	5.355363e-01	1.159772e+01
1:7300123	1	7300123	2.139281e-01	1.125805e+01
1:7322348	1	7322348	2.139281e-01	1.125805e+01
1:7329926	1	7329926	4.556901e-01	1.159097e+01
1:7352451	1	7352451	2.249425e-01	1.127385e+01
1:7412828	1	7412828	5.396681e-03	1.014528e+01
1:7413340	1	7413340	4.380044e-01	1.172160e+01
1:7432406	1	7432406	5.698319e-01	1.160742e+01
1:7442788	1	7442788	1.040903e-02	1.050238e+01
1:7461040	1	7461040	2.303714e-01	1.110111e+01
1:7499036	1	7499036	5.698319e-01	1.160742e+01
1:7502197	1	7502197	1.233958e-01	1.100022e+01
1:7507774	1	7507774	1.206520e-01	1.098672e+01
1:7517410	1	7517410	2.265314e-01	1.122708e+01
1:7522287	1	7522287	7.929763e-01	1.170366e+01
1:7522288	1	7522288	5.391543e-01	1.163497e+01
1:7522519	1	7522519	1.338628e-01	1.110775e+01
1:7526614	1	7526614	5.855047e-01	1.170903e+01
1:7529910	1	7529910	2.720627e-01	1.150342e+01
1:7558141	1	7558141	5.863762e-01	1.162533e+01
1:7572856	1	7572856	3.712316e-01	1.154422e+01
1:7597831	1	7597831	2.139281e-01	1.125805e+01
1:7608388	1	7608388	5.855047e-01	1.170903e+01
1:7620642	1	7620642	7.793351e-01	1.171311e+01
1:7641241	1	7641241	6.345537e-02	1.080295e+01
1:7651738	1	7651738	1.225100e-01	1.130553e+01
1:7673445	1	7673445	2.994050e-01	1.155883e+01
1:7680267	1	7680267	2.994050e-01	1.155883e+01
1:7682540	1	7682540	1.233958e-01	1.100022e+01
1:7684070	1	7684070	1.284113e-01	1.127061e+01
1:7694184	1	7694184	2.994050e-01	1.155883e+01
1:7697451	1	7697451	5.698319e-01	1.160742e+01
1:7698297	1	7698297	6.345537e-02	1.080295e+01
1:7709718	1	7709718	5.863762e-01	1.162533e+01
1:7712056	1	7712056	8.042238e-01	1.167075e+01
1:7712635	1	7712635	5.863762e-01	1.162533e+01
1:7748220	1	7748220	6.639961e-01	1.161441e+01
1:7758217	1	7758217	7.940580e-01	1.178297e+01
1:7766486	1	7766486	6.527994e-01	1.159844e+01
1:7767482	1	7767482	2.994050e-01	1.155883e+01
1:7809372	1	7809372	5.348963e-01	1.168290e+01
1:7814995	1	7814995	6.639961e-01	1.161441e+01
1:7816186	1	7816186	6.527994e-01	1.159844e+01
1:7831413	1	7831413	1.525498e-01	1.120254e+01
1:7848553	1	7848553	8.508746e-01	1.171902e+01
1:7879013	1	7879013	6.662614e-01	1.167259e+01
1:7926787	1	7926787	2.788295e-01	1.154912e+01
1:7936459	1	7936459	8.640845e-01	1.175686e+01
1:7956881	1	7956881	8.150534e-02	9.471283e+00
1:7957944	1	7957944	5.624086e-01	1.172771e+01
1:7978836	1	7978836	8.640845e-01	1.175686e+01
1:8004273	1	8004273	1.233958e-01	1.100022e+01
1:8020699	1	8020699	2.788295e-01	1.154912e+01
1:8026132	1	8026132	2.607777e-02	1.008900e+01
1:8026483	1	8026483	3.195424e-01	1.142575e+01
1:8029933	1	8029933	3.890462e-03	8.460239e+00
1:8031091	1	8031091	6.639961e-01	1.161441e+01
1:8043903	1	8043903	1.414089e-02	1.018355e+01
1:8057459	1	8057459	8.640845e-01	1.175686e+01
1:8065458	1	8065458	9.407571e-03	9.854818e+00
1:8069053	1	8069053	1.233958e-01	1.100022e+01
1:8107754	1	8107754	1.233958e-01	1.100022e+01
1:8125868	1	8125868	8.640845e-01	1.175686e+01
1:8128015	1	8128015	8.508746e-01	1.171902e+01
1:8134074	1	8134074	6.639961e-01	1.161441e+01
1:8142211	1	8142211	8.640845e-01	1.175686e+01
1:8147770	1	8147770	8.546577e-01	1.176104e+01
1:8150653	1	8150653	7.748405e-01	1.173415e+01
1:8155420	1	8155420	6.639961e-01	1.161441e+01
1:8156227	1	8156227	6.639961e-01	1.161441e+01
1:8163263	1	8163263	1.729745e-05	8.138648e+00
1:8188677	1	8188677	5.047419e-03	8.795485e+00
1:8223592	1	8223592	6.396335e-01	1.160585e+01
1:8231319	1	8231319	2.788295e-01	1.154912e+01
1:8253447	1	8253447	6.772924e-01	1.168143e+01
1:8259896	1	8259896	8.640845e-01	1.175686e+01
1:8301310	1	8301310	5.855047e-01	1.170903e+01
1:8343170	1	8343170	8.640845e-01	1.175686e+01
1:8348645	1	8348645	4.522395e-01	1.171148e+01
1:8386392	1	8386392	9.011166e-01	1.182275e+01
1:8390726	1	8390726	2.994050e-01	1.155883e+01
1:8392219	1	8392219	6.639961e-01	1.161441e+01
1:8394793	1	8394793	1.390955e-01	1.101181e+01
1:8438536	1	8438536	2.994050e-01	1.155883e+01
1:8473396	1	8473396	1.423766e-01	1.116464e+01
1:8473975	1	8473975	2.994050e-01	1.155883e+01
1:8501440	1	8501440	2.994050e-01	1.155883e+01
1:8514527	1	8514527	2.994050e-01	1.155883e+01
1:8549845	1	8549845	1.703415e-02	1.023292e+01
1:8552383	1	8552383	4.862692e-09	1.041994e+01
1:8552964	1	8552964	2.994050e-01	1.155883e+01
1:8565788	1	8565788	3.887988e-01	1.152065e+01
1:8577116	1	8577116	2.376821e-01	1.140617e+01
1:8614710	1	8614710	9.699790e-01	1.174172e+01
1:8622055	1	8622055	2.763317e-01	1.152660e+01
1:8635026	1	8635026	2.763317e-01	1.152660e+01
1:8639612	1	8639612	1.233958e-01	1.100022e+01
1:8648894	1	8648894	9.699790e-01	1.174172e+01
1:8662778	1	8662778	4.837885e-01	1.161937e+01
1:8668923	1	8668923	1.233958e-01	1.100022e+01
1:8685672	1	8685672	2.611507e-03	8.837198e+00
1:8685673	1	8685673	4.959870e-03	9.040956e+00
1:8687019	1	8687019	2.763317e-01	1.152660e+01
1:8700489	1	8700489	2.272112e-01	1.135747e+01
1:8710089	1	8710089	8.344090e-03	9.773866e+00
1:8735729	1	8735729	9.699790e-01	1.174172e+01
1:8740287	1	8740287	2.763317e-01	1.152660e+01
1:8741568	1	8741568	9.297937e-01	1.173644e+01
1:8744300	1	8744300	9.297937e-01	1.173644e+01
1:8758080	1	8758080	3.283890e-01	1.143177e+01
1:8850467	1	8850467	2.763317e-01	1.152660e+01
1:8867972	1	8867972	2.611507e-03	8.837198e+00
1:8869225	1	8869225	3.283890e-01	1.143177e+01
1:8875091	1	8875091	9.297937e-01	1.173644e+01
1:8882246	1	8882246	9.752217e-01	1.174114e+01
1:8883715	1	8883715	2.435910e-01	1.134149e+01
1:8906234	1	8906234	2.763317e-01	1.152660e+01
1:8908742	1	8908742	7.349146e-06	7.729205e+00
1:8934166	1	8934166	2.272112e-01	1.135747e+01
1:8948995	1	8948995	6.809589e-01	1.167983e+01
1:8955081	1	8955081	2.763317e-01	1.152660e+01
1:8971593	1	8971593	5.883879e-01	1.161557e+01
1:8972217	1	8972217	6.809589e-01	1.167983e+01
1:8989188	1	8989188	8.344090e-03	9.773866e+00
1:9001382	1	9001382	4.426497e-04	7.995352e+00
1:9018031	1	9018031	6.456628e-01	1.161665e+01
1:9031835	1	9031835	6.811840e-01	1.166001e+01
1:9071522	1	9071522	5.883879e-01	1.161557e+01
1:9093865	1	9093865	5.883879e-01	1.161557e+01
1:9116568	1	9116568	1.554664e-01	1.096830e+01
1:9119625	1	9119625	5.883879e-01	1.161557e+01
1:9126247	1	9126247	6.809589e-01	1.167983e+01
1:9127552	1	9127552	7.714374e-03	9.021236e+00
1:9132267	1	9132267	1.115984e-01	1.063719e+01
1:9141040	1	9141040	9.635771e-01	1.174188e+01
1:9146953	1	9146953	6.423899e-01	1.176219e+01
1:9174515	1	9174515	5.883879e-01	1.161557e+01
1:9178038	1	9178038	6.433016e-02	1.018750e+01
1:9182919	1	9182919	2.763317e-01	1.152660e+01
1:9183776	1	9183776	2.763317e-01	1.152660e+01
1:9187774	1	9187774	9.257371e-01	1.173543e+01
1:9235891	1	9235891	9.297937e-01	1.173644e+01
1:9238149	1	9238149	2.910581e-01	1.153775e+01
1:9244897	1	9244897	9.297937e-01	1.173644e+01
1:9264635	1	9264635	1.233958e-01	1.100022e+01
1:9281380	1	9281380	8.175149e-01	1.175614e+01
1:9281384	1	9281384	8.175149e-01	1.175614e+01
1:9282188	1	9282188	8.175149e-01	1.175614e+01
1:9287665	1	9287665	1.233958e-01	1.100022e+01
1:9295807	1	9295807	9.393287e-01	1.173540e+01
1:9300010	1	9300010	7.349146e-06	7.729205e+00
1:9303219	1	9303219	9.130669e-01	1.173776e+01
1:9322465	1	9322465	2.763317e-01	1.152660e+01
1:9331876	1	9331876	8.199374e-01	1.171515e+01
1:9341858	1	9341858	6.006204e-01	1.162227e+01
1:9344405	1	9344405	5.883879e-01	1.161557e+01
1:9358946	1	9358946	4.972205e-01	1.162636e+01
1:9378645	1	9378645	9.297937e-01	1.173644e+01
1:9389573	1	9389573	5.669751e-01	1.186115e+01
1:9407119	1	9407119	6.170819e-02	1.090742e+01
1:9412201	1	9412201	1.338693e-02	9.918044e+00
1:9420273	1	9420273	5.883879e-01	1.161557e+01
1:9422304	1	9422304	3.990959e-02	1.026152e+01
1:9474905	1	9474905	4.072463e-02	1.063206e+01
1:9482791	1	9482791	5.883879e-01	1.161557e+01
1:9490449	1	9490449	4.859871e-01	1.162336e+01
1:9507310	1	9507310	1.545885e-01	1.113306e+01
1:9518431	1	9518431	2.934163e-01	1.107998e+01
1:9526631	1	9526631	4.859871e-01	1.162336e+01
1:9530397	1	9530397	4.859871e-01	1.162336e+01
1:9557621	1	9557621	5.734816e-01	1.159990e+01
1:9565301	1	9565301	2.763317e-01	1.152660e+01
1:9569529	1	9569529	4.859871e-01	1.162336e+01
1:9579767	1	9579767	2.268897e-01	1.131294e+01
1:9582532	1	9582532	7.892878e-01	1.149263e+01
1:9590913	1	9590913	2.876477e-01	1.127437e+01
1:9606128	1	9606128	5.270402e-01	1.163357e+01
1:9606133	1	9606133	5.682139e-01	1.152787e+01
1:9611794	1	9611794	5.984941e-01	1.161093e+01
1:9629258	1	9629258	2.763317e-01	1.152660e+01
1:9630611	1	9630611	6.153462e-02	1.056275e+01
1:9637184	1	9637184	6.153462e-02	1.056275e+01
1:9643225	1	9643225	3.924527e-01	1.154901e+01
1:9649860	1	9649860	2.272112e-01	1.135747e+01
1:9651108	1	9651108	3.984517e-01	1.153427e+01
1:9660144	1	9660144	5.883879e-01	1.161557e+01
1:9707998	1	9707998	6.153462e-02	1.056275e+01
1:9712375	1	9712375	6.605287e-03	9.727268e+00
1:9716612	1	9716612	7.586618e-01	1.172539e+01
1:9720667	1	9720667	2.272112e-01	1.135747e+01
1:9724896	1	9724896	6.544991e-01	1.178174e+01
1:9728908	1	9728908	1.545885e-01	1.113306e+01
1:9743317	1	9743317	4.410213e-01	1.164281e+01
1:9758992	1	9758992	4.310234e-01	1.140976e+01
1:9778796	1	9778796	4.859871e-01	1.162336e+01
1:9800342	1	9800342	2.272112e-01	1.135747e+01
1:9811466	1	9811466	7.586618e-01	1.172539e+01
1:9818746	1	9818746	2.763317e-01	1.152660e+01
1:9854553	1	9854553	9.045449e-01	1.167766e+01
1:9854561	1	9854561	3.417949e-01	1.140495e+01
1:9861868	1	9861868	5.594834e-01	1.161745e+01
1:9871484	1	9871484	6.153462e-02	1.056275e+01
1:9880487	1	9880487	6.532380e-01	1.182103e+01
1:9889483	1	9889483	5.768283e-01	1.169799e+01
1:9900363	1	9900363	3.984517e-01	1.153427e+01
1:9924041	1	9924041	2.763317e-01	1.152660e+01
1:9924358	1	9924358	7.859588e-01	1.172284e+01
1:9925526	1	9925526	5.163860e-01	1.165328e+01
1:9939715	1	9939715	2.882603e-01	1.142415e+01
1:9944257	1	9944257	8.640845e-01	1.175686e+01
1:9955181	1	9955181	2.882603e-01	1.142415e+01
1:9956240	1	9956240	2.763317e-01	1.152660e+01
1:9956482	1	9956482	5.331000e-01	1.167350e+01
1:9964023	1	9964023	7.106612e-01	1.160896e+01
1:9964051	1	9964051	4.407168e-01	1.156564e+01
1:9965652	1	9965652	2.763317e-01	1.152660e+01
1:9973619	1	9973619	5.163860e-01	1.165328e+01
1:9977126	1	9977126	2.586096e-01	1.152525e+01
1:9988192	1	9988192	3.984517e-01	1.153427e+01
1:10009597	1	10009597	4.645925e-01	1.158036e+01
1:10017718	1	10017718	5.163860e-01	1.165328e+01
1:10025975	1	10025975	2.882603e-01	1.142415e+01
1:10061913	1	10061913	2.882603e-01	1.142415e+01
1:10090429	1	10090429	4.962526e-01	1.163929e+01
1:10090453	1	10090453	3.203752e-01	1.137688e+01
1:10095785	1	10095785	6.153462e-02	1.056275e+01
1:10151042	1	10151042	3.885495e-01	1.152907e+01
1:10159446	1	10159446	3.995312e-01	1.147612e+01
1:10159478	1	10159478	8.800157e-01	1.168107e+01
1:10164699	1	10164699	3.767353e-01	1.146003e+01
1:10169801	1	10169801	5.398678e-01	1.146210e+01
1:10175301	1	10175301	2.882603e-01	1.142415e+01
1:10176395	1	10176395	2.508668e-01	1.144422e+01
1:10179893	1	10179893	4.039533e-01	1.151629e+01
1:10181653	1	10181653	8.640845e-01	1.175686e+01
1:10181947	1	10181947	7.586618e-01	1.172539e+01
1:10183122	1	10183122	2.763317e-01	1.152660e+01
1:10191183	1	10191183	8.640845e-01	1.175686e+01
1:10199441	1	10199441	3.745549e-01	1.156053e+01
1:10199768	1	10199768	4.825274e-01	1.158570e+01
1:10221191	1	10221191	3.040939e-01	1.131930e+01
1:10222624	1	10222624	6.249458e-01	1.167736e+01
1:10238642	1	10238642	4.407168e-01	1.156564e+01
1:10240169	1	10240169	8.860770e-01	1.175177e+01
1:10243224	1	10243224	8.926374e-01	1.176187e+01
1:10257334	1	10257334	2.209026e-01	1.120951e+01
1:10264077	1	10264077	3.308087e-01	1.149306e+01
1:10312386	1	10312386	4.934473e-01	1.137656e+01
1:10318692	1	10318692	2.209026e-01	1.120951e+01
1:10320162	1	10320162	6.890705e-01	1.168705e+01
1:10325845	1	10325845	8.640845e-01	1.175686e+01
1:10331443	1	10331443	5.823621e-01	1.164981e+01
1:10342741	1	10342741	5.331000e-01	1.167350e+01
1:10357911	1	10357911	6.890705e-01	1.168705e+01
1:10360172	1	10360172	6.809589e-01	1.167983e+01
1:10364208	1	10364208	2.763317e-01	1.152660e+01
1:10371367	1	10371367	6.249458e-01	1.167736e+01
1:10371854	1	10371854	8.640845e-01	1.175686e+01
1:10394536	1	10394536	2.763317e-01	1.152660e+01
1:10405195	1	10405195	9.365330e-01	1.173606e+01
1:10421416	1	10421416	8.640845e-01	1.175686e+01
1:10474439	1	10474439	8.640845e-01	1.175686e+01
1:10490399	1	10490399	3.733313e-01	1.156599e+01
1:10496895	1	10496895	4.835205e-01	1.165002e+01
1:10508266	1	10508266	3.308087e-01	1.149306e+01
1:10524051	1	10524051	4.423210e-01	1.150649e+01
1:10543421	1	10543421	5.823621e-01	1.164981e+01
1:10544264	1	10544264	2.763317e-01	1.152660e+01
1:10547232	1	10547232	3.308087e-01	1.149306e+01
1:10560058	1	10560058	3.034152e-01	1.187842e+01
1:10561350	1	10561350	8.000500e-01	1.177609e+01
1:10566162	1	10566162	2.763317e-01	1.152660e+01
1:10572172	1	10572172	3.308087e-01	1.149306e+01
1:10581506	1	10581506	4.845703e-01	1.170598e+01
1:10601296	1	10601296	5.254226e-01	1.166936e+01
1:10603533	1	10603533	8.640845e-01	1.175686e+01
1:10633800	1	10633800	6.258225e-01	1.168807e+01
1:10636401	1	10636401	6.258225e-01	1.168807e+01
1:10638732	1	10638732	3.308087e-01	1.149306e+01
1:10650598	1	10650598	3.308087e-01	1.149306e+01
1:10660593	1	10660593	4.407168e-01	1.156564e+01
1:10662237	1	10662237	6.890705e-01	1.168705e+01
1:10673024	1	10673024	3.202101e-01	1.154069e+01
1:10677574	1	10677574	5.331000e-01	1.167350e+01
1:10679724	1	10679724	6.116307e-01	1.193216e+01
1:10683522	1	10683522	6.890705e-01	1.168705e+01
1:10707283	1	10707283	6.960208e-01	1.169501e+01
1:10712717	1	10712717	6.033138e-01	1.172245e+01
1:10721837	1	10721837	8.733498e-01	1.168546e+01
1:10738066	1	10738066	8.640845e-01	1.175686e+01
1:10741058	1	10741058	5.823621e-01	1.164981e+01
1:10743924	1	10743924	8.640845e-01	1.175686e+01
1:10758882	1	10758882	4.423210e-01	1.150649e+01
1:10764474	1	10764474	5.823621e-01	1.164981e+01
1:10799121	1	10799121	5.823621e-01	1.164981e+01
1:10799855	1	10799855	2.567521e-01	1.157382e+01
1:10800153	1	10800153	6.249458e-01	1.167736e+01
1:10800154	1	10800154	6.249458e-01	1.167736e+01
1:10812215	1	10812215	5.157335e-01	1.170286e+01
1:10820006	1	10820006	2.763317e-01	1.152660e+01
1:10824666	1	10824666	2.754842e-01	1.149637e+01
1:10828379	1	10828379	2.763317e-01	1.152660e+01
1:10841021	1	10841021	2.615446e-01	1.153225e+01
1:10866728	1	10866728	8.640845e-01	1.175686e+01
1:10895938	1	10895938	4.624951e-01	1.153625e+01
1:10902659	1	10902659	5.312376e-01	1.167263e+01
1:10905200	1	10905200	6.249458e-01	1.167736e+01
1:10914505	1	10914505	5.377438e-01	1.167705e+01
1:10914510	1	10914510	5.331000e-01	1.167350e+01
1:10919210	1	10919210	2.763317e-01	1.152660e+01
1:10932692	1	10932692	2.908766e-01	1.148647e+01
1:10939852	1	10939852	5.192656e-01	1.167490e+01
1:10959430	1	10959430	5.331000e-01	1.167350e+01
1:10965018	1	10965018	9.146024e-01	1.173580e+01
1:10974447	1	10974447	3.308087e-01	1.149306e+01
1:10999053	1	10999053	4.019747e-01	1.180609e+01
1:11007327	1	11007327	8.640845e-01	1.175686e+01
1:11018920	1	11018920	7.504261e-01	1.171503e+01
1:11035055	1	11035055	6.931596e-01	1.168400e+01
1:11058511	1	11058511	4.169818e-01	1.150790e+01
1:11122629	1	11122629	2.881425e-01	1.146304e+01
1:11134802	1	11134802	5.331000e-01	1.167350e+01
1:11144901	1	11144901	8.408384e-01	1.176200e+01
1:11158837	1	11158837	2.793187e-01	1.134657e+01
1:11165314	1	11165314	4.789703e-01	1.168670e+01
1:11169525	1	11169525	5.331000e-01	1.167350e+01
1:11187996	1	11187996	6.646732e-02	1.108392e+01
1:11195682	1	11195682	1.560763e-01	1.126636e+01
1:11198720	1	11198720	8.640845e-01	1.175686e+01
1:11201203	1	11201203	1.374867e-01	1.112682e+01
1:11215673	1	11215673	8.640845e-01	1.175686e+01
1:11232385	1	11232385	2.106504e-01	1.131662e+01
1:11232986	1	11232986	9.533985e-01	1.173273e+01
1:11235928	1	11235928	3.485362e-01	1.148208e+01
1:11246946	1	11246946	9.532753e-01	1.175129e+01
1:11277106	1	11277106	1.881883e-01	1.125415e+01
1:11293973	1	11293973	2.561524e-01	1.135435e+01
1:11307247	1	11307247	1.374867e-01	1.112682e+01
1:11312442	1	11312442	2.788735e-01	1.145057e+01
1:11312609	1	11312609	7.144686e-01	1.168297e+01
1:11369710	1	11369710	5.331000e-01	1.167350e+01
1:11378250	1	11378250	8.831639e-01	1.172506e+01
1:11389756	1	11389756	1.694359e-01	1.132731e+01
1:11395157	1	11395157	1.150660e-01	1.123576e+01
1:11401006	1	11401006	2.736036e-01	1.122318e+01
1:11401876	1	11401876	9.532753e-01	1.175129e+01
1:11402709	1	11402709	8.831639e-01	1.172506e+01
1:11415010	1	11415010	4.371593e-01	1.155473e+01
1:11419491	1	11419491	2.881425e-01	1.146304e+01
1:11419492	1	11419492	2.881425e-01	1.146304e+01
1:11419499	1	11419499	2.881425e-01	1.146304e+01
1:11419502	1	11419502	2.881425e-01	1.146304e+01
1:11419504	1	11419504	3.204373e-01	1.147728e+01
1:11419508	1	11419508	8.391321e-02	1.220643e+01
1:11419511	1	11419511	5.693425e-01	1.158061e+01
1:11419518	1	11419518	2.881425e-01	1.146304e+01
1:11419525	1	11419525	8.569446e-01	1.166098e+01
1:11446846	1	11446846	4.371593e-01	1.155473e+01
1:11450321	1	11450321	4.031021e-01	1.180475e+01
1:11450365	1	11450365	9.532753e-01	1.175129e+01
1:11455348	1	11455348	4.145471e-01	1.162721e+01
1:11457531	1	11457531	9.596810e-01	1.175111e+01
1:11463057	1	11463057	9.381199e-01	1.173706e+01
1:11469849	1	11469849	4.371593e-01	1.155473e+01
1:11471385	1	11471385	9.792648e-01	1.174466e+01
1:11477950	1	11477950	1.707299e-01	1.144382e+01
1:11508721	1	11508721	2.606524e-01	1.139086e+01
1:11543815	1	11543815	2.561524e-01	1.135435e+01
1:11611312	1	11611312	1.620534e-01	1.121507e+01
1:11611625	1	11611625	2.062622e-01	1.122606e+01
1:11613496	1	11613496	1.707299e-01	1.144382e+01
1:11616502	1	11616502	3.485362e-01	1.148208e+01
1:11616503	1	11616503	3.485362e-01	1.148208e+01
1:11620272	1	11620272	1.694359e-01	1.132731e+01
1:11629632	1	11629632	4.238958e-01	1.120139e+01
1:11630187	1	11630187	1.374867e-01	1.112682e+01
1:11632081	1	11632081	4.716770e-01	1.170839e+01
1:11635079	1	11635079	1.227420e-01	1.118150e+01
1:11641718	1	11641718	2.561524e-01	1.135435e+01
1:11651705	1	11651705	5.331000e-01	1.167350e+01
1:11661107	1	11661107	7.318077e-01	1.170265e+01
1:11662917	1	11662917	2.881425e-01	1.146304e+01
1:11665992	1	11665992	5.727924e-01	1.170802e+01
1:11674209	1	11674209	4.330443e-01	1.158884e+01
1:11678299	1	11678299	6.663736e-01	1.165790e+01
1:11679126	1	11679126	9.532753e-01	1.175129e+01
1:11682628	1	11682628	9.532753e-01	1.175129e+01
1:11696049	1	11696049	3.888319e-01	1.149868e+01
1:11727061	1	11727061	4.086793e-01	1.150200e+01
1:11734765	1	11734765	6.663736e-01	1.165790e+01
1:11737735	1	11737735	7.504209e-01	1.172496e+01
1:11747827	1	11747827	8.682302e-01	1.171600e+01
1:11750237	1	11750237	2.881425e-01	1.146304e+01
1:11752334	1	11752334	6.773965e-01	1.165150e+01
1:11765073	1	11765073	5.254226e-01	1.166936e+01
1:11771587	1	11771587	6.663736e-01	1.165790e+01
1:11782101	1	11782101	5.186510e-01	1.167665e+01
1:11788808	1	11788808	4.051231e-01	1.165620e+01
1:11795062	1	11795062	1.398960e-01	1.145407e+01
1:11799087	1	11799087	7.981265e-01	1.171576e+01
1:11799409	1	11799409	8.662726e-01	1.170299e+01
1:11828789	1	11828789	8.546577e-01	1.176104e+01
1:11856065	1	11856065	3.045722e-01	1.136604e+01
1:11857354	1	11857354	8.783212e-01	1.171912e+01
1:11863164	1	11863164	3.680257e-01	1.132957e+01
1:11863293	1	11863293	3.045722e-01	1.136604e+01
1:11863399	1	11863399	8.398167e-01	1.171604e+01
1:11865671	1	11865671	8.640845e-01	1.175686e+01
1:11880294	1	11880294	9.007515e-01	1.174757e+01
1:11884678	1	11884678	8.256584e-02	1.123003e+01
1:11910255	1	11910255	4.915777e-01	1.174702e+01
1:11910328	1	11910328	4.255833e-01	1.166870e+01
1:11910904	1	11910904	4.878122e-01	1.165154e+01
1:11914197	1	11914197	9.728071e-02	1.115609e+01
1:11916440	1	11916440	8.195939e-01	1.169886e+01
1:11921132	1	11921132	5.331000e-01	1.167350e+01
1:11927436	1	11927436	3.045722e-01	1.136604e+01
1:11940127	1	11940127	6.545742e-01	1.171439e+01
1:11944225	1	11944225	6.143436e-01	1.163154e+01
1:11944289	1	11944289	7.606292e-01	1.175312e+01
1:11980177	1	11980177	8.789697e-01	1.175051e+01
1:11992240	1	11992240	3.101957e-01	1.157067e+01
1:11997232	1	11997232	3.244433e-01	1.138719e+01
1:12013007	1	12013007	3.045722e-01	1.136604e+01
1:12032057	1	12032057	6.143436e-01	1.163154e+01
1:12032305	1	12032305	5.331000e-01	1.167350e+01
1:12037489	1	12037489	6.143436e-01	1.163154e+01
1:12054930	1	12054930	9.233724e-01	1.172835e+01
1:12056166	1	12056166	5.331000e-01	1.167350e+01
1:12082657	1	12082657	5.863482e-01	1.172671e+01
1:12083993	1	12083993	9.233724e-01	1.172835e+01
1:12085582	1	12085582	9.233724e-01	1.172835e+01
1:12113356	1	12113356	8.916627e-01	1.175577e+01
1:12114702	1	12114702	7.499509e-02	1.123501e+01
1:12114970	1	12114970	5.941839e-01	1.173725e+01
1:12127065	1	12127065	3.045722e-01	1.136604e+01
1:12128490	1	12128490	9.233724e-01	1.172835e+01
1:12145843	1	12145843	6.752248e-01	1.170835e+01
1:12147004	1	12147004	6.792938e-01	1.163897e+01
1:12147810	1	12147810	3.045722e-01	1.136604e+01
1:12184687	1	12184687	8.916627e-01	1.175577e+01
1:12211587	1	12211587	9.843312e-01	1.173784e+01
1:12224679	1	12224679	8.916627e-01	1.175577e+01
1:12225554	1	12225554	3.045722e-01	1.136604e+01
1:12226342	1	12226342	8.770577e-01	1.172518e+01
1:12226376	1	12226376	8.417329e-02	1.128621e+01
1:12230878	1	12230878	9.233724e-01	1.172835e+01
1:12231329	1	12231329	1.497336e-02	1.049747e+01
1:12231741	1	12231741	5.463924e-01	1.170902e+01
1:12248782	1	12248782	1.981182e-02	1.074139e+01
1:12261019	1	12261019	7.265903e-01	1.175021e+01
1:12262915	1	12262915	8.673616e-01	1.173361e+01
1:12263716	1	12263716	7.904323e-01	1.184526e+01
1:12270312	1	12270312	2.769518e-01	1.032816e+01
1:12271020	1	12271020	7.338535e-01	1.176244e+01
1:12278673	1	12278673	4.124147e-01	1.165792e+01
1:12279058	1	12279058	8.787488e-01	1.173492e+01
1:12282775	1	12282775	3.045722e-01	1.136604e+01
1:12282942	1	12282942	3.490058e-01	1.162312e+01
1:12286579	1	12286579	3.333461e-01	1.219469e+01
1:12286582	1	12286582	4.058865e-02	1.108929e+01
1:12324879	1	12324879	8.942367e-01	1.173649e+01
1:12357159	1	12357159	3.045722e-01	1.136604e+01
1:12374366	1	12374366	4.124147e-01	1.165792e+01
1:12388380	1	12388380	6.228451e-01	1.185941e+01
1:12391965	1	12391965	7.352846e-01	1.167808e+01
1:12401408	1	12401408	5.331000e-01	1.167350e+01
1:12404795	1	12404795	5.492654e-01	1.167390e+01
1:12414272	1	12414272	3.045722e-01	1.136604e+01
1:12415782	1	12415782	8.787488e-01	1.173492e+01
1:12443861	1	12443861	8.977558e-01	1.175222e+01
1:12446237	1	12446237	6.809589e-01	1.167983e+01
1:12450649	1	12450649	8.977558e-01	1.175222e+01
1:12450936	1	12450936	4.515106e-01	1.153228e+01
1:12453198	1	12453198	8.640845e-01	1.175686e+01
1:12467916	1	12467916	3.045722e-01	1.136604e+01
1:12471371	1	12471371	8.787488e-01	1.173492e+01
1:12471708	1	12471708	6.689403e-01	1.157511e+01
1:12484302	1	12484302	8.977558e-01	1.175222e+01
1:12486399	1	12486399	5.331000e-01	1.167350e+01
1:12495709	1	12495709	4.520148e-01	1.168768e+01
1:12507047	1	12507047	3.440393e-01	1.167388e+01
1:12507085	1	12507085	7.749727e-01	1.172700e+01
1:12507161	1	12507161	3.836706e-01	1.135811e+01
1:12509126	1	12509126	7.586618e-01	1.172539e+01
1:12542522	1	12542522	8.787488e-01	1.173492e+01
1:12565448	1	12565448	9.444886e-01	1.176148e+01
1:12574477	1	12574477	8.977558e-01	1.175222e+01
1:12582917	1	12582917	8.977558e-01	1.175222e+01
1:12584298	1	12584298	3.045722e-01	1.136604e+01
1:12586825	1	12586825	7.338535e-01	1.176244e+01
1:12590457	1	12590457	3.670289e-01	1.160957e+01
1:12591081	1	12591081	3.992232e-01	1.168708e+01
1:12601497	1	12601497	4.057432e-01	1.149508e+01
1:12602567	1	12602567	8.787488e-01	1.173492e+01
1:12602936	1	12602936	8.787488e-01	1.173492e+01
1:12609280	1	12609280	5.331000e-01	1.167350e+01
1:12626430	1	12626430	3.045722e-01	1.136604e+01
1:12627400	1	12627400	6.049560e-02	1.024122e+01
1:12628181	1	12628181	8.787488e-01	1.173492e+01
1:12631324	1	12631324	8.787488e-01	1.173492e+01
1:12631434	1	12631434	6.237126e-01	1.165021e+01
1:12635567	1	12635567	1.381495e-01	1.008155e+01
1:12640265	1	12640265	8.331150e-01	1.173766e+01
1:12640266	1	12640266	6.432842e-01	1.174695e+01
1:12645455	1	12645455	6.595967e-01	1.179805e+01
1:12705424	1	12705424	3.045722e-01	1.136604e+01
1:12748355	1	12748355	8.640845e-01	1.175686e+01
1:12765476	1	12765476	3.045722e-01	1.136604e+01
1:12766041	1	12766041	8.361475e-01	1.175802e+01
1:12890097	1	12890097	5.254226e-01	1.166936e+01
1:12891840	1	12891840	7.338535e-01	1.176244e+01
1:12896368	1	12896368	8.787488e-01	1.173492e+01
1:12899948	1	12899948	9.508362e-01	1.174403e+01
1:12901139	1	12901139	7.338535e-01	1.176244e+01
1:12917043	1	12917043	9.073415e-01	1.172674e+01
1:12922805	1	12922805	1.068637e-02	1.050456e+01
1:12923509	1	12923509	6.003280e-01	1.165183e+01
1:12924938	1	12924938	5.331000e-01	1.167350e+01
1:12926147	1	12926147	8.787488e-01	1.173492e+01
1:12927461	1	12927461	5.690944e-01	1.191853e+01
1:12932950	1	12932950	7.941707e-01	1.173295e+01
1:12937047	1	12937047	8.977558e-01	1.175222e+01
1:12942726	1	12942726	9.401228e-01	1.176270e+01
1:12948223	1	12948223	3.045722e-01	1.136604e+01
1:12966560	1	12966560	3.045722e-01	1.136604e+01
1:12966948	1	12966948	5.331000e-01	1.167350e+01
1:12970497	1	12970497	3.045722e-01	1.136604e+01
1:12976480	1	12976480	6.000303e-03	1.026531e+01
1:12977147	1	12977147	3.045722e-01	1.136604e+01
1:12993725	1	12993725	6.739418e-01	1.165095e+01
1:13006554	1	13006554	3.992232e-01	1.168708e+01
1:13015745	1	13015745	9.144234e-01	1.174990e+01
1:13026573	1	13026573	3.045722e-01	1.136604e+01
1:13027056	1	13027056	8.437239e-01	1.173346e+01
1:13028865	1	13028865	6.928845e-03	1.027823e+01
1:13030808	1	13030808	3.045722e-01	1.136604e+01
1:13037888	1	13037888	6.003280e-01	1.165183e+01
1:13037889	1	13037889	6.003280e-01	1.165183e+01
1:13043962	1	13043962	3.045722e-01	1.136604e+01
1:13067389	1	13067389	7.663765e-01	1.182184e+01
1:13067417	1	13067417	6.006724e-01	1.190233e+01
1:13067430	1	13067430	3.599369e-01	1.215675e+01
1:13067434	1	13067434	3.506707e-01	1.216077e+01
1:13067442	1	13067442	9.526091e-01	1.173540e+01
1:13069951	1	13069951	5.532736e-01	1.166896e+01
1:13082533	1	13082533	8.787488e-01	1.173492e+01
1:13084675	1	13084675	9.947680e-01	1.174089e+01
1:13087329	1	13087329	9.092300e-01	1.174683e+01
1:13101494	1	13101494	3.045722e-01	1.136604e+01
1:13102332	1	13102332	8.787488e-01	1.173492e+01
1:13107858	1	13107858	9.028939e-01	1.173944e+01
1:13111206	1	13111206	8.787488e-01	1.173492e+01
1:13112716	1	13112716	8.246067e-01	1.174702e+01
1:13120032	1	13120032	8.787488e-01	1.173492e+01
1:13147532	1	13147532	9.900879e-01	1.174126e+01
1:13148307	1	13148307	6.702964e-01	1.177644e+01
1:13153404	1	13153404	7.407302e-01	1.180669e+01
1:13194584	1	13194584	2.965573e-01	1.147113e+01
1:13195572	1	13195572	4.421453e-01	1.161124e+01
1:13225255	1	13225255	4.709282e-01	1.169237e+01
1:13289892	1	13289892	9.500576e-01	1.173581e+01
1:13291409	1	13291409	7.729666e-01	1.171322e+01
1:13293720	1	13293720	8.161244e-01	1.172417e+01
1:13299124	1	13299124	4.135631e-02	1.075609e+01
1:13302759	1	13302759	8.161244e-01	1.172417e+01
1:13305159	1	13305159	7.727922e-01	1.173157e+01
1:13314357	1	13314357	8.161244e-01	1.172417e+01
1:13316078	1	13316078	8.787488e-01	1.173492e+01
1:13329415	1	13329415	8.741230e-01	1.180149e+01
1:13331072	1	13331072	3.045722e-01	1.136604e+01
1:13347496	1	13347496	8.423118e-02	1.112559e+01
1:13361450	1	13361450	5.852566e-01	1.173943e+01
1:13366329	1	13366329	7.608040e-01	1.170813e+01
1:13376639	1	13376639	3.254706e-01	1.137091e+01
1:13390658	1	13390658	9.956734e-01	1.173969e+01
1:13395649	1	13395649	9.007722e-01	1.172560e+01
1:13395858	1	13395858	9.092300e-01	1.174683e+01
1:13415156	1	13415156	8.161244e-01	1.172417e+01
1:13421171	1	13421171	9.176318e-01	1.174397e+01
1:13422210	1	13422210	4.667246e-01	1.153926e+01
1:13425111	1	13425111	8.427056e-01	1.166981e+01
1:13435445	1	13435445	8.050964e-01	1.171289e+01
1:13435538	1	13435538	7.448062e-01	1.170788e+01
1:13456038	1	13456038	4.520148e-01	1.168768e+01
1:13461870	1	13461870	8.398937e-01	1.172244e+01
1:13463788	1	13463788	6.538829e-01	1.176076e+01
1:13530237	1	13530237	3.045722e-01	1.136604e+01
1:13548859	1	13548859	7.729666e-01	1.171322e+01
1:13549318	1	13549318	4.026963e-01	1.157012e+01
1:13550118	1	13550118	4.945514e-01	1.158265e+01
1:13560526	1	13560526	9.119889e-01	1.173242e+01
1:13562488	1	13562488	2.043527e-02	1.051735e+01
1:13566737	1	13566737	5.331000e-01	1.167350e+01
1:13572630	1	13572630	1.664255e-01	1.178428e+01
1:13576955	1	13576955	9.744614e-01	1.173325e+01
1:13580084	1	13580084	1.460524e-01	1.067156e+01
1:13587301	1	13587301	8.161244e-01	1.172417e+01
1:13587326	1	13587326	8.161244e-01	1.172417e+01
1:13604211	1	13604211	8.161244e-01	1.172417e+01
1:13611531	1	13611531	5.107954e-01	1.185993e+01
1:13612956	1	13612956	9.092300e-01	1.174683e+01
1:13617409	1	13617409	8.161244e-01	1.172417e+01
1:13624731	1	13624731	9.092300e-01	1.174683e+01
1:13638439	1	13638439	2.043527e-02	1.051735e+01
1:13643976	1	13643976	8.161244e-01	1.172417e+01
1:13655452	1	13655452	1.800338e-02	1.049479e+01
1:13655859	1	13655859	8.245311e-01	1.171931e+01
1:13657926	1	13657926	9.128936e-01	1.172938e+01
1:13668434	1	13668434	8.865051e-01	1.173072e+01
1:13669484	1	13669484	4.851794e-01	1.168127e+01
1:13671399	1	13671399	6.538829e-01	1.176076e+01
1:13680166	1	13680166	3.254706e-01	1.137091e+01
1:13813008	1	13813008	9.092300e-01	1.174683e+01
1:13815866	1	13815866	5.646266e-01	1.162035e+01
1:13854501	1	13854501	6.545959e-01	1.165021e+01
1:13855145	1	13855145	8.640845e-01	1.175686e+01
1:13859775	1	13859775	6.507678e-01	1.224646e+01
1:13861673	1	13861673	5.921451e-01	1.164350e+01
1:13873623	1	13873623	5.011822e-01	1.160883e+01
1:13876232	1	13876232	5.921451e-01	1.164350e+01
1:13878766	1	13878766	5.509739e-01	1.168209e+01
1:13880050	1	13880050	3.583933e-01	1.153302e+01
1:13916783	1	13916783	7.053692e-02	1.114702e+01
1:13939778	1	13939778	8.843177e-01	1.173951e+01
1:13956195	1	13956195	3.045722e-01	1.136604e+01
1:13957869	1	13957869	4.439181e-02	1.076195e+01
1:13958233	1	13958233	3.045722e-01	1.136604e+01
1:13958880	1	13958880	5.921451e-01	1.164350e+01
1:13967353	1	13967353	9.461458e-01	1.173187e+01
1:13968902	1	13968902	4.771247e-01	1.151994e+01
1:13969938	1	13969938	4.439181e-02	1.076195e+01
1:13971794	1	13971794	3.045722e-01	1.136604e+01
1:13993533	1	13993533	3.541139e-01	1.142216e+01
1:13996584	1	13996584	8.640845e-01	1.175686e+01
1:13997846	1	13997846	7.788736e-01	1.164715e+01
1:14000527	1	14000527	3.045722e-01	1.136604e+01
1:14006588	1	14006588	5.921451e-01	1.164350e+01
1:14006729	1	14006729	9.092300e-01	1.174683e+01
1:14019593	1	14019593	7.858060e-01	1.170205e+01
1:14019880	1	14019880	3.045722e-01	1.136604e+01
1:14029842	1	14029842	1.335153e-01	1.113570e+01
1:14038026	1	14038026	5.921451e-01	1.164350e+01
1:14038354	1	14038354	5.008669e-01	1.159711e+01
1:14040178	1	14040178	7.218154e-01	1.170011e+01
1:14040823	1	14040823	8.922133e-01	1.174425e+01
1:14041613	1	14041613	6.172487e-01	1.170010e+01
1:14046239	1	14046239	5.921451e-01	1.164350e+01
1:14052950	1	14052950	4.520148e-01	1.168768e+01
1:14062727	1	14062727	7.319594e-01	1.171394e+01
1:14095971	1	14095971	4.948313e-01	1.155916e+01
1:14130835	1	14130835	3.045722e-01	1.136604e+01
1:14132011	1	14132011	5.921451e-01	1.164350e+01
1:14134215	1	14134215	8.640845e-01	1.175686e+01
1:14136860	1	14136860	6.168929e-01	1.161327e+01
1:14152831	1	14152831	6.402948e-01	1.167797e+01
1:14163065	1	14163065	5.011822e-01	1.160883e+01
1:14174233	1	14174233	5.509739e-01	1.168209e+01
1:14187703	1	14187703	9.719159e-01	1.173596e+01
1:14193099	1	14193099	4.905637e-01	1.167865e+01
1:14199361	1	14199361	8.591940e-01	1.171627e+01
1:14207172	1	14207172	7.406937e-01	1.167675e+01
1:14210254	1	14210254	5.921451e-01	1.164350e+01
1:14219882	1	14219882	4.136848e-01	1.149479e+01
1:14226436	1	14226436	6.172487e-01	1.170010e+01
1:14226454	1	14226454	7.114982e-01	1.171227e+01
1:14241064	1	14241064	9.922482e-01	1.174556e+01
1:14241130	1	14241130	5.921451e-01	1.164350e+01
1:14267698	1	14267698	9.765927e-01	1.174219e+01
1:14271369	1	14271369	7.114982e-01	1.171227e+01
1:14273965	1	14273965	4.136848e-01	1.149479e+01
1:14278768	1	14278768	1.985603e-01	1.126963e+01
1:14279007	1	14279007	9.128936e-01	1.172938e+01
1:14282513	1	14282513	8.158811e-02	1.115118e+01
1:14284267	1	14284267	2.166849e-01	1.144690e+01
1:14285181	1	14285181	7.218154e-01	1.170011e+01
1:14288538	1	14288538	9.092300e-01	1.174683e+01
1:14297696	1	14297696	3.836706e-01	1.135811e+01
1:14305103	1	14305103	5.509739e-01	1.168209e+01
1:14919163	1	14919163	8.113240e-01	1.172367e+01
1:14920067	1	14920067	5.921451e-01	1.164350e+01
1:14920554	1	14920554	3.045722e-01	1.136604e+01
1:15053489	1	15053489	8.003300e-01	1.168712e+01
1:15425389	1	15425389	8.329968e-01	1.189500e+01
1:15522988	1	15522988	4.557337e-01	1.157148e+01
1:15525165	1	15525165	9.176318e-01	1.174397e+01
1:15533449	1	15533449	5.921451e-01	1.164350e+01
1:15543656	1	15543656	7.009681e-01	1.159822e+01
1:15559899	1	15559899	2.875861e-01	1.138426e+01
1:15560272	1	15560272	7.218154e-01	1.170011e+01
1:15569562	1	15569562	7.926392e-01	1.172118e+01
1:15576574	1	15576574	7.590121e-01	1.177627e+01
1:15576879	1	15576879	7.029030e-01	1.172033e+01
1:15578524	1	15578524	7.114982e-01	1.171227e+01
1:15585073	1	15585073	7.757223e-01	1.162009e+01
1:15585572	1	15585572	4.130809e-01	1.172153e+01
1:15589307	1	15589307	9.800908e-01	1.174322e+01
1:15592214	1	15592214	5.541623e-01	1.160975e+01
1:15597160	1	15597160	3.349698e-01	1.216556e+01
1:15606486	1	15606486	4.867948e-01	1.146718e+01
1:15615989	1	15615989	6.368366e-01	1.166359e+01
1:15618024	1	15618024	9.232234e-01	1.172927e+01
1:15620761	1	15620761	7.449279e-01	1.162143e+01
1:15622310	1	15622310	6.172487e-01	1.170010e+01
1:15623869	1	15623869	6.515840e-01	1.160066e+01
1:15631386	1	15631386	6.168929e-01	1.161327e+01
1:15637380	1	15637380	7.522471e-01	1.174313e+01
1:15638781	1	15638781	1.327315e-01	1.116215e+01
1:15881418	1	15881418	6.168929e-01	1.161327e+01
1:15884774	1	15884774	8.599151e-01	1.167004e+01
1:15906964	1	15906964	9.092300e-01	1.174683e+01
1:15909572	1	15909572	5.373305e-01	1.181188e+01
1:15923017	1	15923017	9.418290e-01	1.173816e+01
1:15925361	1	15925361	6.168929e-01	1.161327e+01
1:15925423	1	15925423	5.509739e-01	1.168209e+01
1:15943989	1	15943989	8.113240e-01	1.172367e+01
1:15964665	1	15964665	5.921451e-01	1.164350e+01
1:15964748	1	15964748	6.168929e-01	1.161327e+01
1:15968195	1	15968195	6.168929e-01	1.161327e+01
1:15972952	1	15972952	7.537581e-01	1.176065e+01
1:15986818	1	15986818	6.168929e-01	1.161327e+01
1:15990292	1	15990292	9.452540e-01	1.164584e+01
1:16000150	1	16000150	7.781091e-01	1.164982e+01
1:16033204	1	16033204	5.921451e-01	1.164350e+01
1:16036326	1	16036326	9.416691e-01	1.175726e+01
1:16040053	1	16040053	8.843177e-01	1.173951e+01
1:16041169	1	16041169	5.509739e-01	1.168209e+01
1:16043641	1	16043641	5.921451e-01	1.164350e+01
1:16046745	1	16046745	9.603158e-01	1.174254e+01
1:16047271	1	16047271	4.203017e-01	1.211875e+01
1:16059440	1	16059440	5.921451e-01	1.164350e+01
1:16059953	1	16059953	9.223440e-01	1.174400e+01
1:16064085	1	16064085	5.680005e-01	1.168308e+01
1:16064114	1	16064114	3.164187e-01	1.159999e+01
1:16065681	1	16065681	8.843177e-01	1.173951e+01
1:16065709	1	16065709	6.368366e-01	1.166359e+01
1:16067028	1	16067028	7.886231e-02	1.095611e+01
1:16069284	1	16069284	8.113240e-01	1.172367e+01
1:16078140	1	16078140	8.640845e-01	1.175686e+01
1:16079199	1	16079199	8.843177e-01	1.173951e+01
1:16081027	1	16081027	7.607569e-01	1.163172e+01
1:16082709	1	16082709	7.886231e-02	1.095611e+01
1:16085299	1	16085299	8.843177e-01	1.173951e+01
1:16090477	1	16090477	3.045722e-01	1.136604e+01
1:16124699	1	16124699	8.113240e-01	1.172367e+01
1:16127469	1	16127469	5.524212e-01	1.159256e+01
1:16127549	1	16127549	3.045722e-01	1.136604e+01
1:16129731	1	16129731	8.113240e-01	1.172367e+01
1:16131090	1	16131090	5.011822e-01	1.160883e+01
1:16147071	1	16147071	5.509739e-01	1.168209e+01
1:16148748	1	16148748	5.996266e-01	1.160084e+01
1:16149346	1	16149346	9.185237e-01	1.175562e+01
1:16176272	1	16176272	9.420350e-01	1.173386e+01
1:16176928	1	16176928	7.886231e-02	1.095611e+01
1:16177946	1	16177946	9.532753e-01	1.175129e+01
1:16182351	1	16182351	9.373178e-01	1.175433e+01
1:16190859	1	16190859	7.028053e-01	1.177093e+01
1:16195968	1	16195968	6.368366e-01	1.166359e+01
1:16196655	1	16196655	8.882181e-01	1.174545e+01
1:16196776	1	16196776	6.168929e-01	1.161327e+01
1:16202411	1	16202411	3.820030e-01	1.180233e+01
1:16207468	1	16207468	5.391445e-01	1.162308e+01
1:16208719	1	16208719	8.112713e-01	1.175177e+01
1:16208887	1	16208887	5.331000e-01	1.167350e+01
1:16232200	1	16232200	7.500439e-01	1.164432e+01
1:16236734	1	16236734	7.727610e-01	1.195006e+01
1:16241201	1	16241201	6.654975e-01	1.160610e+01
1:16248003	1	16248003	4.308282e-01	1.170903e+01
1:16254105	1	16254105	7.995822e-01	1.175819e+01
1:16259913	1	16259913	7.538661e-01	1.169872e+01
1:16269227	1	16269227	8.422832e-01	1.176036e+01
1:16279146	1	16279146	4.317343e-01	1.164231e+01
1:16314635	1	16314635	6.173050e-01	1.170847e+01
1:16318644	1	16318644	8.113240e-01	1.172367e+01
1:16356922	1	16356922	9.128936e-01	1.172938e+01
1:16357461	1	16357461	6.168929e-01	1.161327e+01
1:16369061	1	16369061	4.339513e-01	1.139043e+01
1:16371690	1	16371690	9.532753e-01	1.175129e+01
1:16387759	1	16387759	6.945078e-01	1.162720e+01
1:16432564	1	16432564	5.011822e-01	1.160883e+01
1:16445770	1	16445770	4.771247e-01	1.151994e+01
1:16449065	1	16449065	5.200673e-01	1.197803e+01
1:16450579	1	16450579	9.092300e-01	1.174683e+01
1:16464556	1	16464556	5.634926e-01	1.162193e+01
1:16494923	1	16494923	2.536539e-01	1.133322e+01
1:16530745	1	16530745	7.791458e-01	1.175757e+01
1:16535221	1	16535221	8.332770e-01	1.170249e+01
1:16564955	1	16564955	8.112713e-01	1.175177e+01
1:16593589	1	16593589	8.161244e-01	1.172417e+01
1:16593656	1	16593656	5.165472e-01	1.171512e+01
1:16615157	1	16615157	8.113240e-01	1.172367e+01
1:16616594	1	16616594	4.072067e-01	1.153376e+01
1:16617964	1	16617964	9.841319e-01	1.173679e+01
1:16671217	1	16671217	5.394487e-01	1.165702e+01
1:16672170	1	16672170	7.892253e-01	1.159684e+01
1:16675936	1	16675936	3.563761e-01	1.140348e+01
1:16683603	1	16683603	4.743926e-01	1.157271e+01
1:16694847	1	16694847	3.083923e-01	1.189388e+01
1:16703811	1	16703811	4.769827e-01	1.165772e+01
1:16707862	1	16707862	6.660427e-01	1.176483e+01
1:16753160	1	16753160	6.974511e-01	1.175792e+01
1:16756417	1	16756417	7.051256e-01	1.171297e+01
1:16761969	1	16761969	9.455213e-01	1.169958e+01
1:16770540	1	16770540	8.471705e-01	1.174929e+01
1:16778148	1	16778148	3.355192e-01	1.155961e+01
1:16791007	1	16791007	8.458959e-01	1.174138e+01
1:16804802	1	16804802	9.390888e-02	1.159728e+01
1:16813668	1	16813668	9.080202e-01	1.174760e+01
1:16817406	1	16817406	7.662647e-01	1.172400e+01
1:16840700	1	16840700	1.551653e-01	1.137550e+01
1:16842430	1	16842430	7.263271e-01	1.180553e+01
1:16844431	1	16844431	8.640845e-01	1.175686e+01
1:16847344	1	16847344	3.784168e-01	1.165982e+01
1:16861455	1	16861455	4.852580e-01	1.173652e+01
1:16863221	1	16863221	5.706931e-01	1.170690e+01
1:16864904	1	16864904	3.997460e-01	1.162604e+01
1:16875788	1	16875788	5.870917e-01	1.161970e+01
1:16875866	1	16875866	7.662647e-01	1.172400e+01
1:16875947	1	16875947	7.091067e-01	1.169619e+01
1:16878376	1	16878376	7.662647e-01	1.172400e+01
1:16890053	1	16890053	4.603565e-01	1.162420e+01
1:16894566	1	16894566	8.499957e-01	1.182054e+01
1:16897940	1	16897940	7.662647e-01	1.172400e+01
1:16913877	1	16913877	1.581271e-01	1.138777e+01
1:16919961	1	16919961	9.390888e-02	1.159728e+01
1:16928061	1	16928061	3.972128e-01	1.171636e+01
1:16938836	1	16938836	5.870917e-01	1.161970e+01
1:16985697	1	16985697	7.662647e-01	1.172400e+01
1:16986722	1	16986722	1.220633e-02	9.156000e+00
1:16987804	1	16987804	5.777184e-01	1.163002e+01
1:16996977	1	16996977	7.662647e-01	1.172400e+01
1:17009832	1	17009832	1.551653e-01	1.137550e+01
1:17011055	1	17011055	1.551653e-01	1.137550e+01
1:17053072	1	17053072	2.175948e-01	1.149128e+01
1:17065372	1	17065372	2.881595e-01	1.171233e+01
1:17066441	1	17066441	8.651892e-01	1.171837e+01
1:17067102	1	17067102	3.045722e-01	1.136604e+01
1:17088795	1	17088795	1.551653e-01	1.137550e+01
1:17108802	1	17108802	8.713913e-01	1.173838e+01
1:17149568	1	17149568	1.985603e-01	1.126963e+01
1:17154557	1	17154557	9.897077e-01	1.174153e+01
1:17160071	1	17160071	7.651587e-01	1.178016e+01
1:17164078	1	17164078	8.843177e-01	1.173951e+01
1:17169536	1	17169536	2.199115e-01	1.152873e+01
1:17201682	1	17201682	1.025922e-02	9.445376e+00
1:17202263	1	17202263	3.982101e-01	1.167433e+01
1:17203124	1	17203124	3.972128e-01	1.171636e+01
1:17207032	1	17207032	8.599308e-01	1.172855e+01
1:17208188	1	17208188	1.655163e-01	1.201112e+01
1:17215947	1	17215947	3.972128e-01	1.171636e+01
1:17231900	1	17231900	1.551653e-01	1.137550e+01
1:17237349	1	17237349	4.908465e-01	1.173065e+01
1:17249354	1	17249354	7.218154e-01	1.170011e+01
1:17249803	1	17249803	7.592430e-01	1.172739e+01
1:17251905	1	17251905	8.843177e-01	1.173951e+01
1:17266949	1	17266949	7.662647e-01	1.172400e+01
1:17276045	1	17276045	8.843177e-01	1.173951e+01
1:17278347	1	17278347	2.175948e-01	1.149128e+01
1:17282078	1	17282078	3.045722e-01	1.136604e+01
1:17282231	1	17282231	1.870208e-01	1.129050e+01
1:17294066	1	17294066	1.551653e-01	1.137550e+01
1:17307064	1	17307064	2.175948e-01	1.149128e+01
1:17335348	1	17335348	8.113240e-01	1.172367e+01
1:17344415	1	17344415	3.045722e-01	1.136604e+01
1:17348523	1	17348523	1.551653e-01	1.137550e+01
1:17350873	1	17350873	9.077932e-01	1.173967e+01
1:17357286	1	17357286	5.568160e-01	1.169427e+01
1:17357722	1	17357722	3.673721e-01	1.169924e+01
1:17364165	1	17364165	2.811748e-01	1.132251e+01
1:17373733	1	17373733	3.045722e-01	1.136604e+01
1:17381510	1	17381510	9.639735e-01	1.173972e+01
1:17392362	1	17392362	2.070541e-01	1.140837e+01
1:17397107	1	17397107	7.163686e-01	1.173652e+01
1:17406403	1	17406403	8.574148e-02	1.167472e+01
1:17406405	1	17406405	9.013111e-01	1.171773e+01
1:17415170	1	17415170	4.863340e-01	1.158073e+01
1:17418503	1	17418503	3.972128e-01	1.171636e+01
1:17429142	1	17429142	5.870917e-01	1.161970e+01
1:17429646	1	17429646	3.045722e-01	1.136604e+01
1:17446979	1	17446979	5.176426e-01	1.169268e+01
1:17452026	1	17452026	2.866655e-01	1.151842e+01
1:17464768	1	17464768	3.972128e-01	1.171636e+01
1:17470432	1	17470432	3.913823e-01	1.133666e+01
1:17494722	1	17494722	3.944162e-01	1.166905e+01
1:17502781	1	17502781	2.307241e-01	1.184590e+01
1:17503225	1	17503225	7.662647e-01	1.172400e+01
1:17507580	1	17507580	9.182343e-01	1.180118e+01
1:17514926	1	17514926	5.400414e-01	1.173649e+01
1:17516155	1	17516155	3.648386e-01	1.191556e+01
1:17541946	1	17541946	8.878380e-01	1.177132e+01
1:17549425	1	17549425	5.565063e-01	1.148830e+01
1:17549435	1	17549435	3.196778e-01	1.130311e+01
1:17553485	1	17553485	5.804870e-01	1.179775e+01
1:17571181	1	17571181	4.118586e-01	1.131460e+01
1:17571791	1	17571791	3.631010e-01	1.141939e+01
1:17572320	1	17572320	6.927711e-01	1.170186e+01
1:17573824	1	17573824	8.843177e-01	1.173951e+01
1:17576934	1	17576934	3.220320e-01	1.159083e+01
1:17589575	1	17589575	2.676253e-01	1.161117e+01
1:17591195	1	17591195	2.521477e-01	1.155153e+01
1:17617456	1	17617456	5.694728e-01	1.177823e+01
1:17640383	1	17640383	5.694728e-01	1.177823e+01
1:17652752	1	17652752	4.703611e-01	1.172708e+01
1:17653430	1	17653430	2.747817e-01	1.156798e+01
1:17681140	1	17681140	2.711328e-01	1.189529e+01
1:17685623	1	17685623	5.319300e-01	1.177066e+01
1:17706050	1	17706050	3.045722e-01	1.136604e+01
1:17730991	1	17730991	9.931109e-01	1.174021e+01
1:17761264	1	17761264	5.754849e-01	1.208953e+01
1:17768724	1	17768724	4.507408e-01	1.171790e+01
1:17781345	1	17781345	2.747817e-01	1.156798e+01
1:17781985	1	17781985	8.733209e-01	1.174347e+01
1:17796304	1	17796304	3.223650e-01	1.132834e+01
1:17813967	1	17813967	4.360827e-01	1.186621e+01
1:17829626	1	17829626	3.045722e-01	1.136604e+01
1:17842248	1	17842248	5.462087e-01	1.167111e+01
1:17846580	1	17846580	8.113240e-01	1.172367e+01
1:17848174	1	17848174	8.322947e-01	1.175147e+01
1:17852089	1	17852089	2.747817e-01	1.156798e+01
1:17904117	1	17904117	3.045722e-01	1.136604e+01
1:17906954	1	17906954	2.504583e-01	1.228700e+01
1:17909569	1	17909569	5.319300e-01	1.177066e+01
1:17911746	1	17911746	9.077932e-01	1.173967e+01
1:17915253	1	17915253	8.843177e-01	1.173951e+01
1:17921229	1	17921229	8.843177e-01	1.173951e+01
1:17951370	1	17951370	2.747817e-01	1.156798e+01
1:17953239	1	17953239	4.421453e-01	1.161124e+01
1:17955791	1	17955791	3.045722e-01	1.136604e+01
1:17976347	1	17976347	9.391027e-01	1.172865e+01
1:17983287	1	17983287	3.045722e-01	1.136604e+01
1:17983559	1	17983559	8.843177e-01	1.173951e+01
1:18007398	1	18007398	3.401643e-01	1.132809e+01
1:18007643	1	18007643	6.453763e-01	1.169900e+01
1:18010223	1	18010223	4.465144e-01	1.239382e+01
1:18020421	1	18020421	7.968532e-01	1.169932e+01
1:18020466	1	18020466	3.045722e-01	1.136604e+01
1:18028155	1	18028155	6.662681e-01	1.165708e+01
1:18051245	1	18051245	4.703611e-01	1.172708e+01
1:18054682	1	18054682	8.843177e-01	1.173951e+01
1:18057308	1	18057308	7.662647e-01	1.172400e+01
1:18062633	1	18062633	2.747817e-01	1.156798e+01
1:18082451	1	18082451	6.287848e-01	1.167441e+01
1:18089070	1	18089070	3.045722e-01	1.136604e+01
1:18106366	1	18106366	8.501650e-01	1.171804e+01
1:18109036	1	18109036	3.569923e-01	1.164963e+01
1:18114081	1	18114081	2.747817e-01	1.156798e+01
1:18165961	1	18165961	8.843177e-01	1.173951e+01
1:18169316	1	18169316	7.712631e-01	1.173965e+01
1:18175551	1	18175551	4.431635e-01	1.152210e+01
1:18198217	1	18198217	4.187057e-01	1.165963e+01
1:18211603	1	18211603	3.872140e-01	1.168402e+01
1:18233439	1	18233439	8.640845e-01	1.175686e+01
1:18235395	1	18235395	4.187057e-01	1.165963e+01
1:18237096	1	18237096	4.187057e-01	1.165963e+01
1:18247896	1	18247896	7.000249e-01	1.170205e+01
1:18250542	1	18250542	4.187057e-01	1.165963e+01
1:18260834	1	18260834	8.640845e-01	1.175686e+01
1:18270663	1	18270663	4.416028e-01	1.170831e+01
1:18287042	1	18287042	8.113240e-01	1.172367e+01
1:18303353	1	18303353	9.809257e-01	1.174016e+01
1:18309252	1	18309252	6.252929e-01	1.171713e+01
1:18351931	1	18351931	8.549224e-01	1.175580e+01
1:18360741	1	18360741	2.929275e-01	1.160063e+01
1:18404374	1	18404374	8.640845e-01	1.175686e+01
1:18424507	1	18424507	2.768760e-01	1.223287e+01
1:18433254	1	18433254	7.417159e-02	1.087058e+01
1:18433990	1	18433990	7.769073e-01	1.172151e+01
1:18449041	1	18449041	7.433487e-01	1.167887e+01
1:18454501	1	18454501	3.045722e-01	1.136604e+01
1:18455315	1	18455315	9.998172e-01	1.174104e+01
1:18464944	1	18464944	8.357625e-01	1.169733e+01
1:18476474	1	18476474	7.702541e-01	1.170044e+01
1:18481889	1	18481889	7.433487e-01	1.167887e+01
1:18482792	1	18482792	6.090737e-01	1.173554e+01
1:18499927	1	18499927	9.106743e-01	1.174181e+01
1:18502351	1	18502351	5.327527e-01	1.169935e+01
1:18510029	1	18510029	4.421453e-01	1.161124e+01
1:18511843	1	18511843	8.688799e-01	1.172462e+01
1:18516958	1	18516958	9.207347e-01	1.174055e+01
1:18522296	1	18522296	9.307598e-01	1.174284e+01
1:18524006	1	18524006	9.470143e-01	1.175893e+01
1:18547284	1	18547284	3.045722e-01	1.136604e+01
1:18559472	1	18559472	2.107123e-02	1.041539e+01
1:18571877	1	18571877	8.020470e-01	1.167615e+01
1:18594532	1	18594532	5.731301e-02	1.082042e+01
1:18598040	1	18598040	7.769073e-01	1.172151e+01
1:18599314	1	18599314	7.769073e-01	1.172151e+01
1:18602802	1	18602802	9.207347e-01	1.174055e+01
1:18604091	1	18604091	3.045722e-01	1.136604e+01
1:18606635	1	18606635	8.142633e-01	1.171856e+01
1:18612784	1	18612784	8.382264e-01	1.169036e+01
1:18637612	1	18637612	8.142633e-01	1.171856e+01
1:18641062	1	18641062	7.769073e-01	1.172151e+01
1:18644291	1	18644291	8.667714e-01	1.173367e+01
1:18655823	1	18655823	8.688799e-01	1.172462e+01
1:18724418	1	18724418	5.464033e-01	1.157560e+01
1:18724422	1	18724422	9.543735e-01	1.175727e+01
1:18724428	1	18724428	5.464033e-01	1.157560e+01
1:18724433	1	18724433	4.823452e-01	1.157472e+01
1:18724446	1	18724446	5.464033e-01	1.157560e+01
1:18724467	1	18724467	5.464033e-01	1.157560e+01
1:18724506	1	18724506	7.549859e-01	1.176446e+01
1:18724535	1	18724535	7.549859e-01	1.176446e+01
1:18724859	1	18724859	5.073568e-01	1.165079e+01
1:18724991	1	18724991	2.333658e-01	1.156166e+01
1:18727643	1	18727643	3.045722e-01	1.136604e+01
1:18759871	1	18759871	3.516779e-02	1.073453e+01
1:18760472	1	18760472	5.354303e-01	1.162126e+01
1:18783197	1	18783197	6.261380e-01	1.168918e+01
1:18813958	1	18813958	6.261380e-01	1.168918e+01
1:18834575	1	18834575	9.207347e-01	1.174055e+01
1:18841182	1	18841182	5.675849e-01	1.168053e+01
1:18845496	1	18845496	8.142633e-01	1.171856e+01
1:18874296	1	18874296	8.142633e-01	1.171856e+01
1:18875053	1	18875053	3.045722e-01	1.136604e+01
1:18885943	1	18885943	6.003280e-01	1.165183e+01
1:18886138	1	18886138	3.045722e-01	1.136604e+01
1:18920182	1	18920182	5.675849e-01	1.168053e+01
1:18929202	1	18929202	5.354303e-01	1.162126e+01
1:18934352	1	18934352	5.675849e-01	1.168053e+01
1:18936505	1	18936505	8.142633e-01	1.171856e+01
1:18946658	1	18946658	3.588348e-01	1.154132e+01
1:18973876	1	18973876	6.372058e-01	1.168263e+01
1:18977873	1	18977873	8.349028e-01	1.166366e+01
1:19089130	1	19089130	5.354303e-01	1.162126e+01
1:19098702	1	19098702	3.045722e-01	1.136604e+01
1:19103945	1	19103945	8.923106e-01	1.172052e+01
1:19123969	1	19123969	9.512742e-03	1.047637e+01
1:19125770	1	19125770	6.251904e-01	1.168531e+01
1:19165426	1	19165426	6.003280e-01	1.165183e+01
1:19190393	1	19190393	9.403902e-02	1.063523e+01
1:19191479	1	19191479	5.354303e-01	1.162126e+01
1:19192275	1	19192275	1.727461e-01	1.198006e+01
1:19193175	1	19193175	7.218154e-01	1.170011e+01
1:19193306	1	19193306	1.297820e-02	1.034996e+01
1:19198820	1	19198820	3.378803e-01	1.152264e+01
1:19206105	1	19206105	5.354303e-01	1.162126e+01
1:19209105	1	19209105	3.588348e-01	1.154132e+01
1:19212455	1	19212455	4.363742e-01	1.173152e+01
1:19227319	1	19227319	4.652806e-01	1.162286e+01
1:19228090	1	19228090	7.218154e-01	1.170011e+01
1:19235774	1	19235774	1.466577e-01	1.054622e+01
1:19271511	1	19271511	3.045722e-01	1.136604e+01
1:19271512	1	19271512	3.045722e-01	1.136604e+01
1:19274404	1	19274404	3.588348e-01	1.154132e+01
1:19289156	1	19289156	5.909912e-01	1.165017e+01
1:19310377	1	19310377	9.178503e-01	1.174044e+01
1:19354225	1	19354225	3.913823e-01	1.133666e+01
1:19357287	1	19357287	6.251904e-01	1.168531e+01
1:19361729	1	19361729	9.217720e-01	1.173458e+01
1:19363479	1	19363479	9.137832e-01	1.174056e+01
1:19374355	1	19374355	7.543187e-01	1.173073e+01
1:19386387	1	19386387	9.311908e-04	9.521109e+00
1:19423664	1	19423664	9.217720e-01	1.173458e+01
1:19425262	1	19425262	3.045722e-01	1.136604e+01
1:19425637	1	19425637	9.137832e-01	1.174056e+01
1:19425704	1	19425704	3.045722e-01	1.136604e+01
1:19427577	1	19427577	7.218154e-01	1.170011e+01
1:19435805	1	19435805	9.311908e-04	9.521109e+00
1:19470902	1	19470902	6.251904e-01	1.168531e+01
1:19494233	1	19494233	2.703830e-02	1.070770e+01
1:19505848	1	19505848	5.234350e-01	1.182729e+01
1:19526718	1	19526718	9.311908e-04	9.521109e+00
1:19528445	1	19528445	9.217720e-01	1.173458e+01
1:19534102	1	19534102	7.742674e-01	1.171721e+01
1:19539408	1	19539408	2.032943e-04	8.749976e+00
1:19548667	1	19548667	3.045722e-01	1.136604e+01
1:19553350	1	19553350	9.217720e-01	1.173458e+01
1:19560508	1	19560508	7.742674e-01	1.171721e+01
1:19560731	1	19560731	9.311908e-04	9.521109e+00
1:19564432	1	19564432	4.973990e-02	1.078933e+01
1:19577675	1	19577675	1.109172e-02	1.030042e+01
1:19578109	1	19578109	1.109172e-02	1.030042e+01
1:19634675	1	19634675	7.218154e-01	1.170011e+01
1:19664566	1	19664566	7.025984e-01	1.188985e+01
1:19715672	1	19715672	4.614044e-02	1.076966e+01
1:19718972	1	19718972	8.674055e-01	1.173087e+01
1:19724794	1	19724794	9.225335e-01	1.175164e+01
1:19747443	1	19747443	9.782613e-01	1.173555e+01
1:19762948	1	19762948	8.682643e-02	1.066447e+01
1:19763561	1	19763561	1.277023e-01	1.061122e+01
1:19775808	1	19775808	3.045722e-01	1.136604e+01
1:19792800	1	19792800	7.742674e-01	1.171721e+01
1:19798320	1	19798320	9.311908e-04	9.521109e+00
1:19816933	1	19816933	2.324265e-01	1.150955e+01
1:19831367	1	19831367	8.612773e-01	1.171740e+01
1:19835652	1	19835652	9.217720e-01	1.173458e+01
1:19847788	1	19847788	2.888170e-01	1.234367e+01
1:19855250	1	19855250	8.737831e-01	1.173963e+01
1:19870330	1	19870330	9.151516e-01	1.173039e+01
1:19880612	1	19880612	8.142633e-01	1.171856e+01
1:19888537	1	19888537	2.229412e-04	8.782415e+00
1:19900840	1	19900840	7.667990e-01	1.176503e+01
1:19919216	1	19919216	6.362268e-01	1.177596e+01
1:19930711	1	19930711	3.659465e-01	1.146671e+01
1:19970458	1	19970458	7.218154e-01	1.170011e+01
1:19989503	1	19989503	9.217720e-01	1.173458e+01
1:20009644	1	20009644	1.117344e-03	9.538886e+00
1:20013269	1	20013269	7.438530e-01	1.171378e+01
1:20027235	1	20027235	3.045722e-01	1.136604e+01
1:20027258	1	20027258	7.840234e-01	1.178122e+01
1:20030976	1	20030976	9.311908e-04	9.521109e+00
1:20033847	1	20033847	7.874279e-01	1.175967e+01
1:20036348	1	20036348	8.624220e-01	1.173879e+01
1:20037785	1	20037785	6.412686e-01	1.167528e+01
1:20065622	1	20065622	3.045722e-01	1.136604e+01
1:20074884	1	20074884	9.137832e-01	1.174056e+01
1:20094353	1	20094353	8.427056e-01	1.166981e+01
1:20103306	1	20103306	8.796883e-01	1.174440e+01
1:20104049	1	20104049	7.742674e-01	1.171721e+01
1:20104991	1	20104991	9.311908e-04	9.521109e+00
1:20151598	1	20151598	6.436014e-01	1.139834e+01
1:20155400	1	20155400	3.045722e-01	1.136604e+01
1:20187628	1	20187628	3.045722e-01	1.136604e+01
1:20203290	1	20203290	2.741510e-02	1.038053e+01
1:20206046	1	20206046	8.307430e-01	1.172211e+01
1:20208062	1	20208062	8.383362e-01	1.173094e+01
1:20223273	1	20223273	9.499390e-01	1.173443e+01
1:20226732	1	20226732	2.032943e-04	8.749976e+00
1:20226986	1	20226986	9.349532e-01	1.173842e+01
1:20234185	1	20234185	2.032943e-04	8.749976e+00
1:20243492	1	20243492	9.059398e-01	1.173093e+01
1:20252482	1	20252482	9.797383e-01	1.174190e+01
1:20259846	1	20259846	1.929275e-04	8.747503e+00
1:20262673	1	20262673	6.862937e-01	1.165461e+01
1:20273094	1	20273094	9.428880e-01	1.172374e+01
1:20275649	1	20275649	9.552108e-01	1.174083e+01
1:20279397	1	20279397	6.112075e-01	1.164275e+01
1:20283794	1	20283794	7.353675e-04	9.215228e+00
1:20304012	1	20304012	2.032943e-04	8.749976e+00
1:20305259	1	20305259	1.825033e-01	1.106939e+01
1:20308326	1	20308326	1.825033e-01	1.106939e+01
1:20310003	1	20310003	9.137832e-01	1.174056e+01
1:20311472	1	20311472	2.391867e-02	1.013749e+01
1:20311791	1	20311791	7.127301e-04	9.120662e+00
1:20370486	1	20370486	9.070639e-01	1.176117e+01
1:20372034	1	20372034	9.994471e-01	1.174103e+01
1:20382133	1	20382133	1.264272e-02	1.007279e+01
1:20392701	1	20392701	9.367128e-03	1.007700e+01
1:20392928	1	20392928	1.797391e-04	8.703337e+00
1:20409897	1	20409897	3.922685e-01	1.191551e+01
1:20411333	1	20411333	7.353675e-04	9.215228e+00
1:20431845	1	20431845	1.264272e-02	1.007279e+01
1:20432683	1	20432683	8.589060e-01	1.172247e+01
1:20445165	1	20445165	4.567223e-02	1.060109e+01
1:20447523	1	20447523	5.617032e-01	1.165969e+01
1:20449478	1	20449478	9.567188e-03	9.729749e+00
1:20469556	1	20469556	6.143535e-01	1.170846e+01
1:20469633	1	20469633	8.142633e-01	1.171856e+01
1:20490296	1	20490296	9.137832e-01	1.174056e+01
1:20520369	1	20520369	7.465692e-01	1.168531e+01
1:20535202	1	20535202	5.617032e-01	1.165969e+01
1:20540733	1	20540733	6.143535e-01	1.170846e+01
1:20560988	1	20560988	9.137832e-01	1.174056e+01
1:20565238	1	20565238	9.499390e-01	1.173443e+01
1:20570278	1	20570278	5.331000e-01	1.167350e+01
1:20587960	1	20587960	9.499390e-01	1.173443e+01
1:20621427	1	20621427	7.218154e-01	1.170011e+01
1:20622528	1	20622528	1.592575e-03	9.359212e+00
1:20626878	1	20626878	5.481029e-01	1.206341e+01
1:20627635	1	20627635	9.137832e-01	1.174056e+01
1:20649638	1	20649638	9.217720e-01	1.173458e+01
1:20695329	1	20695329	2.957156e-01	1.236190e+01
1:20696623	1	20696623	8.719254e-01	1.172722e+01
1:20698837	1	20698837	9.668569e-01	1.174733e+01
1:20699944	1	20699944	4.980050e-01	1.185261e+01
1:20700213	1	20700213	9.956947e-01	1.174020e+01
1:20735160	1	20735160	7.218154e-01	1.170011e+01
1:20738422	1	20738422	9.499390e-01	1.173443e+01
1:20747745	1	20747745	9.137832e-01	1.174056e+01
1:20747955	1	20747955	9.217720e-01	1.173458e+01
1:20758432	1	20758432	3.045722e-01	1.136604e+01
1:20767578	1	20767578	9.137832e-01	1.174056e+01
1:20767579	1	20767579	9.512559e-01	1.173978e+01
1:20768775	1	20768775	8.142633e-01	1.171856e+01
1:20778116	1	20778116	9.499390e-01	1.173443e+01
1:20785079	1	20785079	9.499390e-01	1.173443e+01
1:20785146	1	20785146	3.879429e-04	8.903072e+00
1:20786333	1	20786333	7.832706e-01	1.172248e+01
1:20790468	1	20790468	9.137832e-01	1.174056e+01
1:20796334	1	20796334	9.499390e-01	1.173443e+01
1:20798041	1	20798041	3.185527e-02	1.039463e+01
1:20801419	1	20801419	3.045722e-01	1.136604e+01
1:20860028	1	20860028	8.735970e-01	1.174454e+01
1:20866324	1	20866324	2.032943e-04	8.749976e+00
1:20881712	1	20881712	7.552569e-01	1.170910e+01
1:20892667	1	20892667	9.522140e-01	1.173929e+01
1:20898054	1	20898054	8.589060e-01	1.172247e+01
1:20899663	1	20899663	7.887055e-01	1.178978e+01
1:20906366	1	20906366	8.589060e-01	1.172247e+01
1:20913135	1	20913135	8.747998e-01	1.173427e+01
1:20920661	1	20920661	7.353675e-04	9.215228e+00
1:20953470	1	20953470	8.589060e-01	1.172247e+01
1:20955947	1	20955947	9.994471e-01	1.174103e+01
1:20957552	1	20957552	2.742021e-01	1.149909e+01
1:20975280	1	20975280	1.264272e-02	1.007279e+01
1:20986855	1	20986855	3.669014e-02	1.052526e+01
1:21001964	1	21001964	9.137832e-01	1.174056e+01
1:21001965	1	21001965	9.621034e-01	1.174690e+01
1:21005927	1	21005927	9.994471e-01	1.174103e+01
1:21008570	1	21008570	7.465412e-01	1.173123e+01
1:21034514	1	21034514	1.000160e-03	9.122481e+00
1:21051192	1	21051192	8.482452e-01	1.169894e+01
1:21053785	1	21053785	4.346226e-02	1.038975e+01
1:21071597	1	21071597	9.137832e-01	1.174056e+01
1:21081792	1	21081792	4.567223e-02	1.060109e+01
1:21081803	1	21081803	8.589060e-01	1.172247e+01
1:21081911	1	21081911	6.251904e-01	1.168531e+01
1:21086219	1	21086219	8.589060e-01	1.172247e+01
1:21166026	1	21166026	7.053725e-01	1.164571e+01
1:21177392	1	21177392	5.381144e-02	1.066563e+01
1:21181598	1	21181598	6.339888e-02	1.073989e+01
1:21188690	1	21188690	1.635977e-01	1.111095e+01
1:21188767	1	21188767	6.877888e-02	1.028945e+01
1:21193976	1	21193976	4.356459e-01	1.158963e+01
1:21197514	1	21197514	9.137832e-01	1.174056e+01
1:21226849	1	21226849	5.331000e-01	1.167350e+01
1:21228892	1	21228892	9.137832e-01	1.174056e+01
1:21229747	1	21229747	5.118192e-01	1.165879e+01
1:21234980	1	21234980	9.301855e-01	1.173114e+01
1:21236666	1	21236666	8.589060e-01	1.172247e+01
1:21241022	1	21241022	4.356459e-01	1.158963e+01
1:21241600	1	21241600	2.733808e-02	1.073106e+01
1:21309364	1	21309364	4.567223e-02	1.060109e+01
1:21309774	1	21309774	2.550894e-02	1.034470e+01
1:21329813	1	21329813	4.356459e-01	1.158963e+01
1:21341369	1	21341369	3.480141e-01	1.161913e+01
1:21363849	1	21363849	4.567223e-02	1.060109e+01
1:21364698	1	21364698	8.885779e-01	1.176198e+01
1:21365641	1	21365641	8.589060e-01	1.172247e+01
1:21378652	1	21378652	4.805575e-01	1.198369e+01
1:21406024	1	21406024	9.131855e-01	1.174043e+01
1:21410670	1	21410670	5.118192e-01	1.165879e+01
1:21416565	1	21416565	5.576899e-02	1.062682e+01
1:21417222	1	21417222	2.550894e-02	1.034470e+01
1:21436227	1	21436227	9.057474e-01	1.173748e+01
1:21449879	1	21449879	3.088606e-01	1.173830e+01
1:21453569	1	21453569	2.806649e-01	1.038848e+01
1:21454240	1	21454240	4.637038e-01	1.169651e+01
1:21454408	1	21454408	8.280746e-01	1.189020e+01
1:21454651	1	21454651	3.840178e-01	1.159965e+01
1:21455816	1	21455816	2.529529e-01	1.140590e+01
1:21466267	1	21466267	9.178503e-01	1.174044e+01
1:21488591	1	21488591	3.782762e-02	1.045469e+01
1:21496811	1	21496811	6.914876e-01	1.117335e+01
1:21544635	1	21544635	2.709948e-01	1.194696e+01
1:21549555	1	21549555	9.758933e-01	1.173945e+01
1:21587089	1	21587089	5.385972e-01	1.169569e+01
1:21590142	1	21590142	6.102652e-01	1.170441e+01
1:21626837	1	21626837	9.174644e-01	1.174040e+01
1:21634806	1	21634806	4.567223e-02	1.060109e+01
1:21643783	1	21643783	6.733269e-01	1.170973e+01
1:21643889	1	21643889	9.301855e-01	1.173114e+01
1:21690505	1	21690505	4.567223e-02	1.060109e+01
1:21696577	1	21696577	7.423542e-01	1.168753e+01
1:21719087	1	21719087	2.768283e-01	1.190577e+01
1:21855034	1	21855034	6.584173e-01	1.194164e+01
1:21860561	1	21860561	4.567223e-02	1.060109e+01
1:21860986	1	21860986	5.846313e-01	1.177654e+01
1:21866610	1	21866610	9.758933e-01	1.173945e+01
1:21870581	1	21870581	9.301855e-01	1.173114e+01
1:21873086	1	21873086	8.517969e-02	1.017984e+01
1:21873095	1	21873095	7.053725e-01	1.164571e+01
1:21875362	1	21875362	9.301855e-01	1.173114e+01
1:21880800	1	21880800	6.748185e-01	1.170627e+01
1:21881537	1	21881537	4.174078e-02	1.058836e+01
1:21882738	1	21882738	6.102652e-01	1.170441e+01
1:21885680	1	21885680	2.598051e-04	8.666657e+00
1:21896572	1	21896572	2.550894e-02	1.034470e+01
1:21933129	1	21933129	1.941969e-02	1.056190e+01
1:21942099	1	21942099	5.700093e-01	1.164800e+01
1:21950087	1	21950087	9.301855e-01	1.173114e+01
1:21957897	1	21957897	8.375198e-01	1.174004e+01
1:21959797	1	21959797	8.143087e-01	1.170390e+01
1:21967120	1	21967120	4.924358e-01	1.138433e+01
1:21979202	1	21979202	5.283048e-01	1.152625e+01
1:21980540	1	21980540	4.567223e-02	1.060109e+01
1:22018761	1	22018761	4.820532e-01	1.158943e+01
1:22043204	1	22043204	1.613440e-02	9.347444e+00
1:22043306	1	22043306	7.461873e-01	1.168351e+01
1:22050909	1	22050909	6.264871e-01	1.163045e+01
1:22058587	1	22058587	9.023273e-01	1.172386e+01
1:22065302	1	22065302	3.664604e-03	9.435908e+00
1:22070990	1	22070990	4.567223e-02	1.060109e+01
1:22074265	1	22074265	8.726227e-01	1.173010e+01
1:22084189	1	22084189	4.567223e-02	1.060109e+01
1:22085884	1	22085884	4.218509e-01	1.157401e+01
1:22087474	1	22087474	7.375817e-01	1.154871e+01
1:22087476	1	22087476	4.567223e-02	1.060109e+01
1:22117548	1	22117548	3.890283e-01	1.140311e+01
1:22139255	1	22139255	3.555390e-01	1.171483e+01
1:22148739	1	22148739	1.919057e-04	8.465009e+00
1:22172011	1	22172011	6.301084e-01	1.164130e+01
1:22172013	1	22172013	6.363800e-01	1.165024e+01
1:22174275	1	22174275	4.734784e-01	1.150857e+01
1:22185912	1	22185912	4.464217e-01	1.155062e+01
1:22187782	1	22187782	7.270442e-01	1.168868e+01
1:22203675	1	22203675	1.919057e-04	8.465009e+00
1:22213120	1	22213120	6.113065e-01	1.160713e+01
1:22217690	1	22217690	6.113065e-01	1.160713e+01
1:22223794	1	22223794	4.174078e-02	1.058836e+01
1:22223795	1	22223795	4.174078e-02	1.058836e+01
1:22247248	1	22247248	9.341187e-01	1.171905e+01
1:22247447	1	22247447	4.567223e-02	1.060109e+01
1:22260562	1	22260562	4.567223e-02	1.060109e+01
1:22268974	1	22268974	6.467222e-01	1.164529e+01
1:22270758	1	22270758	9.200591e-01	1.176317e+01
1:22303236	1	22303236	2.393307e-01	1.133208e+01
1:22322036	1	22322036	8.967948e-01	1.173115e+01
1:22324128	1	22324128	6.685179e-03	9.308176e+00
1:22386576	1	22386576	3.874557e-01	1.151387e+01
1:22418946	1	22418946	4.567223e-02	1.060109e+01
1:22421620	1	22421620	9.965808e-01	1.174019e+01
1:22421715	1	22421715	3.874557e-01	1.151387e+01
1:22426758	1	22426758	2.393307e-01	1.133208e+01
1:22427404	1	22427404	4.567223e-02	1.060109e+01
1:22430304	1	22430304	3.091301e-01	1.175962e+01
1:22431925	1	22431925	4.426932e-01	1.152056e+01
1:22443323	1	22443323	8.860825e-01	1.174761e+01
1:22445977	1	22445977	7.050991e-01	1.168956e+01
1:22455012	1	22455012	1.846277e-01	1.118316e+01
1:22467048	1	22467048	6.528001e-01	1.166515e+01
1:22488282	1	22488282	3.084774e-01	1.158145e+01
1:22504583	1	22504583	2.452882e-01	1.121191e+01
1:22509799	1	22509799	4.567223e-02	1.060109e+01
1:22538298	1	22538298	4.567223e-02	1.060109e+01
1:22544397	1	22544397	1.846277e-01	1.118316e+01
1:22565888	1	22565888	7.649523e-02	1.048092e+01
1:22582211	1	22582211	1.490598e-01	1.028673e+01
1:22682611	1	22682611	1.500943e-01	1.105349e+01
1:22682612	1	22682612	1.127433e-01	1.104494e+01
1:22683428	1	22683428	1.127433e-01	1.104494e+01
1:22707187	1	22707187	1.300589e-03	9.377948e+00
1:22713509	1	22713509	4.567223e-02	1.060109e+01
1:22720620	1	22720620	4.902062e-01	1.172516e+01
1:22722092	1	22722092	5.552533e-01	1.167396e+01
1:22734195	1	22734195	4.567223e-02	1.060109e+01
1:22767841	1	22767841	4.567223e-02	1.060109e+01
1:22795132	1	22795132	9.668868e-01	1.173379e+01
1:22796191	1	22796191	2.555310e-02	1.033029e+01
1:22813950	1	22813950	5.552533e-01	1.167396e+01
1:22827216	1	22827216	5.552533e-01	1.167396e+01
1:22832179	1	22832179	2.555310e-02	1.033029e+01
1:22840836	1	22840836	4.898577e-01	1.152310e+01
1:22869158	1	22869158	3.070496e-06	6.398626e+00
1:22873232	1	22873232	3.366167e-01	1.148383e+01
1:22875782	1	22875782	4.567223e-02	1.060109e+01
1:22876805	1	22876805	5.468699e-01	1.141334e+01
1:22936663	1	22936663	4.160297e-01	1.145842e+01
1:22940998	1	22940998	5.362404e-01	1.167640e+01
1:22951664	1	22951664	1.888344e-02	1.010129e+01
1:22958616	1	22958616	4.567223e-02	1.060109e+01
1:22960185	1	22960185	8.647020e-08	1.274534e+01
1:22973021	1	22973021	3.364332e-04	7.488894e+00
1:22982059	1	22982059	4.237660e-01	1.156541e+01
1:23002555	1	23002555	1.888344e-02	1.010129e+01
1:23009822	1	23009822	4.567223e-02	1.060109e+01
1:23013177	1	23013177	4.625983e-01	1.159041e+01
1:23027512	1	23027512	3.678662e-02	1.055727e+01
1:23028679	1	23028679	1.888344e-02	1.010129e+01
1:23031380	1	23031380	1.058209e-03	9.225658e+00
1:23032250	1	23032250	4.567223e-02	1.060109e+01
1:23040800	1	23040800	2.868821e-01	1.139611e+01
1:23101587	1	23101587	5.467810e-03	9.433394e+00
1:23114695	1	23114695	1.248096e-01	1.112468e+01
1:23141276	1	23141276	2.910415e-01	1.153282e+01
1:23166517	1	23166517	4.567223e-02	1.060109e+01
1:23168532	1	23168532	1.215189e-03	9.251287e+00
1:23173542	1	23173542	3.006968e-01	1.138788e+01
1:23196795	1	23196795	5.560401e-01	1.116439e+01
1:23229728	1	23229728	4.567223e-02	1.060109e+01
1:23233979	1	23233979	3.364332e-04	7.488894e+00
1:23236608	1	23236608	4.567223e-02	1.060109e+01
1:23255004	1	23255004	7.272784e-01	1.167271e+01
1:23256772	1	23256772	1.018795e-02	9.689493e+00
1:23261301	1	23261301	1.009641e-01	1.097971e+01
1:23271325	1	23271325	1.204968e-03	9.220235e+00
1:23277963	1	23277963	1.018795e-02	9.689493e+00
1:23314085	1	23314085	3.495461e-01	1.168382e+01
1:23319455	1	23319455	1.636791e-01	1.120652e+01
1:23330411	1	23330411	2.162973e-01	1.115034e+01
1:23363143	1	23363143	1.535310e-01	1.120274e+01
1:23364086	1	23364086	7.148589e-01	1.169249e+01
1:23364332	1	23364332	3.806929e-01	1.151884e+01
1:23383769	1	23383769	7.358776e-01	1.171346e+01
1:23415724	1	23415724	5.988527e-01	1.170681e+01
1:23423273	1	23423273	3.774303e-04	7.403309e+00
1:23440525	1	23440525	7.148589e-01	1.169249e+01
1:23440561	1	23440561	9.270236e-01	1.180214e+01
1:23456438	1	23456438	6.866651e-03	9.418144e+00
1:23471389	1	23471389	1.393666e-02	9.868704e+00
1:23474210	1	23474210	1.537273e-01	1.122418e+01
1:23539497	1	23539497	4.567223e-02	1.060109e+01
1:23540941	1	23540941	4.132597e-01	1.134721e+01
1:23563969	1	23563969	3.322735e-01	1.157480e+01
1:23572913	1	23572913	4.567223e-02	1.060109e+01
1:23574463	1	23574463	1.308826e-02	8.620457e+00
1:23583819	1	23583819	1.636791e-01	1.120652e+01
1:23586910	1	23586910	1.636791e-01	1.120652e+01
1:23613996	1	23613996	4.389950e-04	8.610132e+00
1:23617130	1	23617130	3.884490e-01	1.153781e+01
1:23625249	1	23625249	3.884490e-01	1.153781e+01
1:23648300	1	23648300	3.806929e-01	1.151884e+01
1:23648308	1	23648308	3.494567e-04	8.535243e+00
1:23654168	1	23654168	8.640845e-01	1.175686e+01
1:23665728	1	23665728	3.884490e-01	1.153781e+01
1:23669242	1	23669242	3.884490e-01	1.153781e+01
1:23688041	1	23688041	8.268530e-05	8.538453e+00
1:23689883	1	23689883	7.089127e-01	1.152033e+01
1:23690252	1	23690252	2.378038e-01	1.130398e+01
1:23696358	1	23696358	4.125771e-01	1.161502e+01
1:23707605	1	23707605	4.118305e-01	1.153835e+01
1:23718465	1	23718465	3.884490e-01	1.153781e+01
1:23723884	1	23723884	1.705080e-01	1.125044e+01
1:23724126	1	23724126	1.924378e-01	1.125147e+01
1:23739847	1	23739847	3.884490e-01	1.153781e+01
1:23739849	1	23739849	3.884490e-01	1.153781e+01
1:23740230	1	23740230	4.567223e-02	1.060109e+01
1:23741837	1	23741837	3.806929e-01	1.151884e+01
1:23741969	1	23741969	1.823162e-01	1.123363e+01
1:23742562	1	23742562	7.250130e-07	5.189802e+00
1:23745136	1	23745136	3.884490e-01	1.153781e+01
1:23785472	1	23785472	7.250130e-07	5.189802e+00
1:23787905	1	23787905	8.532510e-02	1.012810e+01
1:23790137	1	23790137	3.884490e-01	1.153781e+01
1:23791258	1	23791258	7.250130e-07	5.189802e+00
1:23814319	1	23814319	4.567223e-02	1.060109e+01
1:23829121	1	23829121	1.698161e-05	6.272713e+00
1:23832587	1	23832587	9.454881e-11	4.456802e+00
1:23855639	1	23855639	1.604831e-01	1.115946e+01
1:23856402	1	23856402	1.171481e-04	4.915904e+00
1:23857574	1	23857574	4.679960e-01	1.160447e+01
1:23871437	1	23871437	6.311674e-05	8.431153e+00
1:23887953	1	23887953	1.433157e-02	9.996048e+00
1:23900843	1	23900843	4.679960e-01	1.160447e+01
1:23912099	1	23912099	4.585097e-02	1.009049e+01
1:23914062	1	23914062	4.679960e-01	1.160447e+01
1:23915059	1	23915059	3.778092e-01	1.149651e+01
1:23934151	1	23934151	4.567223e-02	1.060109e+01
1:23940047	1	23940047	1.699027e-01	1.101643e+01
1:23940842	1	23940842	2.759187e-01	1.177371e+01
1:23945377	1	23945377	7.250130e-07	5.189802e+00
1:23949222	1	23949222	2.373498e-01	1.122112e+01
1:23975973	1	23975973	5.494632e-02	1.018173e+01
1:23978180	1	23978180	1.604831e-01	1.115946e+01
1:23979211	1	23979211	4.567223e-02	1.060109e+01
1:23993178	1	23993178	7.074823e-05	6.059390e+00
1:24013857	1	24013857	4.567223e-02	1.060109e+01
1:24018108	1	24018108	4.567223e-02	1.060109e+01
1:24033148	1	24033148	4.567223e-02	1.060109e+01
1:24039894	1	24039894	1.972157e-01	1.129545e+01
1:24048114	1	24048114	4.567223e-02	1.060109e+01
1:24067229	1	24067229	4.679960e-01	1.160447e+01
1:24082319	1	24082319	5.137845e-01	1.164675e+01
1:24083530	1	24083530	3.226250e-01	1.147425e+01
1:24083716	1	24083716	7.250130e-07	5.189802e+00
1:24091999	1	24091999	4.679960e-01	1.160447e+01
1:24107436	1	24107436	4.679960e-01	1.160447e+01
1:24141181	1	24141181	5.137294e-01	1.159276e+01
1:24149726	1	24149726	3.226250e-01	1.147425e+01
1:24167319	1	24167319	3.226250e-01	1.147425e+01
1:24193577	1	24193577	3.226250e-01	1.147425e+01
1:24196527	1	24196527	5.744628e-01	1.158012e+01
1:24196836	1	24196836	3.226250e-01	1.147425e+01
1:24197739	1	24197739	5.644229e-01	1.166281e+01
1:24200684	1	24200684	5.334797e-02	1.014036e+01
1:24268965	1	24268965	5.644229e-01	1.166281e+01
1:24286186	1	24286186	2.725501e-01	1.133617e+01
1:24286437	1	24286437	3.782353e-01	1.146480e+01
1:24288860	1	24288860	5.334797e-02	1.014036e+01
1:24317749	1	24317749	7.250130e-07	5.189802e+00
1:24318042	1	24318042	9.454881e-11	4.456802e+00
1:24321763	1	24321763	2.896997e-07	6.397137e+00
1:24326686	1	24326686	5.494632e-02	1.018173e+01
1:24330285	1	24330285	7.250130e-07	5.189802e+00
1:24334736	1	24334736	8.511540e-01	1.175723e+01
1:24360792	1	24360792	4.567223e-02	1.060109e+01
1:24369887	1	24369887	3.991400e-02	1.035468e+01
1:24378359	1	24378359	3.226250e-01	1.147425e+01
1:24394680	1	24394680	3.905032e-01	1.160223e+01
1:24400801	1	24400801	3.991400e-02	1.035468e+01
1:24405713	1	24405713	5.137845e-01	1.164675e+01
1:24418476	1	24418476	2.896997e-07	6.397137e+00
1:24427033	1	24427033	5.413330e-01	1.162966e+01
1:24445016	1	24445016	1.660363e-04	8.131185e+00
1:24462379	1	24462379	5.516463e-01	1.161188e+01
1:24465953	1	24465953	3.677431e-01	1.144150e+01
1:24467635	1	24467635	5.513220e-01	1.165365e+01
1:24487657	1	24487657	7.757491e-01	1.172744e+01
1:24495744	1	24495744	3.719852e-01	1.170740e+01
1:24499130	1	24499130	3.011811e-01	1.141873e+01
1:24499534	1	24499534	7.488441e-01	1.168512e+01
1:24510089	1	24510089	1.585945e-01	1.113404e+01
1:24517587	1	24517587	1.728277e-05	5.156259e+00
1:24526367	1	24526367	2.700060e-01	1.138616e+01
1:24530933	1	24530933	4.567223e-02	1.060109e+01
1:24536726	1	24536726	4.679960e-01	1.160447e+01
1:24545799	1	24545799	7.796400e-01	1.158249e+01
1:24546685	1	24546685	6.361498e-02	1.084113e+01
1:24572009	1	24572009	4.679960e-01	1.160447e+01
1:24574207	1	24574207	2.808312e-01	1.139986e+01
1:24597331	1	24597331	5.137845e-01	1.164675e+01
1:24601870	1	24601870	2.896997e-07	6.397137e+00
1:24605827	1	24605827	6.361498e-02	1.084113e+01
1:24608507	1	24608507	4.240510e-04	8.933451e+00
1:24608847	1	24608847	5.727203e-01	1.152452e+01
1:24610279	1	24610279	4.567223e-02	1.060109e+01
1:24619135	1	24619135	5.765129e-01	1.159761e+01
1:24619731	1	24619731	3.678662e-02	1.055727e+01
1:24622585	1	24622585	9.454881e-11	4.456802e+00
1:24638019	1	24638019	1.291699e-01	1.110747e+01
1:24648243	1	24648243	2.700060e-01	1.138616e+01
1:24662622	1	24662622	2.700060e-01	1.138616e+01
1:24667411	1	24667411	4.567223e-02	1.060109e+01
1:24682238	1	24682238	4.636648e-01	1.159649e+01
1:24684291	1	24684291	4.636648e-01	1.159649e+01
1:24717956	1	24717956	4.890378e-01	1.157074e+01
1:24720743	1	24720743	4.636648e-01	1.159649e+01
1:24737433	1	24737433	4.567223e-02	1.060109e+01
1:24743639	1	24743639	3.041975e-01	1.150392e+01
1:24749136	1	24749136	8.640845e-01	1.175686e+01
1:24754185	1	24754185	6.361498e-02	1.084113e+01
1:24765078	1	24765078	4.636648e-01	1.159649e+01
1:24771973	1	24771973	1.385441e-05	5.299619e+00
1:24776371	1	24776371	6.468324e-01	1.139411e+01
1:24777175	1	24777175	4.854769e-01	1.161523e+01
1:24778060	1	24778060	4.016682e-02	9.921339e+00
1:24781872	1	24781872	4.567223e-02	1.060109e+01
1:24793319	1	24793319	8.592231e-01	1.188923e+01
1:24793752	1	24793752	1.003186e-04	5.877528e+00
1:24807710	1	24807710	6.135653e-04	5.560237e+00
1:24820100	1	24820100	4.330222e-01	1.161307e+01
1:24835251	1	24835251	8.265768e-01	1.164150e+01
1:24852923	1	24852923	3.837076e-01	1.155564e+01
1:24854626	1	24854626	4.567223e-02	1.060109e+01
1:24855285	1	24855285	5.122435e-01	1.130262e+01
1:24897632	1	24897632	9.158034e-01	1.169906e+01
1:24903620	1	24903620	2.930907e-01	1.148009e+01
1:24918721	1	24918721	9.638076e-01	1.176391e+01
1:24933619	1	24933619	9.000216e-01	1.169012e+01
1:24957799	1	24957799	4.567223e-02	1.060109e+01
1:24962649	1	24962649	3.879429e-04	8.903072e+00
1:24975614	1	24975614	3.632790e-01	1.187542e+01
1:24988749	1	24988749	3.879429e-04	8.903072e+00
1:24988947	1	24988947	3.338924e-02	1.078126e+01
1:25006144	1	25006144	4.567223e-02	1.060109e+01
1:25023365	1	25023365	9.000216e-01	1.169012e+01
1:25024877	1	25024877	3.632790e-01	1.187542e+01
1:25029641	1	25029641	1.968326e-04	8.770279e+00
1:25032882	1	25032882	5.759545e-01	1.209656e+01
1:25048275	1	25048275	2.813763e-01	1.101777e+01
1:25067312	1	25067312	4.056809e-01	1.183324e+01
1:25067313	1	25067313	4.056809e-01	1.183324e+01
1:25081576	1	25081576	4.547697e-01	1.141408e+01
1:25082191	1	25082191	5.218381e-01	1.135708e+01
1:25087527	1	25087527	4.557846e-03	7.353066e+00
1:25088534	1	25088534	5.829210e-01	1.170653e+01
1:25092837	1	25092837	4.557846e-03	7.353066e+00
1:25097744	1	25097744	4.567223e-02	1.060109e+01
1:25114770	1	25114770	2.515328e-05	5.737052e+00
1:25137009	1	25137009	5.829210e-01	1.170653e+01
1:25140473	1	25140473	3.632790e-01	1.187542e+01
1:25153570	1	25153570	5.218381e-01	1.135708e+01
1:25165646	1	25165646	9.000216e-01	1.169012e+01
1:25172937	1	25172937	4.557846e-03	7.353066e+00
1:25181916	1	25181916	5.774514e-01	1.134294e+01
1:25185833	1	25185833	5.829210e-01	1.170653e+01
1:25192734	1	25192734	4.636648e-01	1.159649e+01
1:25203737	1	25203737	4.557846e-03	7.353066e+00
1:25224619	1	25224619	4.557846e-03	7.353066e+00
1:25230099	1	25230099	4.332982e-04	5.753750e+00
1:25243086	1	25243086	1.149904e-01	1.059039e+01
1:25245251	1	25245251	9.000216e-01	1.169012e+01
1:25314328	1	25314328	4.056809e-01	1.183324e+01
1:25338476	1	25338476	4.557846e-03	7.353066e+00
1:25346632	1	25346632	2.197375e-01	1.138059e+01
1:25348461	1	25348461	9.000216e-01	1.169012e+01
1:25349622	1	25349622	4.162300e-03	8.584433e+00
1:25366459	1	25366459	9.000216e-01	1.169012e+01
1:25371155	1	25371155	3.632790e-01	1.187542e+01
1:25378763	1	25378763	4.162300e-03	8.584433e+00
1:25391100	1	25391100	3.632790e-01	1.187542e+01
1:25392372	1	25392372	1.479759e-01	1.148837e+01
1:25402905	1	25402905	5.829210e-01	1.170653e+01
1:25406118	1	25406118	5.829210e-01	1.170653e+01
1:25412158	1	25412158	9.000216e-01	1.169012e+01
1:25414614	1	25414614	4.016682e-02	9.921339e+00
1:25438868	1	25438868	9.000216e-01	1.169012e+01
1:25441963	1	25441963	2.930907e-01	1.148009e+01
1:25443159	1	25443159	2.197375e-01	1.138059e+01
1:25446027	1	25446027	9.000216e-01	1.169012e+01
1:25446725	1	25446725	9.000216e-01	1.169012e+01
1:25450863	1	25450863	1.825033e-01	1.106939e+01
1:25451878	1	25451878	6.368924e-02	9.569211e+00
1:25452926	1	25452926	2.197375e-01	1.138059e+01
1:25462252	1	25462252	3.632790e-01	1.187542e+01
1:25503260	1	25503260	5.533540e-03	8.663421e+00
1:25517534	1	25517534	9.000216e-01	1.169012e+01
1:25519941	1	25519941	2.878098e-01	1.099355e+01
1:25534573	1	25534573	1.825033e-01	1.106939e+01
1:25554491	1	25554491	7.736618e-01	1.161137e+01
1:25556155	1	25556155	1.825033e-01	1.106939e+01
1:25562270	1	25562270	2.456055e-04	7.030694e+00
1:25564283	1	25564283	4.051231e-01	1.165620e+01
1:25565035	1	25565035	7.736618e-01	1.161137e+01
1:25569304	1	25569304	3.316555e-01	1.149479e+01
1:25571581	1	25571581	4.717102e-02	9.463056e+00
1:25588891	1	25588891	3.316555e-01	1.149479e+01
1:25600801	1	25600801	7.353466e-01	1.160702e+01
1:25622709	1	25622709	2.306562e-01	1.147685e+01
1:25625953	1	25625953	5.625546e-01	1.182242e+01
1:25653015	1	25653015	5.948140e-03	8.837704e+00
1:25656249	1	25656249	3.338155e-01	1.101337e+01
1:25678590	1	25678590	2.652967e-01	1.178774e+01
1:25680996	1	25680996	3.338155e-01	1.101337e+01
1:25685432	1	25685432	4.966916e-01	1.132221e+01
1:25688113	1	25688113	2.398858e-02	9.629720e+00
1:25701803	1	25701803	5.008991e-01	1.189616e+01
1:25759084	1	25759084	1.825033e-01	1.106939e+01
1:25772966	1	25772966	4.491140e-01	1.190866e+01
1:25783152	1	25783152	1.987696e-01	1.140900e+01
1:25790199	1	25790199	3.788726e-01	1.104262e+01
1:25811662	1	25811662	1.825033e-01	1.106939e+01
1:25816180	1	25816180	7.232597e-01	1.188360e+01
1:25823097	1	25823097	7.232597e-01	1.188360e+01
1:25826130	1	25826130	2.415459e-01	1.079489e+01
1:25834861	1	25834861	7.232597e-01	1.188360e+01
1:25839203	1	25839203	4.649371e-03	8.554225e+00
1:25866411	1	25866411	1.825033e-01	1.106939e+01
1:25869064	1	25869064	2.621904e-01	1.148580e+01
1:25871504	1	25871504	3.632790e-01	1.187542e+01
1:25882353	1	25882353	6.294445e-01	1.180053e+01
1:25884208	1	25884208	4.883968e-01	1.113673e+01
1:25906488	1	25906488	5.646739e-01	1.206626e+01
1:25912895	1	25912895	4.703011e-01	1.165509e+01
1:25927937	1	25927937	7.232597e-01	1.188360e+01
1:25934692	1	25934692	7.232597e-01	1.188360e+01
1:25974290	1	25974290	4.703011e-01	1.165509e+01
1:25987914	1	25987914	7.909872e-01	1.167089e+01
1:26009761	1	26009761	6.637375e-02	9.421470e+00
1:26026807	1	26026807	3.632790e-01	1.187542e+01
1:26034576	1	26034576	2.274195e-01	1.114303e+01
1:26035777	1	26035777	1.720985e-02	9.292510e+00
1:26048181	1	26048181	7.232597e-01	1.188360e+01
1:26048183	1	26048183	7.232597e-01	1.188360e+01
1:26059172	1	26059172	4.703011e-01	1.165509e+01
1:26059604	1	26059604	4.478149e-01	1.119819e+01
1:26070589	1	26070589	7.232597e-01	1.188360e+01
1:26080031	1	26080031	7.232597e-01	1.188360e+01
1:26110975	1	26110975	6.660557e-01	1.194284e+01
1:26111116	1	26111116	2.841695e-01	1.091550e+01
1:26128166	1	26128166	4.703011e-01	1.165509e+01
1:26155006	1	26155006	3.632790e-01	1.187542e+01
1:26183274	1	26183274	1.792295e-03	7.872048e+00
1:26189656	1	26189656	3.632790e-01	1.187542e+01
1:26189828	1	26189828	7.909872e-01	1.167089e+01
1:26193646	1	26193646	3.063017e-01	1.187804e+01
1:26196446	1	26196446	3.632790e-01	1.187542e+01
1:26197500	1	26197500	7.232597e-01	1.188360e+01
1:26197684	1	26197684	3.403608e-01	1.189968e+01
1:26213352	1	26213352	7.232597e-01	1.188360e+01
1:26217719	1	26217719	4.703011e-01	1.165509e+01
1:26251491	1	26251491	7.192935e-01	1.159502e+01
1:26263927	1	26263927	4.703011e-01	1.165509e+01
1:26271943	1	26271943	4.973783e-01	1.166552e+01
1:26275534	1	26275534	6.183353e-01	1.135426e+01
1:26292915	1	26292915	7.232597e-01	1.188360e+01
1:26297025	1	26297025	3.632790e-01	1.187542e+01
1:26297027	1	26297027	3.632790e-01	1.187542e+01
1:26303169	1	26303169	6.494471e-01	1.190304e+01
1:26318490	1	26318490	1.825033e-01	1.106939e+01
1:26318773	1	26318773	5.331000e-01	1.167350e+01
1:26321789	1	26321789	4.649371e-03	8.554225e+00
1:26323000	1	26323000	6.494471e-01	1.190304e+01
1:26323611	1	26323611	1.825033e-01	1.106939e+01
1:26339026	1	26339026	3.127441e-01	1.131418e+01
1:26344916	1	26344916	1.350721e-01	1.018439e+01
1:26350079	1	26350079	1.223247e-01	1.018513e+01
1:26366457	1	26366457	9.474369e-01	1.170780e+01
1:26373514	1	26373514	1.537526e-01	1.030105e+01
1:26381087	1	26381087	3.443162e-01	1.189131e+01
1:26398476	1	26398476	2.334194e-01	1.113758e+01
1:26400985	1	26400985	3.448108e-01	1.190676e+01
1:26416361	1	26416361	3.632790e-01	1.187542e+01
1:26448542	1	26448542	4.910920e-01	1.169203e+01
1:26464904	1	26464904	1.825033e-01	1.106939e+01
1:26469543	1	26469543	5.281729e-01	1.157878e+01
1:26490886	1	26490886	4.703011e-01	1.165509e+01
1:26506296	1	26506296	4.703011e-01	1.165509e+01
1:26525759	1	26525759	8.932030e-01	1.180653e+01
1:26525884	1	26525884	1.223247e-01	1.018513e+01
1:26526867	1	26526867	3.045722e-01	1.136604e+01
1:26547876	1	26547876	2.836406e-01	1.092777e+01
1:26555134	1	26555134	5.331000e-01	1.167350e+01
1:26603965	1	26603965	8.949055e-01	1.180355e+01
1:26616706	1	26616706	8.847897e-01	1.181026e+01
1:26634853	1	26634853	2.836406e-01	1.092777e+01
1:26647612	1	26647612	7.323471e-01	1.171362e+01
1:26672813	1	26672813	1.651597e-02	8.080088e+00
1:26699168	1	26699168	6.417381e-01	1.146107e+01
1:26712291	1	26712291	3.220428e-01	1.134709e+01
1:26714964	1	26714964	3.114661e-02	8.832359e+00
1:26720016	1	26720016	2.137683e-04	1.111850e+01
1:26729619	1	26729619	7.323471e-01	1.171362e+01
1:26753308	1	26753308	3.913823e-01	1.133666e+01
1:26755483	1	26755483	3.045722e-01	1.136604e+01
1:26755559	1	26755559	2.023092e-02	8.518360e+00
1:26755897	1	26755897	1.293056e-02	9.428380e+00
1:26763152	1	26763152	2.836406e-01	1.092777e+01
1:26770368	1	26770368	6.247111e-01	1.163619e+01
1:26770751	1	26770751	6.417381e-01	1.146107e+01
1:26793496	1	26793496	9.282457e-01	1.178187e+01
1:26803463	1	26803463	7.323471e-01	1.171362e+01
1:26844918	1	26844918	7.323471e-01	1.171362e+01
1:26856849	1	26856849	3.045722e-01	1.136604e+01
1:26890222	1	26890222	9.997624e-01	1.174112e+01
1:26902416	1	26902416	5.983024e-01	1.180322e+01
1:26930383	1	26930383	3.045722e-01	1.136604e+01
1:26930590	1	26930590	6.607694e-01	1.188089e+01
1:26931549	1	26931549	2.708186e-02	9.015171e+00
1:26932039	1	26932039	9.617194e-01	1.176292e+01
1:26957791	1	26957791	2.836406e-01	1.092777e+01
1:26960755	1	26960755	1.223247e-01	1.018513e+01
1:26968872	1	26968872	3.045722e-01	1.136604e+01
1:26975834	1	26975834	7.323471e-01	1.171362e+01
1:26989126	1	26989126	8.811145e-01	1.172788e+01
1:26991196	1	26991196	3.045722e-01	1.136604e+01
1:26992093	1	26992093	3.045722e-01	1.136604e+01
1:26993953	1	26993953	3.045722e-01	1.136604e+01
1:27017156	1	27017156	7.323471e-01	1.171362e+01
1:27017270	1	27017270	3.164187e-01	1.159999e+01
1:27031222	1	27031222	7.323471e-01	1.171362e+01
1:27036479	1	27036479	8.552525e-02	9.617593e+00
1:27069052	1	27069052	3.045722e-01	1.136604e+01
1:27072176	1	27072176	7.323471e-01	1.171362e+01
1:27078268	1	27078268	1.232624e-01	9.932120e+00
1:27078269	1	27078269	5.683025e-02	9.839530e+00
1:27089215	1	27089215	6.247085e-01	1.176162e+01
1:27094257	1	27094257	6.949389e-04	7.437293e+00
1:27115583	1	27115583	7.323471e-01	1.171362e+01
1:27131596	1	27131596	6.741964e-02	1.027152e+01
1:27158038	1	27158038	3.045722e-01	1.136604e+01
1:27184762	1	27184762	2.124272e-01	1.006738e+01
1:27188545	1	27188545	4.180439e-02	9.886458e+00
1:27201104	1	27201104	7.323471e-01	1.171362e+01
1:27206727	1	27206727	7.323471e-01	1.171362e+01
1:27241225	1	27241225	8.191561e-01	1.183776e+01
1:27260928	1	27260928	6.640251e-02	1.031217e+01
1:27267051	1	27267051	1.971996e-01	1.108966e+01
1:27273407	1	27273407	6.640251e-02	1.031217e+01
1:27303705	1	27303705	3.510391e-01	1.133316e+01
1:27304920	1	27304920	6.949389e-04	7.437293e+00
1:27309234	1	27309234	6.047634e-01	1.165724e+01
1:27319308	1	27319308	3.987078e-03	8.219852e+00
1:27358139	1	27358139	4.377346e-03	8.321509e+00
1:27366300	1	27366300	3.510391e-01	1.133316e+01
1:27390710	1	27390710	5.331000e-01	1.167350e+01
1:27394194	1	27394194	6.401218e-01	1.169139e+01
1:27448982	1	27448982	5.261064e-01	1.130836e+01
1:27472025	1	27472025	3.510391e-01	1.133316e+01
1:27496100	1	27496100	3.987078e-03	8.219852e+00
1:27519908	1	27519908	8.640845e-01	1.175686e+01
1:27520902	1	27520902	3.284569e-01	1.090112e+01
1:27535396	1	27535396	4.948651e-01	1.124128e+01
1:27545146	1	27545146	5.744296e-01	1.167800e+01
1:27552974	1	27552974	4.964497e-01	1.166174e+01
1:27570617	1	27570617	2.283629e-01	1.107906e+01
1:27583032	1	27583032	6.676162e-01	1.139837e+01
1:27591907	1	27591907	4.027841e-01	1.176654e+01
1:27605027	1	27605027	2.594942e-01	1.083426e+01
1:27642064	1	27642064	8.848952e-01	1.181106e+01
1:27654009	1	27654009	5.744296e-01	1.167800e+01
1:27677924	1	27677924	3.510391e-01	1.133316e+01
1:27683922	1	27683922	5.744296e-01	1.167800e+01
1:27712824	1	27712824	3.298128e-01	1.131778e+01
1:27741867	1	27741867	4.218571e-01	1.113126e+01
1:27762293	1	27762293	5.744296e-01	1.167800e+01
1:27771648	1	27771648	8.640845e-01	1.175686e+01
1:27786271	1	27786271	1.440603e-01	1.077285e+01
1:27795419	1	27795419	5.744296e-01	1.167800e+01
1:27854213	1	27854213	2.954207e-01	1.151290e+01
1:27869776	1	27869776	5.898685e-01	1.112798e+01
1:27887306	1	27887306	6.040061e-01	1.168745e+01
1:27889500	1	27889500	2.954207e-01	1.151290e+01
1:27912529	1	27912529	1.865681e-01	1.162277e+01
1:27928615	1	27928615	6.353420e-01	1.144000e+01
1:27937175	1	27937175	3.510391e-01	1.133316e+01
1:27949925	1	27949925	2.127870e-03	7.633379e+00
1:27964898	1	27964898	3.510391e-01	1.133316e+01
1:27978731	1	27978731	3.510391e-01	1.133316e+01
1:27979974	1	27979974	2.954207e-01	1.151290e+01
1:28000498	1	28000498	2.023092e-02	8.518360e+00
1:28009335	1	28009335	3.510391e-01	1.133316e+01
1:28023074	1	28023074	7.435415e-01	1.151474e+01
1:28025752	1	28025752	2.594942e-01	1.083426e+01
1:28064206	1	28064206	3.107637e-01	1.063735e+01
1:28068092	1	28068092	3.243822e-01	1.146687e+01
1:28094380	1	28094380	2.889079e-04	6.947279e+00
1:28094987	1	28094987	2.954207e-01	1.151290e+01
1:28095920	1	28095920	7.435415e-01	1.151474e+01
1:28124110	1	28124110	5.331000e-01	1.167350e+01
1:28131712	1	28131712	3.510391e-01	1.133316e+01
1:28134538	1	28134538	4.947831e-03	8.557423e+00
1:28146999	1	28146999	3.164917e-01	1.145785e+01
1:28170534	1	28170534	5.254226e-01	1.166936e+01
1:28173443	1	28173443	2.954207e-01	1.151290e+01
1:28187594	1	28187594	2.474171e-01	1.152854e+01
1:28208654	1	28208654	2.139823e-01	1.081614e+01
1:28281684	1	28281684	9.714722e-05	6.687021e+00
1:28281760	1	28281760	4.123202e-02	9.598832e+00
1:28283693	1	28283693	3.045722e-01	1.136604e+01
1:28288503	1	28288503	1.130313e-01	1.130041e+01
1:28305482	1	28305482	1.326259e-01	1.134203e+01
1:28350792	1	28350792	3.625007e-05	6.225618e+00
1:28373080	1	28373080	4.626791e-01	1.131494e+01
1:28389180	1	28389180	4.250262e-01	1.132846e+01
1:28398808	1	28398808	4.720147e-02	9.767889e+00
1:28406038	1	28406038	6.429014e-02	1.240155e+01
1:28422975	1	28422975	2.098526e-01	1.056346e+01
1:28427660	1	28427660	1.723679e-01	1.065484e+01
1:28453262	1	28453262	2.249069e-01	1.084565e+01
1:28454752	1	28454752	4.198282e-04	7.392411e+00
1:28484023	1	28484023	3.616709e-01	1.120228e+01
1:28485846	1	28485846	6.407623e-01	1.159805e+01
1:28515565	1	28515565	2.623895e-01	1.155792e+01
1:28515615	1	28515615	3.045722e-01	1.136604e+01
1:28516116	1	28516116	6.426379e-01	1.133199e+01
1:28520004	1	28520004	9.023388e-01	1.176457e+01
1:28540353	1	28540353	5.114138e-02	1.090793e+01
1:28551444	1	28551444	3.164187e-01	1.159999e+01
1:28561508	1	28561508	6.154536e-01	1.175092e+01
1:28572104	1	28572104	5.114138e-02	1.090793e+01
1:28580465	1	28580465	2.818092e-03	9.520748e+00
1:28583160	1	28583160	5.114138e-02	1.090793e+01
1:28584513	1	28584513	2.623895e-01	1.155792e+01
1:28588161	1	28588161	5.556001e-03	9.295831e+00
1:28628278	1	28628278	6.154536e-01	1.175092e+01
1:28628645	1	28628645	6.037622e-01	1.159630e+01
1:28629569	1	28629569	2.011834e-04	6.932853e+00
1:28637998	1	28637998	2.156637e-01	1.152538e+01
1:28671975	1	28671975	3.793979e-01	1.147202e+01
1:28693003	1	28693003	2.197614e-01	1.072965e+01
1:28693567	1	28693567	4.156283e-02	1.078294e+01
1:28735838	1	28735838	3.805807e-01	9.926206e+00
1:28739526	1	28739526	3.510864e-01	1.154835e+01
1:28739527	1	28739527	3.510864e-01	1.154835e+01
1:28749667	1	28749667	2.623895e-01	1.155792e+01
1:28820819	1	28820819	8.052115e-02	1.100141e+01
1:28827227	1	28827227	3.669606e-01	1.153832e+01
1:28842818	1	28842818	7.565783e-01	1.156351e+01
1:28843815	1	28843815	1.065093e-01	1.076582e+01
1:28861919	1	28861919	5.114138e-02	1.090793e+01
1:28882344	1	28882344	6.839422e-02	1.111663e+01
1:28902137	1	28902137	5.753834e-01	1.172161e+01
1:28906204	1	28906204	1.433148e-01	1.202938e+01
1:28910530	1	28910530	2.502735e-01	1.151382e+01
1:28915631	1	28915631	6.037622e-01	1.159630e+01
1:28924377	1	28924377	3.510864e-01	1.154835e+01
1:28944920	1	28944920	3.791167e-05	6.011387e+00
1:28954870	1	28954870	2.502735e-01	1.151382e+01
1:28981332	1	28981332	6.037622e-01	1.159630e+01
1:28985532	1	28985532	2.902389e-01	1.152480e+01
1:29005415	1	29005415	5.459399e-08	6.214883e+00
1:29008510	1	29008510	6.037622e-01	1.159630e+01
1:29020464	1	29020464	6.037622e-01	1.159630e+01
1:29020970	1	29020970	3.510864e-01	1.154835e+01
1:29044254	1	29044254	3.510864e-01	1.154835e+01
1:29050922	1	29050922	2.502735e-01	1.151382e+01
1:29063307	1	29063307	2.818092e-03	9.520748e+00
1:29096736	1	29096736	5.459399e-08	6.214883e+00
1:29114819	1	29114819	5.459399e-08	6.214883e+00
1:29144871	1	29144871	1.982505e-03	9.399075e+00
1:29158898	1	29158898	6.037622e-01	1.159630e+01
1:29186094	1	29186094	2.236810e-01	1.096205e+01
1:29190758	1	29190758	4.479496e-01	1.168299e+01
1:29199324	1	29199324	8.730952e-02	1.092502e+01
1:29222983	1	29222983	4.479496e-01	1.168299e+01
1:29226013	1	29226013	4.479496e-01	1.168299e+01
1:29231901	1	29231901	3.901907e-01	1.162187e+01
1:29250435	1	29250435	4.368930e-02	1.041171e+01
1:29260666	1	29260666	6.024515e-01	1.179815e+01
1:29261848	1	29261848	3.045722e-01	1.136604e+01
1:29276010	1	29276010	9.956734e-01	1.173969e+01
1:29316981	1	29316981	3.045722e-01	1.136604e+01
1:29336596	1	29336596	3.045722e-01	1.136604e+01
1:29337534	1	29337534	4.242906e-02	1.073820e+01
1:29337713	1	29337713	7.478014e-01	1.171735e+01
1:29341024	1	29341024	2.765411e-02	1.048931e+01
1:29367837	1	29367837	5.331000e-01	1.167350e+01
1:29398922	1	29398922	8.657392e-01	1.182052e+01
1:29441374	1	29441374	2.630063e-01	1.134662e+01
1:29443578	1	29443578	3.045722e-01	1.136604e+01
1:29464387	1	29464387	8.118664e-02	1.037213e+01
1:29535372	1	29535372	3.549024e-01	1.152084e+01
1:29545440	1	29545440	3.549024e-01	1.152084e+01
1:29546495	1	29546495	8.747120e-03	9.996485e+00
1:29564184	1	29564184	6.003280e-01	1.165183e+01
1:29564726	1	29564726	3.549024e-01	1.152084e+01
1:29571796	1	29571796	3.549024e-01	1.152084e+01
1:29590278	1	29590278	1.288668e-02	9.964478e+00
1:29594882	1	29594882	3.045722e-01	1.136604e+01
1:29597842	1	29597842	3.252588e-01	1.157234e+01
1:29603391	1	29603391	4.363432e-04	8.239679e+00
1:29614179	1	29614179	3.786866e-01	1.147285e+01
1:29621627	1	29621627	8.529092e-01	1.176294e+01
1:29627822	1	29627822	4.041692e-01	1.155988e+01
1:29661078	1	29661078	3.549024e-01	1.152084e+01
1:29663560	1	29663560	5.331000e-01	1.167350e+01
1:29671315	1	29671315	4.970484e-01	1.150279e+01
1:29675748	1	29675748	9.048921e-01	1.174549e+01
1:29679215	1	29679215	8.508746e-01	1.171902e+01
1:29709015	1	29709015	1.712269e-07	6.424195e+00
1:29722200	1	29722200	2.117471e-02	9.967789e+00
1:29741826	1	29741826	3.252588e-01	1.157234e+01
1:29746995	1	29746995	1.712269e-07	6.424195e+00
1:29780186	1	29780186	8.796645e-02	1.103573e+01
1:29788076	1	29788076	1.712269e-07	6.424195e+00
1:29796327	1	29796327	8.796645e-02	1.103573e+01
1:29801713	1	29801713	8.917012e-01	1.165511e+01
1:29802298	1	29802298	3.549024e-01	1.152084e+01
1:29809330	1	29809330	5.743093e-07	6.675781e+00
1:29873940	1	29873940	3.686058e-01	1.141542e+01
1:29886181	1	29886181	7.638885e-01	1.172004e+01
1:29887637	1	29887637	2.325293e-01	1.129691e+01
1:29890049	1	29890049	4.819639e-02	9.891708e+00
1:29944322	1	29944322	9.264764e-01	1.173906e+01
1:29978001	1	29978001	4.377564e-01	1.157745e+01
1:29994622	1	29994622	8.796645e-02	1.103573e+01
1:30004477	1	30004477	8.796645e-02	1.103573e+01
1:30010370	1	30010370	8.796645e-02	1.103573e+01
1:30025112	1	30025112	9.264764e-01	1.173906e+01
1:30030363	1	30030363	8.640845e-01	1.175686e+01
1:30034509	1	30034509	2.747729e-02	1.045420e+01
1:30036628	1	30036628	1.309218e-02	9.958971e+00
1:30053235	1	30053235	4.608264e-01	1.153697e+01
1:30062734	1	30062734	3.724869e-01	1.138805e+01
1:30068941	1	30068941	7.638885e-01	1.172004e+01
1:30081668	1	30081668	2.072231e-01	1.129209e+01
1:30086236	1	30086236	2.145668e-01	1.127061e+01
1:30121803	1	30121803	8.796645e-02	1.103573e+01
1:30132603	1	30132603	8.796645e-02	1.103573e+01
1:30134362	1	30134362	2.227013e-01	1.128364e+01
1:30137827	1	30137827	8.640845e-01	1.175686e+01
1:30143548	1	30143548	8.240028e-01	1.181196e+01
1:30160783	1	30160783	2.365955e-01	1.132973e+01
1:30168861	1	30168861	3.722178e-01	1.135857e+01
1:30172424	1	30172424	8.552815e-01	1.176042e+01
1:30173786	1	30173786	7.638885e-01	1.172004e+01
1:30191854	1	30191854	8.796645e-02	1.103573e+01
1:30193037	1	30193037	8.796645e-02	1.103573e+01
1:30200790	1	30200790	9.264764e-01	1.173906e+01
1:30210949	1	30210949	5.060312e-03	7.857159e+00
1:30214678	1	30214678	8.302735e-01	1.173116e+01
1:30215469	1	30215469	1.712269e-07	6.424195e+00
1:30217396	1	30217396	2.145668e-01	1.127061e+01
1:30228800	1	30228800	1.110140e-02	1.008412e+01
1:30231668	1	30231668	2.145668e-01	1.127061e+01
1:30242928	1	30242928	8.796645e-02	1.103573e+01
1:30249744	1	30249744	1.973095e-01	1.176520e+01
1:30257752	1	30257752	8.796645e-02	1.103573e+01
1:30260814	1	30260814	9.461440e-01	1.168657e+01
1:30267674	1	30267674	1.110140e-02	1.008412e+01
1:30275366	1	30275366	1.629229e-07	6.202120e+00
1:30302372	1	30302372	4.550581e-01	1.155251e+01
1:30302375	1	30302375	4.550581e-01	1.155251e+01
1:30302376	1	30302376	4.550581e-01	1.155251e+01
1:30303954	1	30303954	4.377564e-01	1.157745e+01
1:30304136	1	30304136	2.145668e-01	1.127061e+01
1:30307500	1	30307500	9.264764e-01	1.173906e+01
1:30319631	1	30319631	2.145668e-01	1.127061e+01
1:30331507	1	30331507	8.302735e-01	1.173116e+01
1:30340457	1	30340457	1.092184e-02	1.011911e+01
1:30344501	1	30344501	2.443424e-01	1.132557e+01
1:30347182	1	30347182	1.092184e-02	1.011911e+01
1:30377182	1	30377182	3.793850e-01	1.139075e+01
1:30380957	1	30380957	8.302735e-01	1.173116e+01
1:30384078	1	30384078	2.244754e-02	1.039908e+01
1:30398600	1	30398600	8.302735e-01	1.173116e+01
1:30414106	1	30414106	9.264764e-01	1.173906e+01
1:30416953	1	30416953	8.796645e-02	1.103573e+01
2:98646	2	98646	8.860356e-01	1.174738e+01
2:98860	2	98860	6.119045e-01	1.171585e+01
2:105276	2	105276	7.355206e-01	1.171241e+01
2:111395	2	111395	1.908741e-01	1.119713e+01
2:117300	2	117300	3.212273e-04	7.582034e+00
2:141843	2	141843	1.400378e-01	1.111783e+01
2:157648	2	157648	7.355206e-01	1.171241e+01
2:162513	2	162513	6.024515e-01	1.179815e+01
2:163092	2	163092	7.355206e-01	1.171241e+01
2:163093	2	163093	7.355206e-01	1.171241e+01
2:170934	2	170934	8.767807e-01	1.174441e+01
2:178474	2	178474	1.634410e-01	1.298071e+01
2:179599	2	179599	1.825033e-01	1.106939e+01
2:183974	2	183974	4.172449e-01	1.164166e+01
2:184901	2	184901	2.249029e-01	1.105418e+01
2:186061	2	186061	1.825033e-01	1.106939e+01
2:187550	2	187550	2.270693e-01	1.121909e+01
2:189789	2	189789	8.733003e-01	1.173960e+01
2:191557	2	191557	2.178481e-05	7.708319e+00
2:204574	2	204574	5.790287e-01	1.159268e+01
2:207021	2	207021	8.733003e-01	1.173960e+01
2:215230	2	215230	2.026553e-01	1.103980e+01
2:238193	2	238193	4.000479e-05	8.000935e+00
2:275033	2	275033	5.324168e-01	1.163099e+01
2:276235	2	276235	3.678569e-04	8.786479e+00
2:279460	2	279460	7.405031e-01	1.174646e+01
2:279614	2	279614	1.825033e-01	1.106939e+01
2:289644	2	289644	8.890812e-01	1.170419e+01
2:302403	2	302403	1.825033e-01	1.106939e+01
2:306145	2	306145	5.031513e-01	1.160043e+01
2:323602	2	323602	3.155924e-01	1.199769e+01
2:330990	2	330990	4.172449e-01	1.164166e+01
2:340587	2	340587	5.582808e-02	1.064325e+01
2:342702	2	342702	4.655264e-01	1.158627e+01
2:349265	2	349265	1.825033e-01	1.106939e+01
2:351442	2	351442	4.172449e-01	1.164166e+01
2:360586	2	360586	5.992865e-01	1.162182e+01
2:376992	2	376992	5.582808e-02	1.064325e+01
2:379532	2	379532	5.302933e-04	8.899753e+00
2:381055	2	381055	4.655264e-01	1.158627e+01
2:398890	2	398890	9.157569e-01	1.172757e+01
2:400074	2	400074	4.920728e-01	1.149940e+01
2:405870	2	405870	9.157569e-01	1.172757e+01
2:407463	2	407463	5.922776e-01	1.159791e+01
2:408815	2	408815	5.950595e-02	1.070754e+01
2:417474	2	417474	6.296480e-01	1.163325e+01
2:443745	2	443745	1.825033e-01	1.106939e+01
2:472012	2	472012	3.678569e-04	8.786479e+00
2:484701	2	484701	5.582808e-02	1.064325e+01
2:502258	2	502258	9.190357e-01	1.174504e+01
2:505050	2	505050	4.870177e-01	1.159797e+01
2:505836	2	505836	5.582808e-02	1.064325e+01
2:521895	2	521895	9.157569e-01	1.172757e+01
2:529021	2	529021	5.324168e-01	1.163099e+01
2:531521	2	531521	4.558901e-01	1.156716e+01
2:540789	2	540789	1.124795e-01	1.080941e+01
2:541626	2	541626	4.655264e-01	1.158627e+01
2:552531	2	552531	1.825033e-01	1.106939e+01
2:561769	2	561769	4.655264e-01	1.158627e+01
2:563962	2	563962	4.655264e-01	1.158627e+01
2:586193	2	586193	4.076843e-01	1.163562e+01
2:595274	2	595274	4.380455e-01	1.158283e+01
2:600803	2	600803	1.743947e-01	1.119523e+01
2:601234	2	601234	5.324168e-01	1.163099e+01
2:605741	2	605741	4.655264e-01	1.158627e+01
2:606450	2	606450	5.472634e-03	8.496937e+00
2:608615	2	608615	4.655264e-01	1.158627e+01
2:611472	2	611472	5.582808e-02	1.064325e+01
2:613558	2	613558	5.992865e-01	1.162182e+01
2:622439	2	622439	4.801708e-01	1.076383e+01
2:624164	2	624164	5.582808e-02	1.064325e+01
2:660747	2	660747	1.825033e-01	1.106939e+01
2:689462	2	689462	9.966616e-01	1.174121e+01
2:706796	2	706796	8.509899e-01	1.174620e+01
2:768530	2	768530	1.664204e-01	1.114160e+01
2:772383	2	772383	4.655264e-01	1.158627e+01
2:793907	2	793907	9.342083e-01	1.165678e+01
2:802367	2	802367	1.825033e-01	1.106939e+01
2:803047	2	803047	5.324168e-01	1.163099e+01
2:825373	2	825373	2.145528e-01	1.113547e+01
2:847322	2	847322	1.825033e-01	1.106939e+01
2:850424	2	850424	9.180780e-01	1.174735e+01
2:862833	2	862833	4.655264e-01	1.158627e+01
2:866506	2	866506	1.825033e-01	1.106939e+01
2:874168	2	874168	4.437024e-01	1.160891e+01
2:882228	2	882228	9.608632e-01	1.173405e+01
2:899189	2	899189	1.825033e-01	1.106939e+01
2:902099	2	902099	1.825033e-01	1.106939e+01
2:904624	2	904624	2.748490e-01	1.108491e+01
2:904637	2	904637	6.737237e-01	1.155908e+01
2:944801	2	944801	1.868354e-03	9.471739e+00
2:945292	2	945292	2.759156e-01	1.125019e+01
2:950916	2	950916	8.560106e-01	1.174842e+01
2:956665	2	956665	7.351366e-01	1.181491e+01
2:959675	2	959675	1.664204e-01	1.114160e+01
2:962818	2	962818	8.731974e-01	1.174357e+01
2:976415	2	976415	1.825033e-01	1.106939e+01
2:976751	2	976751	1.825033e-01	1.106939e+01
2:979064	2	979064	3.798746e-01	1.110429e+01
2:981302	2	981302	9.064740e-01	1.174712e+01
2:984249	2	984249	5.867526e-01	1.158561e+01
2:989439	2	989439	9.897232e-01	1.174352e+01
2:994261	2	994261	2.759156e-01	1.125019e+01
2:997765	2	997765	8.509899e-01	1.174620e+01
2:1013865	2	1013865	4.861289e-01	1.174504e+01
2:1023313	2	1023313	1.825033e-01	1.106939e+01
2:1027380	2	1027380	5.867526e-01	1.158561e+01
2:1029784	2	1029784	9.157569e-01	1.172757e+01
2:1042721	2	1042721	9.180780e-01	1.174735e+01
2:1049557	2	1049557	2.880306e-02	9.992478e+00
2:1073637	2	1073637	9.180780e-01	1.174735e+01
2:1082734	2	1082734	6.199181e-01	1.164538e+01
2:1089182	2	1089182	5.637269e-01	1.157336e+01
2:1089966	2	1089966	1.825033e-01	1.106939e+01
2:1112906	2	1112906	6.024515e-01	1.179815e+01
2:1113393	2	1113393	3.031927e-04	8.813214e+00
2:1113996	2	1113996	5.401242e-01	1.157240e+01
2:1114007	2	1114007	3.451030e-01	1.172027e+01
2:1123800	2	1123800	8.372784e-01	1.173303e+01
2:1142869	2	1142869	7.985160e-01	1.173739e+01
2:1142945	2	1142945	5.324168e-01	1.163099e+01
2:1159802	2	1159802	6.009433e-01	1.154476e+01
2:1163045	2	1163045	7.383688e-01	1.180694e+01
2:1163353	2	1163353	1.862146e-01	1.121692e+01
2:1163354	2	1163354	1.862146e-01	1.121692e+01
2:1164486	2	1164486	1.489306e-01	1.164439e+01
2:1167410	2	1167410	4.655264e-01	1.158627e+01
2:1168634	2	1168634	6.571645e-01	1.161801e+01
2:1168795	2	1168795	9.359686e-01	1.174372e+01
2:1205397	2	1205397	9.816349e-01	1.174192e+01
2:1256772	2	1256772	7.209829e-01	1.169340e+01
2:1260285	2	1260285	6.309581e-01	1.161809e+01
2:1273951	2	1273951	9.555941e-01	1.170838e+01
2:1278672	2	1278672	1.825033e-01	1.106939e+01
2:1288857	2	1288857	1.825033e-01	1.106939e+01
2:1289367	2	1289367	5.992865e-01	1.162182e+01
2:1296048	2	1296048	3.688989e-01	1.153494e+01
2:1296650	2	1296650	3.246094e-01	1.146238e+01
2:1304510	2	1304510	3.688989e-01	1.153494e+01
2:1309526	2	1309526	1.664204e-01	1.114160e+01
2:1310035	2	1310035	5.822978e-01	1.158690e+01
2:1313322	2	1313322	1.825033e-01	1.106939e+01
2:1380098	2	1380098	3.476085e-01	1.153957e+01
2:1404389	2	1404389	4.532045e-03	9.393327e+00
2:1406743	2	1406743	4.115368e-01	1.151632e+01
2:1409640	2	1409640	5.426994e-01	1.162302e+01
2:1410734	2	1410734	9.303659e-01	1.174932e+01
2:1411024	2	1411024	3.622398e-05	2.464570e+01
2:1411036	2	1411036	1.825033e-01	1.106939e+01
2:1412816	2	1412816	3.595351e-01	1.154842e+01
2:1412982	2	1412982	9.569385e-01	1.173203e+01
2:1426531	2	1426531	4.626716e-01	1.164890e+01
2:1444742	2	1444742	3.688989e-01	1.153494e+01
2:1472743	2	1472743	9.765123e-01	1.173869e+01
2:1482321	2	1482321	8.163146e-01	1.173231e+01
2:1485484	2	1485484	7.998957e-01	1.173009e+01
2:1488754	2	1488754	1.825033e-01	1.106939e+01
2:1491171	2	1491171	3.688989e-01	1.153494e+01
2:1500923	2	1500923	5.281729e-01	1.157878e+01
2:1522160	2	1522160	1.868354e-03	9.471739e+00
2:1523699	2	1523699	8.723721e-01	1.172300e+01
2:1530244	2	1530244	9.761450e-01	1.174342e+01
2:1533831	2	1533831	3.008370e-01	1.147844e+01
2:1534865	2	1534865	2.333489e-01	1.135105e+01
2:1544419	2	1544419	9.349104e-01	1.173437e+01
2:1548480	2	1548480	6.143212e-01	1.170704e+01
2:1550508	2	1550508	7.209829e-01	1.169340e+01
2:1553147	2	1553147	9.319672e-01	1.172239e+01
2:1562725	2	1562725	9.349104e-01	1.173437e+01
2:1576145	2	1576145	2.678128e-01	1.106853e+01
2:1582594	2	1582594	1.664204e-01	1.114160e+01
2:1582635	2	1582635	1.535466e-01	1.116951e+01
2:1582917	2	1582917	9.006241e-01	1.172531e+01
2:1586489	2	1586489	5.867526e-01	1.158561e+01
2:1588023	2	1588023	5.554387e-01	1.156890e+01
2:1596424	2	1596424	5.274034e-01	1.158549e+01
2:1609604	2	1609604	3.688989e-01	1.153494e+01
2:1649179	2	1649179	1.169299e-01	8.709474e+00
2:1655144	2	1655144	3.031927e-04	8.813214e+00
2:1661890	2	1661890	6.727403e-01	1.147510e+01
2:1676090	2	1676090	3.688989e-01	1.153494e+01
2:1676506	2	1676506	9.358786e-02	1.009061e+01
2:1681960	2	1681960	7.209829e-01	1.169340e+01
2:1683998	2	1683998	1.825033e-01	1.106939e+01
2:1692205	2	1692205	7.209829e-01	1.169340e+01
2:1709575	2	1709575	1.825033e-01	1.106939e+01
2:1710418	2	1710418	4.521877e-01	1.151051e+01
2:1715855	2	1715855	4.712281e-01	1.156210e+01
2:1718099	2	1718099	7.851788e-01	1.173047e+01
2:1729342	2	1729342	8.831459e-01	1.172666e+01
2:1730904	2	1730904	3.688989e-01	1.153494e+01
2:1767114	2	1767114	2.371246e-01	1.107235e+01
2:1772273	2	1772273	2.880306e-02	9.992478e+00
2:1776583	2	1776583	1.598283e-01	1.111185e+01
2:1785064	2	1785064	1.825033e-01	1.106939e+01
2:1797907	2	1797907	7.001957e-04	9.173195e+00
2:1813923	2	1813923	6.574421e-01	1.164398e+01
2:1814821	2	1814821	5.416193e-01	1.160917e+01
2:1825576	2	1825576	8.910716e-01	1.171423e+01
2:1828353	2	1828353	8.942500e-01	1.173875e+01
2:1837343	2	1837343	7.480206e-01	1.170788e+01
2:1841279	2	1841279	2.980187e-01	1.130771e+01
2:1850014	2	1850014	2.241212e-01	1.143162e+01
2:1893082	2	1893082	2.755481e-01	1.190622e+01
2:1906875	2	1906875	2.987634e-03	9.717761e+00
2:1928317	2	1928317	3.765711e-01	1.146066e+01
2:1940770	2	1940770	1.733651e-01	1.075739e+01
2:1941517	2	1941517	5.897613e-01	1.172293e+01
2:1945211	2	1945211	1.770018e-01	1.202069e+01
2:1949315	2	1949315	6.301455e-01	1.169313e+01
2:1960859	2	1960859	2.050033e-01	1.138278e+01
2:1961889	2	1961889	9.765123e-01	1.173869e+01
2:1962505	2	1962505	2.573371e-01	1.138790e+01
2:1965445	2	1965445	7.209829e-01	1.169340e+01
2:1985807	2	1985807	7.209829e-01	1.169340e+01
2:1985966	2	1985966	1.825033e-01	1.106939e+01
2:2014807	2	2014807	6.168090e-01	1.167786e+01
2:2031317	2	2031317	6.168090e-01	1.167786e+01
2:2060895	2	2060895	1.825033e-01	1.106939e+01
2:2061098	2	2061098	8.520558e-01	1.173403e+01
2:2062858	2	2062858	8.520558e-01	1.173403e+01
2:2086903	2	2086903	1.825033e-01	1.106939e+01
2:2100926	2	2100926	5.878884e-01	1.162721e+01
2:2105594	2	2105594	8.701278e-02	1.148349e+01
2:2107410	2	2107410	6.717962e-01	1.163524e+01
2:2137839	2	2137839	7.209829e-01	1.169340e+01
2:2155243	2	2155243	1.357797e-02	9.091019e+00
2:2155525	2	2155525	2.759156e-01	1.125019e+01
2:2168017	2	2168017	9.524335e-01	1.172729e+01
2:2169304	2	2169304	7.209829e-01	1.169340e+01
2:2169748	2	2169748	2.226877e-01	1.126856e+01
2:2178592	2	2178592	7.884837e-01	1.168208e+01
2:2184020	2	2184020	8.354436e-01	1.170062e+01
2:2189267	2	2189267	1.996273e-02	1.037378e+01
2:2192311	2	2192311	4.190282e-01	1.197458e+01
2:2193571	2	2193571	8.815997e-01	1.173984e+01
2:2196177	2	2196177	8.520558e-01	1.173403e+01
2:2197061	2	2197061	8.815997e-01	1.173984e+01
2:2202894	2	2202894	1.996273e-02	1.037378e+01
2:2208747	2	2208747	9.722378e-01	1.174710e+01
2:2211183	2	2211183	5.514724e-01	1.169393e+01
2:2212358	2	2212358	2.293310e-01	1.138425e+01
2:2212754	2	2212754	2.735734e-01	1.102796e+01
2:2217382	2	2217382	5.992865e-01	1.162182e+01
2:2217440	2	2217440	8.070819e-01	1.171500e+01
2:2223625	2	2223625	9.758749e-01	1.174147e+01
2:2223872	2	2223872	2.333489e-01	1.135105e+01
2:2225764	2	2225764	8.616745e-01	1.161429e+01
2:2228478	2	2228478	7.209829e-01	1.169340e+01
2:2239992	2	2239992	5.117401e-01	1.155176e+01
2:2267178	2	2267178	4.306963e-01	1.158682e+01
2:2286990	2	2286990	5.582525e-01	1.163568e+01
2:2290019	2	2290019	7.213793e-01	1.169025e+01
2:2301670	2	2301670	7.209829e-01	1.169340e+01
2:2319426	2	2319426	7.616521e-01	1.176492e+01
2:2336547	2	2336547	1.985060e-01	1.176385e+01
2:2343001	2	2343001	5.227344e-01	1.159183e+01
2:2347774	2	2347774	5.242111e-01	1.172014e+01
2:2376848	2	2376848	5.040461e-01	1.163096e+01
2:2380298	2	2380298	6.040968e-01	1.167520e+01
2:2383687	2	2383687	3.060452e-01	1.072855e+01
2:2385311	2	2385311	8.512143e-01	1.172363e+01
2:2385550	2	2385550	9.299758e-01	1.174279e+01
2:2394483	2	2394483	4.610098e-01	1.149983e+01
2:2420786	2	2420786	5.142926e-01	1.179925e+01
2:2421293	2	2421293	4.359219e-01	1.170718e+01
2:2424341	2	2424341	2.814273e-01	1.151315e+01
2:2433975	2	2433975	8.639525e-01	1.178332e+01
2:2444826	2	2444826	1.825033e-01	1.106939e+01
2:2455180	2	2455180	4.610098e-01	1.149983e+01
2:2461841	2	2461841	5.413112e-01	1.149811e+01
2:2462629	2	2462629	7.478209e-01	1.171361e+01
2:2467205	2	2467205	8.594875e-01	1.172562e+01
2:2472923	2	2472923	7.480214e-01	1.172438e+01
2:2473121	2	2473121	1.396012e-02	9.180870e+00
2:2473733	2	2473733	5.227344e-01	1.159183e+01
2:2477421	2	2477421	9.686317e-01	1.173792e+01
2:2483203	2	2483203	6.274146e-01	1.237368e+01
2:2484232	2	2484232	9.312764e-01	1.171167e+01
2:2495928	2	2495928	5.227344e-01	1.159183e+01
2:2495929	2	2495929	5.227344e-01	1.159183e+01
2:2503135	2	2503135	8.280180e-01	1.176574e+01
2:2522136	2	2522136	8.676548e-01	1.177454e+01
2:2522476	2	2522476	4.887475e-01	1.176899e+01
2:2524393	2	2524393	1.520208e-01	1.093316e+01
2:2525719	2	2525719	6.649226e-01	1.165891e+01
2:2534505	2	2534505	1.825033e-01	1.106939e+01
2:2541062	2	2541062	7.478209e-01	1.171361e+01
2:2583338	2	2583338	6.919235e-01	1.174231e+01
2:2736807	2	2736807	7.478209e-01	1.171361e+01
2:2766299	2	2766299	3.684865e-03	9.614426e+00
2:2773635	2	2773635	6.662247e-01	1.166757e+01
2:2781099	2	2781099	7.478209e-01	1.171361e+01
2:2790730	2	2790730	4.992026e-01	1.169066e+01
2:2798148	2	2798148	7.478209e-01	1.171361e+01
2:2810097	2	2810097	2.974451e-03	9.627722e+00
2:2812722	2	2812722	4.776238e-01	1.146007e+01
2:2816555	2	2816555	7.956151e-01	1.162881e+01
2:2833469	2	2833469	1.825033e-01	1.106939e+01
2:2836048	2	2836048	1.234950e-01	1.067431e+01
2:2836880	2	2836880	6.926130e-01	1.166894e+01
2:2842256	2	2842256	1.825033e-01	1.106939e+01
2:2852668	2	2852668	8.192560e-01	1.172607e+01
2:2855363	2	2855363	5.331000e-01	1.167350e+01
2:2882462	2	2882462	6.536434e-01	1.170325e+01
2:2885360	2	2885360	2.333489e-01	1.135105e+01
2:2885376	2	2885376	4.610098e-01	1.149983e+01
2:2889820	2	2889820	1.825033e-01	1.106939e+01
2:2898095	2	2898095	7.478209e-01	1.171361e+01
2:2909134	2	2909134	1.825033e-01	1.106939e+01
2:2916369	2	2916369	1.825033e-01	1.106939e+01
2:2921834	2	2921834	6.662247e-01	1.166757e+01
2:2921985	2	2921985	8.910716e-01	1.171423e+01
2:2927979	2	2927979	7.478209e-01	1.171361e+01
2:2929779	2	2929779	8.593674e-01	1.173665e+01
2:2958558	2	2958558	2.032405e-01	1.139971e+01
2:2970714	2	2970714	4.651881e-01	1.166615e+01
2:2977830	2	2977830	2.987430e-01	1.168607e+01
2:2979593	2	2979593	6.662247e-01	1.166757e+01
2:2979594	2	2979594	6.662247e-01	1.166757e+01
2:2988671	2	2988671	1.576480e-01	1.116057e+01
2:3000429	2	3000429	9.345555e-01	1.172420e+01
2:3000493	2	3000493	6.662247e-01	1.166757e+01
2:3000589	2	3000589	1.825033e-01	1.106939e+01
2:3003321	2	3003321	8.593674e-01	1.173665e+01
2:3004371	2	3004371	8.167918e-01	1.186837e+01
2:3005657	2	3005657	1.355633e-01	9.275466e+00
2:3026144	2	3026144	8.593674e-01	1.173665e+01
2:3028637	2	3028637	1.234950e-01	1.067431e+01
2:3030866	2	3030866	4.610098e-01	1.149983e+01
2:3031406	2	3031406	1.825033e-01	1.106939e+01
2:3034675	2	3034675	6.306912e-01	1.165973e+01
2:3034744	2	3034744	9.470652e-01	1.176552e+01
2:3039222	2	3039222	7.478209e-01	1.171361e+01
2:3039553	2	3039553	6.662247e-01	1.166757e+01
2:3040284	2	3040284	1.681386e-01	1.105750e+01
2:3047601	2	3047601	8.326246e-01	1.161197e+01
2:3138648	2	3138648	6.565029e-01	1.165698e+01
2:3171950	2	3171950	8.939674e-01	1.172157e+01
2:3527520	2	3527520	1.788812e-01	1.105189e+01
2:3529426	2	3529426	6.774853e-01	1.165693e+01
2:3544390	2	3544390	7.487322e-01	1.170561e+01
2:3544391	2	3544391	7.487322e-01	1.170561e+01
2:3562794	2	3562794	2.974451e-03	9.627722e+00
2:3570394	2	3570394	8.542795e-01	1.167403e+01
2:3575695	2	3575695	7.478209e-01	1.171361e+01
2:3577876	2	3577876	6.455258e-01	1.173613e+01
2:3599138	2	3599138	1.825033e-01	1.106939e+01
2:3651378	2	3651378	9.205086e-01	1.170856e+01
2:3653479	2	3653479	1.555942e-01	1.078796e+01
2:3671272	2	3671272	4.610098e-01	1.149983e+01
2:3688144	2	3688144	5.227344e-01	1.159183e+01
2:3688949	2	3688949	1.825033e-01	1.106939e+01
2:3689622	2	3689622	4.610098e-01	1.149983e+01
2:3744956	2	3744956	1.234950e-01	1.067431e+01
2:3779312	2	3779312	6.876785e-01	1.174093e+01
2:3780234	2	3780234	6.919235e-01	1.174231e+01
2:3786704	2	3786704	4.610098e-01	1.149983e+01
2:3787722	2	3787722	7.478209e-01	1.171361e+01
2:3797157	2	3797157	6.609167e-01	1.165581e+01
2:3799920	2	3799920	5.653080e-01	1.155553e+01
2:3800086	2	3800086	1.681386e-01	1.105750e+01
2:3801345	2	3801345	8.729028e-01	1.174097e+01
2:3801674	2	3801674	6.966875e-01	1.165895e+01
2:3801695	2	3801695	6.479289e-01	1.169539e+01
2:3813991	2	3813991	6.662247e-01	1.166757e+01
2:3816725	2	3816725	4.221235e-01	1.167660e+01
2:3822590	2	3822590	9.299758e-01	1.174279e+01
2:3822733	2	3822733	1.825033e-01	1.106939e+01
2:3837670	2	3837670	7.487322e-01	1.170561e+01
2:3838402	2	3838402	9.105081e-01	1.174059e+01
2:3840626	2	3840626	4.731765e-01	1.164842e+01
2:3842748	2	3842748	6.866124e-01	1.167518e+01
2:3848162	2	3848162	2.727087e-01	1.138140e+01
2:3854032	2	3854032	8.729028e-01	1.174097e+01
2:3900709	2	3900709	5.560815e-01	1.148936e+01
2:3901671	2	3901671	1.825033e-01	1.106939e+01
2:3902101	2	3902101	7.335776e-01	1.170199e+01
2:3914651	2	3914651	9.324512e-01	1.174498e+01
2:3925884	2	3925884	6.662247e-01	1.166757e+01
2:3926480	2	3926480	7.480206e-01	1.170788e+01
2:3928838	2	3928838	7.647547e-01	1.168210e+01
2:3930422	2	3930422	8.843791e-01	1.171582e+01
2:3930735	2	3930735	5.413112e-01	1.149811e+01
2:3932212	2	3932212	2.974451e-03	9.627722e+00
2:3936494	2	3936494	8.593674e-01	1.173665e+01
2:3939816	2	3939816	1.825033e-01	1.106939e+01
2:3941490	2	3941490	6.662247e-01	1.166757e+01
2:3941922	2	3941922	7.478209e-01	1.171361e+01
2:3944113	2	3944113	8.729028e-01	1.174097e+01
2:3974311	2	3974311	9.052834e-02	1.094605e+01
2:3975613	2	3975613	1.825033e-01	1.106939e+01
2:3977368	2	3977368	7.478209e-01	1.171361e+01
2:3984197	2	3984197	2.120048e-01	1.200196e+01
2:3995289	2	3995289	1.825033e-01	1.106939e+01
2:3998041	2	3998041	3.811697e-01	1.146049e+01
2:4004974	2	4004974	6.662247e-01	1.166757e+01
2:4011077	2	4011077	1.735277e-01	1.171538e+01
2:4028803	2	4028803	6.129802e-01	1.172084e+01
2:4032458	2	4032458	4.336450e-01	1.202091e+01
2:4034050	2	4034050	4.610098e-01	1.149983e+01
2:4040719	2	4040719	5.755520e-01	1.171054e+01
2:4043385	2	4043385	5.687235e-01	1.157987e+01
2:4047990	2	4047990	7.132519e-01	1.169653e+01
2:4051665	2	4051665	3.195525e-01	1.191679e+01
2:4066123	2	4066123	9.299758e-01	1.174279e+01
2:4067433	2	4067433	7.478209e-01	1.171361e+01
2:4069335	2	4069335	3.286890e-01	1.153210e+01
2:4070287	2	4070287	9.350158e-01	1.173292e+01
2:4072769	2	4072769	6.662247e-01	1.166757e+01
2:4080678	2	4080678	6.832025e-01	1.192033e+01
2:4082366	2	4082366	5.712746e-01	1.172132e+01
2:4087244	2	4087244	2.601720e-01	1.137027e+01
2:4089587	2	4089587	6.683140e-01	1.172117e+01
2:4091136	2	4091136	7.478209e-01	1.171361e+01
2:4094383	2	4094383	7.480206e-01	1.170788e+01
2:4103930	2	4103930	7.478209e-01	1.171361e+01
2:4108173	2	4108173	6.570292e-01	1.166168e+01
2:4113815	2	4113815	1.234950e-01	1.067431e+01
2:4123957	2	4123957	4.936553e-01	1.155527e+01
2:4133857	2	4133857	4.936553e-01	1.155527e+01
2:4138073	2	4138073	4.936553e-01	1.155527e+01
2:4142631	2	4142631	5.426994e-01	1.162302e+01
2:4145065	2	4145065	6.662247e-01	1.166757e+01
2:4148574	2	4148574	5.093295e-01	1.160574e+01
2:4154689	2	4154689	5.227344e-01	1.159183e+01
2:4158320	2	4158320	5.413719e-01	1.170358e+01
2:4158645	2	4158645	4.610098e-01	1.149983e+01
2:4159655	2	4159655	4.536317e-01	1.199718e+01
2:4159699	2	4159699	3.894723e-03	9.501786e+00
2:4178211	2	4178211	8.736408e-01	1.174676e+01
2:4178449	2	4178449	4.502114e-01	1.159116e+01
2:4178684	2	4178684	8.135362e-01	1.178948e+01
2:4195669	2	4195669	7.478209e-01	1.171361e+01
2:4222909	2	4222909	3.803253e-01	1.151946e+01
2:4232389	2	4232389	6.940040e-01	1.171198e+01
2:4235319	2	4235319	6.662247e-01	1.166757e+01
2:4254632	2	4254632	9.350158e-01	1.173292e+01
2:4258578	2	4258578	7.480206e-01	1.170788e+01
2:4259520	2	4259520	4.284106e-01	1.160488e+01
2:4260986	2	4260986	7.478209e-01	1.171361e+01
2:4265636	2	4265636	7.478209e-01	1.171361e+01
2:4273633	2	4273633	4.513713e-01	1.148036e+01
2:4273745	2	4273745	3.935372e-01	1.151888e+01
2:4274556	2	4274556	7.478209e-01	1.171361e+01
2:4291423	2	4291423	9.783298e-01	1.174577e+01
2:4292887	2	4292887	7.478209e-01	1.171361e+01
2:4295745	2	4295745	7.480206e-01	1.170788e+01
2:4314175	2	4314175	6.518181e-01	1.162621e+01
2:4315081	2	4315081	8.512143e-01	1.172363e+01
2:4315205	2	4315205	7.132519e-01	1.169653e+01
2:4337500	2	4337500	7.646622e-01	1.159389e+01
2:4338914	2	4338914	9.299758e-01	1.174279e+01
2:4339382	2	4339382	5.227344e-01	1.159183e+01
2:4339458	2	4339458	8.079690e-01	1.172465e+01
2:4341798	2	4341798	6.940040e-01	1.171198e+01
2:4342266	2	4342266	6.609167e-01	1.165581e+01
2:4357590	2	4357590	2.974451e-03	9.627722e+00
2:4358387	2	4358387	4.936553e-01	1.155527e+01
2:4363200	2	4363200	4.936553e-01	1.155527e+01
2:4374993	2	4374993	7.289614e-01	1.176943e+01
2:4376004	2	4376004	4.633166e-01	1.157553e+01
2:4402122	2	4402122	3.411331e-01	1.098178e+01
2:4414407	2	4414407	6.662247e-01	1.166757e+01
2:4417858	2	4417858	9.299758e-01	1.174279e+01
2:4424406	2	4424406	4.610098e-01	1.149983e+01
2:4426065	2	4426065	6.518181e-01	1.162621e+01
2:4426069	2	4426069	7.480206e-01	1.170788e+01
2:4427472	2	4427472	2.640312e-01	1.133015e+01
2:4430309	2	4430309	4.610098e-01	1.149983e+01
2:4434874	2	4434874	9.924030e-01	1.174272e+01
2:4452979	2	4452979	7.876488e-01	1.171168e+01
2:4567285	2	4567285	7.160993e-01	1.171236e+01
2:4583368	2	4583368	4.905493e-01	1.153797e+01
2:4583561	2	4583561	6.662247e-01	1.166757e+01
2:4584090	2	4584090	4.936553e-01	1.155527e+01
2:4584754	2	4584754	6.940040e-01	1.171198e+01
2:4589503	2	4589503	7.160993e-01	1.171236e+01
2:4594465	2	4594465	7.160993e-01	1.171236e+01
2:4597609	2	4597609	9.381192e-01	1.176587e+01
2:4598032	2	4598032	4.820715e-01	1.141886e+01
2:4598785	2	4598785	7.349406e-01	1.171791e+01
2:4620383	2	4620383	7.160993e-01	1.171236e+01
2:4648142	2	4648142	4.956056e-01	1.159087e+01
2:4657673	2	4657673	3.397915e-01	1.148686e+01
2:4716790	2	4716790	5.767070e-01	1.193563e+01
2:4719780	2	4719780	6.889700e-01	1.169641e+01
2:4728730	2	4728730	5.426994e-01	1.162302e+01
2:4738337	2	4738337	9.854306e-01	1.174326e+01
2:4749390	2	4749390	6.529845e-01	1.172013e+01
2:4749843	2	4749843	8.710747e-01	1.175528e+01
2:4767970	2	4767970	6.662247e-01	1.166757e+01
2:4772236	2	4772236	4.936553e-01	1.155527e+01
2:4786959	2	4786959	9.353634e-01	1.173429e+01
2:4788312	2	4788312	9.854306e-01	1.174326e+01
2:4808688	2	4808688	8.512143e-01	1.172363e+01
2:4810435	2	4810435	2.213465e-01	1.124498e+01
2:4810691	2	4810691	6.841638e-01	1.165621e+01
2:4818015	2	4818015	3.519557e-01	1.176118e+01
2:4818839	2	4818839	7.991675e-01	1.179832e+01
2:4822040	2	4822040	2.043335e-01	1.125099e+01
2:4825054	2	4825054	7.160993e-01	1.171236e+01
2:4825606	2	4825606	3.913307e-02	1.069944e+01
2:4828484	2	4828484	4.936553e-01	1.155527e+01
2:4830549	2	4830549	9.353634e-01	1.173429e+01
2:4832305	2	4832305	4.936553e-01	1.155527e+01
2:4833390	2	4833390	6.940040e-01	1.171198e+01
2:4836803	2	4836803	5.331000e-01	1.167350e+01
2:4838372	2	4838372	6.940040e-01	1.171198e+01
2:4895352	2	4895352	1.756986e-01	1.160400e+01
2:4901185	2	4901185	5.736129e-01	1.194179e+01
2:4941808	2	4941808	9.353634e-01	1.173429e+01
2:4952650	2	4952650	9.575226e-01	1.173730e+01
2:4954610	2	4954610	9.039382e-01	1.172090e+01
2:4964692	2	4964692	5.427916e-01	1.181016e+01
2:4967843	2	4967843	5.561401e-01	1.155247e+01
2:4968699	2	4968699	9.126165e-01	1.175040e+01
2:4978479	2	4978479	7.837718e-01	1.175465e+01
2:4993708	2	4993708	9.686954e-01	1.174213e+01
2:4994391	2	4994391	9.183420e-01	1.174380e+01
2:5010156	2	5010156	6.770195e-01	1.171424e+01
2:5013486	2	5013486	4.084192e-01	1.158806e+01
2:5020859	2	5020859	9.903968e-01	1.174106e+01
2:5036060	2	5036060	5.917053e-01	1.180945e+01
2:5038634	2	5038634	9.750208e-01	1.174353e+01
2:5059534	2	5059534	3.961305e-01	1.170801e+01
2:5079508	2	5079508	8.147603e-01	1.173138e+01
2:5098715	2	5098715	9.183420e-01	1.174380e+01
2:5099009	2	5099009	4.936553e-01	1.155527e+01
2:5103937	2	5103937	7.772718e-01	1.170275e+01
2:5104097	2	5104097	7.072070e-01	1.181601e+01
2:5111798	2	5111798	9.854306e-01	1.174326e+01
2:5136230	2	5136230	7.800617e-01	1.178304e+01
2:5146905	2	5146905	9.693930e-01	1.174091e+01
2:5153413	2	5153413	9.854306e-01	1.174326e+01
2:5157580	2	5157580	8.512143e-01	1.172363e+01
2:5167912	2	5167912	9.854306e-01	1.174326e+01
2:5169446	2	5169446	4.820715e-01	1.141886e+01
2:5174715	2	5174715	3.913307e-02	1.069944e+01
2:5176449	2	5176449	8.147603e-01	1.173138e+01
2:5176738	2	5176738	9.381631e-01	1.174459e+01
2:5179410	2	5179410	9.183420e-01	1.174380e+01
2:5180681	2	5180681	4.936553e-01	1.155527e+01
2:5181056	2	5181056	9.183420e-01	1.174380e+01
2:5182890	2	5182890	8.480591e-01	1.176296e+01
2:5214098	2	5214098	5.609632e-01	1.155406e+01
2:5237726	2	5237726	2.664572e-01	1.113221e+01
2:5242362	2	5242362	4.040544e-01	1.157519e+01
2:5244751	2	5244751	9.183420e-01	1.174380e+01
2:5250094	2	5250094	4.936553e-01	1.155527e+01
2:5278309	2	5278309	6.940040e-01	1.171198e+01
2:5279119	2	5279119	9.854306e-01	1.174326e+01
2:5283718	2	5283718	7.277361e-01	1.172137e+01
2:5284742	2	5284742	1.874246e-01	1.125191e+01
2:5288099	2	5288099	9.903968e-01	1.174106e+01
2:5289476	2	5289476	2.541387e-01	1.131667e+01
2:5298768	2	5298768	9.183420e-01	1.174380e+01
2:5304621	2	5304621	4.936553e-01	1.155527e+01
2:5305879	2	5305879	4.936553e-01	1.155527e+01
2:5306210	2	5306210	9.377327e-01	1.173383e+01
2:5315040	2	5315040	6.875396e-01	1.178472e+01
2:5318904	2	5318904	4.084192e-01	1.158806e+01
2:5348880	2	5348880	7.196246e-01	1.168848e+01
2:5367951	2	5367951	9.183420e-01	1.174380e+01
2:5382404	2	5382404	2.277636e-01	1.070420e+01
2:5382770	2	5382770	1.874246e-01	1.125191e+01
2:5388152	2	5388152	9.183420e-01	1.174380e+01
2:5399890	2	5399890	9.854306e-01	1.174326e+01
2:5403466	2	5403466	4.091676e-02	1.065431e+01
2:5404507	2	5404507	4.030428e-01	1.122541e+01
2:5406604	2	5406604	9.183420e-01	1.174380e+01
2:5422296	2	5422296	7.601295e-01	1.181311e+01
2:5424290	2	5424290	9.342801e-01	1.171558e+01
2:5434233	2	5434233	6.940040e-01	1.171198e+01
2:5436986	2	5436986	4.936553e-01	1.155527e+01
2:5440599	2	5440599	4.936553e-01	1.155527e+01
2:5447140	2	5447140	9.903968e-01	1.174106e+01
2:5454377	2	5454377	7.601295e-01	1.181311e+01
2:5461056	2	5461056	9.183420e-01	1.174380e+01
2:5461088	2	5461088	9.339653e-01	1.174409e+01
2:5461348	2	5461348	9.854306e-01	1.174326e+01
2:5463004	2	5463004	4.936553e-01	1.155527e+01
2:5463496	2	5463496	8.363253e-01	1.181457e+01
2:5464558	2	5464558	9.692362e-01	1.174015e+01
2:5465005	2	5465005	4.677822e-01	1.140034e+01
2:5468523	2	5468523	9.939247e-01	1.174080e+01
2:5477534	2	5477534	7.328747e-01	1.170576e+01
2:5478793	2	5478793	3.557863e-01	1.161467e+01
2:5502575	2	5502575	9.919330e-01	1.174045e+01
2:5507456	2	5507456	4.936553e-01	1.155527e+01
2:5507739	2	5507739	8.435122e-01	1.175343e+01
2:5510790	2	5510790	9.854306e-01	1.174326e+01
2:5512430	2	5512430	4.692570e-01	1.157493e+01
2:5514670	2	5514670	9.854306e-01	1.174326e+01
2:5543998	2	5543998	9.183420e-01	1.174380e+01
2:5546114	2	5546114	8.615640e-01	1.146867e+01
2:5546398	2	5546398	9.854306e-01	1.174326e+01
2:5546773	2	5546773	4.084192e-01	1.158806e+01
2:5552544	2	5552544	9.903968e-01	1.174106e+01
2:5555750	2	5555750	9.776079e-01	1.173926e+01
2:5558577	2	5558577	4.116868e-01	1.143299e+01
2:5590034	2	5590034	4.084192e-01	1.158806e+01
2:5590648	2	5590648	4.820715e-01	1.141886e+01
2:5596160	2	5596160	5.331000e-01	1.167350e+01
2:5616345	2	5616345	8.510393e-01	1.175161e+01
2:5618107	2	5618107	1.874246e-01	1.125191e+01
2:5619260	2	5619260	9.903968e-01	1.174106e+01
2:5620794	2	5620794	9.903968e-01	1.174106e+01
2:5635596	2	5635596	3.197271e-01	1.150507e+01
2:5669332	2	5669332	6.815555e-01	1.161781e+01
2:5697144	2	5697144	7.695001e-01	1.170695e+01
2:5712848	2	5712848	6.666325e-01	1.165023e+01
2:5720041	2	5720041	6.024515e-01	1.179815e+01
2:5723517	2	5723517	8.271854e-01	1.174612e+01
2:5726931	2	5726931	4.711208e-01	1.162287e+01
2:5729583	2	5729583	5.426994e-01	1.162302e+01
2:5730725	2	5730725	8.195848e-01	1.174179e+01
2:5738842	2	5738842	7.908182e-01	1.172071e+01
2:5747183	2	5747183	7.285386e-01	1.167996e+01
2:5754281	2	5754281	5.332693e-01	1.155783e+01
2:5783121	2	5783121	1.336573e-02	1.002312e+01
2:5785759	2	5785759	6.270780e-01	1.166735e+01
2:5791068	2	5791068	7.695001e-01	1.170695e+01
2:5793940	2	5793940	8.195848e-01	1.174179e+01
2:5794927	2	5794927	6.699726e-01	1.164680e+01
2:5798685	2	5798685	6.938260e-01	1.166351e+01
2:5820377	2	5820377	6.024515e-01	1.179815e+01
2:5830685	2	5830685	3.197271e-01	1.150507e+01
2:5831275	2	5831275	8.195848e-01	1.174179e+01
2:5836048	2	5836048	6.329465e-01	1.169044e+01
2:5838583	2	5838583	7.227788e-01	1.165823e+01
2:5858127	2	5858127	1.053780e-01	9.899350e+00
2:5862189	2	5862189	5.277187e-01	1.154341e+01
2:5866720	2	5866720	7.923101e-01	1.168773e+01
2:5923574	2	5923574	4.888669e-01	1.171675e+01
2:5958178	2	5958178	7.180566e-01	1.168278e+01
2:5999005	2	5999005	8.899070e-01	1.171213e+01
2:6016811	2	6016811	7.695001e-01	1.170695e+01
2:6024127	2	6024127	5.277187e-01	1.154341e+01
2:6048907	2	6048907	9.983463e-02	1.094514e+01
2:6093851	2	6093851	8.819435e-01	1.180071e+01
2:6098141	2	6098141	3.288251e-01	1.144332e+01
2:6123489	2	6123489	1.157311e-01	1.008687e+01
2:6136071	2	6136071	7.180566e-01	1.168278e+01
2:6139531	2	6139531	7.315048e-01	1.177102e+01
2:6140719	2	6140719	8.195848e-01	1.174179e+01
2:6153990	2	6153990	7.647117e-01	1.167584e+01
2:6194060	2	6194060	6.699726e-01	1.164680e+01
2:6215680	2	6215680	1.336573e-02	1.002312e+01
2:6217275	2	6217275	5.277187e-01	1.154341e+01
2:6224913	2	6224913	7.695001e-01	1.170695e+01
2:6229311	2	6229311	7.695001e-01	1.170695e+01
2:6232001	2	6232001	7.695001e-01	1.170695e+01
2:6274994	2	6274994	8.751527e-01	1.170892e+01
2:6285735	2	6285735	9.903968e-01	1.174106e+01
2:6353583	2	6353583	7.908182e-01	1.172071e+01
2:6375514	2	6375514	2.036522e-01	1.072992e+01
2:6379565	2	6379565	2.333489e-01	1.135105e+01
2:6414471	2	6414471	3.336888e-01	1.143406e+01
2:6414924	2	6414924	2.291068e-03	9.692920e+00
2:6422952	2	6422952	6.329465e-01	1.169044e+01
2:6424823	2	6424823	5.948743e-01	1.164093e+01
2:6428938	2	6428938	2.905812e-01	1.142991e+01
2:6432455	2	6432455	9.959747e-01	1.173882e+01
2:6439883	2	6439883	2.923133e-01	1.145234e+01
2:6445617	2	6445617	6.300945e-01	1.168431e+01
2:6446434	2	6446434	3.336888e-01	1.143406e+01
2:6456136	2	6456136	9.506871e-01	1.176694e+01
2:6483022	2	6483022	6.145594e-01	1.170839e+01
2:6515727	2	6515727	8.283394e-01	1.171925e+01
2:6515827	2	6515827	5.331000e-01	1.167350e+01
2:6516118	2	6516118	2.885141e-01	1.133097e+01
2:6517490	2	6517490	7.305070e-01	1.170229e+01
2:6517858	2	6517858	8.618290e-01	1.172502e+01
2:6545250	2	6545250	6.141588e-01	1.178986e+01
2:6550952	2	6550952	1.286173e-02	9.207905e+00
2:6551629	2	6551629	3.288251e-01	1.144332e+01
2:6553814	2	6553814	7.426425e-01	1.174962e+01
2:6611944	2	6611944	3.288251e-01	1.144332e+01
2:6611996	2	6611996	6.108537e-01	1.166978e+01
2:6633234	2	6633234	1.253733e-03	9.388129e+00
2:6637207	2	6637207	7.695001e-01	1.170695e+01
2:6638587	2	6638587	7.695001e-01	1.170695e+01
2:6652561	2	6652561	2.434926e-01	1.131390e+01
2:6672925	2	6672925	4.011923e-01	1.149092e+01
2:6699703	2	6699703	3.288251e-01	1.144332e+01
2:6713014	2	6713014	2.885141e-01	1.133097e+01
2:6779011	2	6779011	8.771473e-01	1.169491e+01
2:6783182	2	6783182	8.512602e-01	1.169423e+01
2:6784490	2	6784490	8.346362e-01	1.169720e+01
2:6785222	2	6785222	5.426994e-01	1.162302e+01
2:6785643	2	6785643	4.387627e-01	1.175930e+01
2:6788978	2	6788978	6.108537e-01	1.166978e+01
2:6789318	2	6789318	4.936553e-01	1.155527e+01
2:6803072	2	6803072	8.312951e-02	1.055155e+01
2:6804746	2	6804746	5.264648e-01	1.155483e+01
2:6813989	2	6813989	6.644676e-01	1.168748e+01
2:6824430	2	6824430	7.695001e-01	1.170695e+01
2:6825141	2	6825141	2.885141e-01	1.133097e+01
2:6838083	2	6838083	7.695001e-01	1.170695e+01
2:6843898	2	6843898	6.108537e-01	1.166978e+01
2:6844570	2	6844570	7.695001e-01	1.170695e+01
2:6844718	2	6844718	6.430277e-02	1.038047e+01
2:6845372	2	6845372	2.906604e-01	1.163708e+01
2:6845821	2	6845821	6.824998e-01	1.170073e+01
2:6849563	2	6849563	6.336514e-01	1.165091e+01
2:6859675	2	6859675	9.268777e-02	1.202022e+01
2:6859848	2	6859848	7.695001e-01	1.170695e+01
2:6859896	2	6859896	4.732755e-01	1.161737e+01
2:6860717	2	6860717	2.885141e-01	1.133097e+01
2:6864620	2	6864620	3.649304e-01	1.138182e+01
2:6870608	2	6870608	7.695001e-01	1.170695e+01
2:6870708	2	6870708	1.253733e-03	9.388129e+00
2:6873318	2	6873318	7.695001e-01	1.170695e+01
2:6876156	2	6876156	8.017614e-01	1.165766e+01
2:6879792	2	6879792	9.252484e-01	1.171486e+01
2:6886285	2	6886285	3.288251e-01	1.144332e+01
2:6889990	2	6889990	4.464792e-01	1.162128e+01
2:6898002	2	6898002	4.732755e-01	1.161737e+01
2:6907642	2	6907642	1.253733e-03	9.388129e+00
2:6909690	2	6909690	3.288251e-01	1.144332e+01
2:6922478	2	6922478	5.607749e-01	1.158252e+01
2:6926641	2	6926641	3.425807e-01	1.149419e+01
2:6927739	2	6927739	6.145594e-01	1.170839e+01
2:6938018	2	6938018	1.253733e-03	9.388129e+00
2:6948313	2	6948313	5.877208e-01	1.157371e+01
2:6963405	2	6963405	5.312418e-01	1.181690e+01
2:6967378	2	6967378	7.695001e-01	1.170695e+01
2:6976329	2	6976329	4.011923e-01	1.149092e+01
2:7022902	2	7022902	8.211353e-01	1.169790e+01
2:7056773	2	7056773	7.695001e-01	1.170695e+01
2:7057233	2	7057233	8.512143e-01	1.172363e+01
2:7094814	2	7094814	5.071046e-01	1.158515e+01
2:7118266	2	7118266	5.676576e-01	1.155496e+01
2:7138407	2	7138407	3.530177e-01	1.141382e+01
2:7153717	2	7153717	9.138980e-01	1.173652e+01
2:7158221	2	7158221	4.927598e-01	1.160207e+01
2:7159685	2	7159685	9.646657e-03	9.408572e+00
2:7166515	2	7166515	9.138980e-01	1.173652e+01
2:7171090	2	7171090	8.037246e-01	1.169197e+01
2:7183213	2	7183213	8.441524e-01	1.176604e+01
2:7198314	2	7198314	5.071046e-01	1.158515e+01
2:7199556	2	7199556	8.990592e-01	1.172761e+01
2:7206292	2	7206292	6.329465e-01	1.169044e+01
2:7207551	2	7207551	5.071046e-01	1.158515e+01
2:7233080	2	7233080	6.329465e-01	1.169044e+01
2:7245617	2	7245617	7.146249e-03	1.011677e+01
2:7248926	2	7248926	8.037246e-01	1.169197e+01
2:7252421	2	7252421	1.629189e-01	1.094072e+01
2:7253400	2	7253400	8.037246e-01	1.169197e+01
2:7259906	2	7259906	3.288251e-01	1.144332e+01
2:7269060	2	7269060	8.751213e-01	1.170325e+01
2:7272984	2	7272984	6.300945e-01	1.168431e+01
2:7282595	2	7282595	4.732755e-01	1.161737e+01
2:7297998	2	7297998	8.037246e-01	1.169197e+01
2:7307097	2	7307097	3.288251e-01	1.144332e+01
2:7315482	2	7315482	8.512143e-01	1.172363e+01
2:7316271	2	7316271	8.509909e-01	1.172942e+01
2:7328449	2	7328449	8.509909e-01	1.172942e+01
2:7334262	2	7334262	8.037246e-01	1.169197e+01
2:7337021	2	7337021	8.509909e-01	1.172942e+01
2:7341546	2	7341546	4.732755e-01	1.161737e+01
2:7341602	2	7341602	8.509909e-01	1.172942e+01
2:7352404	2	7352404	7.303543e-01	1.172288e+01
2:7355380	2	7355380	9.413975e-01	1.173627e+01
2:7371158	2	7371158	8.689607e-01	1.170057e+01
2:7375347	2	7375347	8.509909e-01	1.172942e+01
2:7389522	2	7389522	8.840241e-01	1.163398e+01
2:7405565	2	7405565	4.739246e-01	1.108716e+01
2:7410361	2	7410361	6.329465e-01	1.169044e+01
2:7411463	2	7411463	6.329465e-01	1.169044e+01
2:7419892	2	7419892	9.527389e-01	1.173937e+01
2:7419920	2	7419920	2.994884e-01	1.136768e+01
2:7423626	2	7423626	2.101391e-01	1.144842e+01
2:7426773	2	7426773	6.329465e-01	1.169044e+01
2:7444349	2	7444349	2.666345e-01	1.143556e+01
2:7448191	2	7448191	8.857122e-01	1.163498e+01
2:7456731	2	7456731	7.691110e-01	1.174140e+01
2:7458337	2	7458337	2.994884e-01	1.136768e+01
2:7459145	2	7459145	3.344224e-01	1.152413e+01
2:7472756	2	7472756	2.321433e-01	1.151286e+01
2:7482759	2	7482759	8.509909e-01	1.172942e+01
2:7505912	2	7505912	2.986202e-01	1.146170e+01
2:7525587	2	7525587	8.509909e-01	1.172942e+01
2:7528120	2	7528120	8.939216e-01	1.173224e+01
2:7529444	2	7529444	7.175668e-01	1.172035e+01
2:7530011	2	7530011	2.117249e-02	1.060423e+01
2:7544323	2	7544323	4.352871e-01	1.154851e+01
2:7547620	2	7547620	2.666345e-01	1.143556e+01
2:7549460	2	7549460	8.211353e-01	1.169790e+01
2:7553194	2	7553194	7.451710e-01	1.167748e+01
2:7558116	2	7558116	8.509909e-01	1.172942e+01
2:7559069	2	7559069	2.919621e-01	1.147007e+01
2:7608111	2	7608111	2.276647e-01	1.131337e+01
2:7616142	2	7616142	7.419697e-01	1.173809e+01
2:7658140	2	7658140	5.426994e-01	1.162302e+01
2:7661199	2	7661199	8.037246e-01	1.169197e+01
2:7665270	2	7665270	8.057550e-01	1.172240e+01
2:7702256	2	7702256	8.037246e-01	1.169197e+01
2:7704212	2	7704212	7.053252e-03	1.019190e+01
2:7712673	2	7712673	9.075575e-01	1.174044e+01
2:7721592	2	7721592	2.032943e-04	8.749976e+00
2:7729923	2	7729923	6.726570e-01	1.176974e+01
2:7732329	2	7732329	7.392638e-01	1.180382e+01
2:7734952	2	7734952	8.037246e-01	1.169197e+01
2:7735013	2	7735013	8.037246e-01	1.169197e+01
2:7747795	2	7747795	2.276647e-01	1.131337e+01
2:7755498	2	7755498	1.223196e-03	9.435310e+00
2:7766263	2	7766263	9.075575e-01	1.174044e+01
2:7784702	2	7784702	2.666345e-01	1.143556e+01
2:7802043	2	7802043	7.012388e-01	1.180110e+01
2:7811842	2	7811842	7.981737e-01	1.180497e+01
2:7814989	2	7814989	2.666345e-01	1.143556e+01
2:7829954	2	7829954	4.352871e-01	1.154851e+01
2:7832932	2	7832932	2.276647e-01	1.131337e+01
2:7836732	2	7836732	4.584920e-01	1.156391e+01
2:7848216	2	7848216	2.276647e-01	1.131337e+01
2:7859734	2	7859734	8.512143e-01	1.172363e+01
2:7889455	2	7889455	7.053252e-03	1.019190e+01
2:7895974	2	7895974	8.166695e-01	1.169096e+01
2:7908325	2	7908325	8.512143e-01	1.172363e+01
2:7923401	2	7923401	7.053252e-03	1.019190e+01
2:7932836	2	7932836	4.352871e-01	1.154851e+01
2:7937577	2	7937577	2.923506e-04	8.654222e+00
2:7940836	2	7940836	2.276647e-01	1.131337e+01
2:7954359	2	7954359	2.666345e-01	1.143556e+01
2:7958732	2	7958732	7.559459e-01	1.170154e+01
2:7969905	2	7969905	9.075575e-01	1.174044e+01
2:7977815	2	7977815	9.400682e-01	1.174379e+01
2:7985315	2	7985315	2.666345e-01	1.143556e+01
2:8002508	2	8002508	2.276647e-01	1.131337e+01
2:8006753	2	8006753	8.037246e-01	1.169197e+01
2:8008932	2	8008932	8.512143e-01	1.172363e+01
2:8019217	2	8019217	8.430894e-01	1.177884e+01
2:8047904	2	8047904	5.156802e-01	1.177647e+01
2:8070961	2	8070961	9.075575e-01	1.174044e+01
2:8079803	2	8079803	7.495009e-01	1.170127e+01
2:8104007	2	8104007	1.750686e-02	9.190840e+00
2:8104697	2	8104697	1.233958e-01	1.100022e+01
2:8106331	2	8106331	2.666345e-01	1.143556e+01
2:8117264	2	8117264	8.859943e-01	1.170367e+01
2:8125078	2	8125078	4.352871e-01	1.154851e+01
2:8136361	2	8136361	9.075575e-01	1.174044e+01
2:8141949	2	8141949	5.286644e-02	9.806105e+00
2:8142989	2	8142989	2.276647e-01	1.131337e+01
2:8153749	2	8153749	2.276647e-01	1.131337e+01
2:8166559	2	8166559	8.695181e-01	1.169815e+01
2:8181420	2	8181420	2.548101e-02	9.964097e+00
2:8182131	2	8182131	2.276647e-01	1.131337e+01
2:8195714	2	8195714	7.053252e-03	1.019190e+01
2:8214628	2	8214628	8.037246e-01	1.169197e+01
2:8233922	2	8233922	9.075575e-01	1.174044e+01
2:8251470	2	8251470	2.666345e-01	1.143556e+01
2:8270005	2	8270005	9.593035e-01	1.174412e+01
2:8274450	2	8274450	7.495009e-01	1.170127e+01
2:8282761	2	8282761	4.352871e-01	1.154851e+01
2:8289972	2	8289972	9.075575e-01	1.174044e+01
2:8298124	2	8298124	9.075575e-01	1.174044e+01
2:8298136	2	8298136	2.276647e-01	1.131337e+01
2:8302891	2	8302891	2.371202e-01	1.156479e+01
2:8313639	2	8313639	5.543207e-01	1.133045e+01
2:8313978	2	8313978	8.037246e-01	1.169197e+01
2:8329985	2	8329985	8.605591e-01	1.169608e+01
2:8331866	2	8331866	7.405667e-01	1.148845e+01
2:8339564	2	8339564	2.666345e-01	1.143556e+01
2:8390791	2	8390791	8.037246e-01	1.169197e+01
2:8404204	2	8404204	1.099831e-02	1.041050e+01
2:8413723	2	8413723	8.057550e-01	1.172240e+01
2:8420249	2	8420249	7.509453e-01	1.173956e+01
2:8430553	2	8430553	8.525770e-01	1.174943e+01
2:8433212	2	8433212	7.341726e-01	1.173803e+01
2:8433645	2	8433645	2.463418e-01	1.129959e+01
2:8436293	2	8436293	2.666345e-01	1.143556e+01
2:8460261	2	8460261	8.095621e-01	1.174015e+01
2:8477532	2	8477532	9.075575e-01	1.174044e+01
2:8509028	2	8509028	2.666345e-01	1.143556e+01
2:8540729	2	8540729	8.512143e-01	1.172363e+01
2:8545925	2	8545925	2.276647e-01	1.131337e+01
2:8557854	2	8557854	5.204807e-01	1.151398e+01
2:8564431	2	8564431	5.870917e-01	1.161970e+01
2:8575687	2	8575687	8.689902e-01	1.175744e+01
2:8614555	2	8614555	6.813619e-01	1.170204e+01
2:8656023	2	8656023	8.057550e-01	1.172240e+01
2:8671138	2	8671138	8.037246e-01	1.169197e+01
2:8686461	2	8686461	4.352871e-01	1.154851e+01
2:8704057	2	8704057	2.276647e-01	1.131337e+01
2:8706261	2	8706261	3.172194e-01	1.138711e+01
2:8733594	2	8733594	2.932044e-01	1.122203e+01
2:8738663	2	8738663	8.037246e-01	1.169197e+01
2:8761392	2	8761392	4.936553e-01	1.155527e+01
2:8765259	2	8765259	9.075575e-01	1.174044e+01
2:8774030	2	8774030	2.666345e-01	1.143556e+01
2:8827916	2	8827916	9.075575e-01	1.174044e+01
2:8834982	2	8834982	5.426994e-01	1.162302e+01
2:8848905	2	8848905	2.666345e-01	1.143556e+01
2:8871331	2	8871331	5.426994e-01	1.162302e+01
2:8875339	2	8875339	5.217510e-01	1.161897e+01
2:8883598	2	8883598	9.192435e-02	9.907206e+00
2:8897412	2	8897412	4.352871e-01	1.154851e+01
2:8903025	2	8903025	7.053252e-03	1.019190e+01
2:8921852	2	8921852	2.666345e-01	1.143556e+01
2:8957294	2	8957294	5.426994e-01	1.162302e+01
2:8961610	2	8961610	8.512143e-01	1.172363e+01
2:8962738	2	8962738	5.426994e-01	1.162302e+01
2:8969960	2	8969960	7.219934e-02	1.107023e+01
2:8974021	2	8974021	1.680452e-03	9.723156e+00
2:8983477	2	8983477	7.219934e-02	1.107023e+01
2:9003163	2	9003163	9.936505e-02	1.095508e+01
2:9017429	2	9017429	3.727197e-01	1.154528e+01
2:9019656	2	9019656	9.544300e-01	1.169544e+01
2:9021216	2	9021216	4.701552e-01	1.163332e+01
2:9044538	2	9044538	3.727197e-01	1.154528e+01
2:9130960	2	9130960	5.426994e-01	1.162302e+01
2:9145448	2	9145448	3.727197e-01	1.154528e+01
2:9153021	2	9153021	2.340277e-01	1.137347e+01
2:9162165	2	9162165	2.330020e-01	1.135708e+01
2:9175522	2	9175522	5.331000e-01	1.167350e+01
2:9216773	2	9216773	4.628222e-01	1.161649e+01
2:9230744	2	9230744	5.426994e-01	1.162302e+01
2:9246613	2	9246613	2.101291e-03	9.541221e+00
2:9251834	2	9251834	5.426994e-01	1.162302e+01
2:9286440	2	9286440	4.648162e-01	1.168381e+01
2:9290662	2	9290662	2.032943e-04	8.749976e+00
2:9303637	2	9303637	3.347132e-01	1.157889e+01
2:9344276	2	9344276	1.762706e-03	9.623432e+00
2:9344866	2	9344866	9.674717e-02	1.114721e+01
2:9345047	2	9345047	4.628222e-01	1.161649e+01
2:9350703	2	9350703	6.874898e-01	1.125969e+01
2:9351409	2	9351409	4.172132e-01	1.159654e+01
2:9365876	2	9365876	4.172132e-01	1.159654e+01
2:9367507	2	9367507	3.131381e-01	1.148635e+01
2:9370231	2	9370231	3.748346e-01	1.162811e+01
2:9398591	2	9398591	9.674717e-02	1.114721e+01
2:9427257	2	9427257	4.172132e-01	1.159654e+01
2:9438987	2	9438987	3.727197e-01	1.154528e+01
2:9449832	2	9449832	5.510033e-01	1.168525e+01
2:9469968	2	9469968	6.053938e-03	9.881694e+00
2:9485448	2	9485448	5.426994e-01	1.162302e+01
2:9490599	2	9490599	3.226308e-01	1.136097e+01
2:9497699	2	9497699	2.036600e-01	1.114538e+01
2:9505026	2	9505026	2.122250e-02	1.074499e+01
2:9527676	2	9527676	3.147203e-01	1.137216e+01
2:9545582	2	9545582	2.914310e-01	1.138427e+01
2:9556105	2	9556105	8.240697e-01	1.187301e+01
2:9556459	2	9556459	4.172132e-01	1.159654e+01
2:9582371	2	9582371	1.485633e-01	1.203119e+01
2:9597544	2	9597544	7.523738e-03	9.947751e+00
2:9648732	2	9648732	3.449511e-01	1.143423e+01
2:9660717	2	9660717	5.712143e-01	1.161082e+01
2:9686833	2	9686833	5.930196e-01	1.161390e+01
2:9697270	2	9697270	6.077598e-01	1.138810e+01
2:9703127	2	9703127	3.056691e-01	1.148010e+01
2:9703275	2	9703275	2.036600e-01	1.114538e+01
2:9711244	2	9711244	4.172132e-01	1.159654e+01
2:9726635	2	9726635	7.523738e-03	9.947751e+00
2:9734971	2	9734971	5.103690e-01	1.156606e+01
2:9736920	2	9736920	7.327460e-01	1.156619e+01
2:9767958	2	9767958	3.449511e-01	1.143423e+01
2:9775575	2	9775575	3.552718e-02	9.705112e+00
2:9800873	2	9800873	5.960392e-01	1.159858e+01
2:9849171	2	9849171	1.046274e-02	8.926525e+00
2:9851933	2	9851933	1.844111e-02	8.936256e+00
2:9852054	2	9852054	9.864253e-02	1.094480e+01
2:9864190	2	9864190	5.712143e-01	1.161082e+01
2:9869104	2	9869104	4.936553e-01	1.155527e+01
2:9872501	2	9872501	4.835062e-01	1.129195e+01
2:9872730	2	9872730	2.028946e-01	1.115671e+01
2:9885054	2	9885054	1.624869e-01	1.111629e+01
2:9895079	2	9895079	7.852737e-01	1.173695e+01
2:9899129	2	9899129	5.510033e-01	1.168525e+01
2:9905369	2	9905369	2.504728e-04	8.653951e+00
2:9906937	2	9906937	9.954712e-01	1.174139e+01
2:9908852	2	9908852	5.968526e-01	1.173846e+01
2:9910440	2	9910440	1.615873e-01	1.111226e+01
2:9939855	2	9939855	3.416975e-01	1.186467e+01
2:9947725	2	9947725	6.102147e-01	1.161601e+01
2:9987632	2	9987632	5.641051e-01	1.163410e+01
2:10010351	2	10010351	5.381399e-01	1.162707e+01
2:10029516	2	10029516	3.353886e-01	1.156019e+01
2:10031308	2	10031308	7.073322e-01	1.171203e+01
2:10036583	2	10036583	5.840155e-01	1.163855e+01
2:10040697	2	10040697	6.021159e-01	1.164434e+01
2:10051491	2	10051491	7.073322e-01	1.171203e+01
2:10116978	2	10116978	5.738296e-01	1.163251e+01
2:10117050	2	10117050	5.712143e-01	1.161082e+01
2:10125985	2	10125985	4.169999e-01	1.145071e+01
2:10134503	2	10134503	7.073322e-01	1.171203e+01
2:10134544	2	10134544	5.738296e-01	1.163251e+01
2:10149292	2	10149292	5.426994e-01	1.162302e+01
2:10151755	2	10151755	7.394110e-01	1.170883e+01
2:10177091	2	10177091	5.738296e-01	1.163251e+01
2:10194674	2	10194674	1.957337e-01	1.121782e+01
2:10196127	2	10196127	3.727197e-01	1.154528e+01
2:10218114	2	10218114	9.928702e-01	1.174683e+01
2:10225227	2	10225227	9.674717e-02	1.114721e+01
2:10227136	2	10227136	2.779420e-01	1.135490e+01
2:10228074	2	10228074	5.278185e-01	1.134203e+01
2:10232748	2	10232748	5.362100e-01	1.162434e+01
2:10241372	2	10241372	3.982369e-01	1.150107e+01
2:10244001	2	10244001	1.837568e-01	1.106790e+01
2:10263055	2	10263055	3.727197e-01	1.154528e+01
2:10275107	2	10275107	3.727197e-01	1.154528e+01
2:10291707	2	10291707	3.511943e-01	1.149811e+01
2:10292260	2	10292260	5.738296e-01	1.163251e+01
2:10302232	2	10302232	5.426994e-01	1.162302e+01
2:10306240	2	10306240	5.473838e-01	1.158116e+01
2:10308841	2	10308841	5.426994e-01	1.162302e+01
2:10321749	2	10321749	5.510033e-01	1.168525e+01
2:10322260	2	10322260	3.727197e-01	1.154528e+01
2:10325775	2	10325775	9.902493e-01	1.174153e+01
2:10332422	2	10332422	9.674717e-02	1.114721e+01
2:10355225	2	10355225	3.727197e-01	1.154528e+01
2:10356502	2	10356502	9.820032e-01	1.173973e+01
2:10373560	2	10373560	6.919787e-01	1.164675e+01
2:10381022	2	10381022	7.073154e-01	1.165274e+01
2:10382905	2	10382905	5.712143e-01	1.161082e+01
2:10385141	2	10385141	4.965713e-01	1.202676e+01
2:10394774	2	10394774	7.073154e-01	1.165274e+01
2:10396342	2	10396342	5.426994e-01	1.162302e+01
2:10402461	2	10402461	5.712143e-01	1.161082e+01
2:10440233	2	10440233	9.820032e-01	1.173973e+01
2:10519553	2	10519553	5.510033e-01	1.168525e+01
2:10529244	2	10529244	9.595518e-01	1.174950e+01
2:10533612	2	10533612	5.534871e-01	1.158314e+01
2:10536716	2	10536716	7.073322e-01	1.171203e+01
2:10547484	2	10547484	5.712143e-01	1.161082e+01
2:10553019	2	10553019	3.687633e-01	1.138336e+01
2:10553119	2	10553119	7.073322e-01	1.171203e+01
2:10555823	2	10555823	7.139866e-01	1.167796e+01
2:10559110	2	10559110	3.588601e-01	1.143005e+01
2:10561660	2	10561660	7.953747e-01	1.160907e+01
2:10568640	2	10568640	1.534717e-02	9.253978e+00
2:10573597	2	10573597	7.073322e-01	1.171203e+01
2:10574802	2	10574802	8.893174e-01	1.171950e+01
2:10579748	2	10579748	7.043470e-01	1.168774e+01
2:10582566	2	10582566	7.073322e-01	1.171203e+01
2:10586296	2	10586296	6.858553e-01	1.156292e+01
2:10587493	2	10587493	7.073322e-01	1.171203e+01
2:10588999	2	10588999	5.426994e-01	1.162302e+01
2:10624807	2	10624807	6.638697e-01	1.192867e+01
2:10629617	2	10629617	7.849579e-01	1.171257e+01
2:10630941	2	10630941	1.278234e-01	1.043143e+01
2:10645674	2	10645674	5.426994e-01	1.162302e+01
2:10647744	2	10647744	8.654805e-01	1.172653e+01
2:10649033	2	10649033	7.980402e-01	1.168416e+01
2:10650511	2	10650511	5.426994e-01	1.162302e+01
2:10650713	2	10650713	3.433420e-02	1.056234e+01
2:10655296	2	10655296	8.427906e-01	1.175571e+01
2:10676111	2	10676111	5.331000e-01	1.167350e+01
2:10707319	2	10707319	2.963924e-01	1.025559e+01
2:10718504	2	10718504	1.828155e-01	1.102518e+01
2:10737312	2	10737312	7.677614e-01	1.177407e+01
2:10781313	2	10781313	3.451671e-02	1.060181e+01
2:10792658	2	10792658	9.055443e-01	1.172616e+01
2:10799465	2	10799465	9.820032e-01	1.173973e+01
2:10802722	2	10802722	9.611811e-01	1.173402e+01
2:10811796	2	10811796	8.205098e-01	1.170233e+01
2:10840882	2	10840882	8.331281e-01	1.173085e+01
2:10906196	2	10906196	8.845233e-01	1.172696e+01
2:10908465	2	10908465	6.650094e-01	1.143143e+01
2:10934727	2	10934727	4.370932e-01	1.156610e+01
2:10935700	2	10935700	9.401489e-01	1.173509e+01
2:10941251	2	10941251	8.401238e-01	1.171337e+01
2:10973216	2	10973216	4.172132e-01	1.159654e+01
2:10976369	2	10976369	8.845233e-01	1.172696e+01
2:10991227	2	10991227	2.032943e-04	8.749976e+00
2:11021076	2	11021076	3.206955e-01	1.134545e+01
2:11032445	2	11032445	8.845233e-01	1.172696e+01
2:11038353	2	11038353	6.713197e-01	1.216060e+01
2:11046402	2	11046402	3.636843e-01	1.168349e+01
2:11069202	2	11069202	1.811049e-01	1.141925e+01
2:11071837	2	11071837	2.074820e-01	1.132033e+01
2:11073855	2	11073855	1.811049e-01	1.141925e+01
2:11075767	2	11075767	4.628222e-01	1.161649e+01
2:11082127	2	11082127	2.032943e-04	8.749976e+00
2:11097783	2	11097783	1.952104e-01	1.107774e+01
2:11106805	2	11106805	4.628222e-01	1.161649e+01
2:11114973	2	11114973	8.845233e-01	1.172696e+01
2:11121190	2	11121190	3.780696e-01	1.149949e+01
2:11146682	2	11146682	4.172064e-01	1.215124e+01
2:11154008	2	11154008	3.780696e-01	1.149949e+01
2:11155308	2	11155308	9.055984e-01	1.172295e+01
2:11173580	2	11173580	8.923234e-01	1.172438e+01
2:11176953	2	11176953	3.780696e-01	1.149949e+01
2:11202688	2	11202688	5.104183e-01	1.158789e+01
2:11216977	2	11216977	3.727197e-01	1.154528e+01
2:11224154	2	11224154	2.032943e-04	8.749976e+00
2:11243317	2	11243317	5.331000e-01	1.167350e+01
2:11257753	2	11257753	4.459866e-01	1.166721e+01
2:11269790	2	11269790	1.937011e-01	1.128800e+01
2:11313679	2	11313679	1.541219e-01	1.123989e+01
2:11323811	2	11323811	3.727197e-01	1.154528e+01
2:11330543	2	11330543	2.088128e-01	1.135139e+01
2:11336522	2	11336522	1.349820e-01	1.132300e+01
2:11340369	2	11340369	8.037246e-01	1.169197e+01
2:11349554	2	11349554	3.727197e-01	1.154528e+01
2:11356796	2	11356796	1.135943e-05	7.771980e+00
2:11363847	2	11363847	3.827521e-01	1.149883e+01
2:11402427	2	11402427	9.674717e-02	1.114721e+01
2:11413605	2	11413605	8.037246e-01	1.169197e+01
2:11432811	2	11432811	8.588633e-01	1.169510e+01
2:11433605	2	11433605	3.182597e-02	1.038899e+01
2:11455611	2	11455611	4.170370e-01	1.152987e+01
2:11466250	2	11466250	3.359399e-02	1.041659e+01
2:11469297	2	11469297	4.628222e-01	1.161649e+01
2:11484844	2	11484844	2.032943e-04	8.749976e+00
2:11491101	2	11491101	8.037246e-01	1.169197e+01
2:11503060	2	11503060	3.727197e-01	1.154528e+01
2:11506861	2	11506861	8.542439e-01	1.170023e+01
2:11512485	2	11512485	5.426994e-01	1.162302e+01
2:11527302	2	11527302	8.824762e-01	1.170433e+01
2:11539790	2	11539790	3.727197e-01	1.154528e+01
2:11546379	2	11546379	5.422455e-01	1.153995e+01
2:11553323	2	11553323	4.777612e-02	1.046777e+01
2:11555272	2	11555272	1.764066e-05	7.626060e+00
2:11558898	2	11558898	3.727197e-01	1.154528e+01
2:11560578	2	11560578	3.827521e-01	1.149883e+01
2:11575528	2	11575528	5.510033e-01	1.168525e+01
2:11576642	2	11576642	3.665653e-01	1.171765e+01
2:11597035	2	11597035	7.739714e-01	1.173020e+01
2:11601284	2	11601284	4.917760e-01	1.161719e+01
2:11606020	2	11606020	6.807529e-01	1.211592e+01
2:11638738	2	11638738	8.037246e-01	1.169197e+01
2:11639731	2	11639731	1.135943e-05	7.771980e+00
2:11640162	2	11640162	8.037246e-01	1.169197e+01
2:11642339	2	11642339	3.727197e-01	1.154528e+01
2:11643129	2	11643129	6.237822e-01	1.164399e+01
2:11644135	2	11644135	9.533707e-02	1.096417e+01
2:11654230	2	11654230	2.032943e-04	8.749976e+00
2:11664189	2	11664189	9.674717e-02	1.114721e+01
2:11671773	2	11671773	6.951680e-01	1.169065e+01
2:11686233	2	11686233	8.211353e-01	1.169790e+01
2:11701387	2	11701387	5.510033e-01	1.168525e+01
2:11708127	2	11708127	1.817769e-01	1.127181e+01
2:11711036	2	11711036	3.692500e-01	1.180419e+01
2:11721976	2	11721976	5.510033e-01	1.168525e+01
2:11728588	2	11728588	7.762986e-01	1.168588e+01
2:11746939	2	11746939	3.727197e-01	1.154528e+01
2:11757394	2	11757394	3.727197e-01	1.154528e+01
2:11760376	2	11760376	3.727197e-01	1.154528e+01
2:11763588	2	11763588	5.104183e-01	1.158789e+01
2:11801195	2	11801195	5.532747e-01	1.165463e+01
2:11809366	2	11809366	6.091078e-01	1.167686e+01
2:11844784	2	11844784	3.863315e-01	1.160299e+01
2:11844926	2	11844926	2.468823e-01	1.136837e+01
2:11855551	2	11855551	7.372222e-02	1.068479e+01
2:11863910	2	11863910	6.724596e-01	1.174711e+01
2:11869290	2	11869290	3.359399e-02	1.041659e+01
2:11898167	2	11898167	3.359399e-02	1.041659e+01
2:11906468	2	11906468	8.211353e-01	1.169790e+01
2:11910664	2	11910664	1.495191e-01	1.025896e+01
2:11911523	2	11911523	8.037246e-01	1.169197e+01
2:11914698	2	11914698	4.035887e-01	1.150956e+01
2:11921343	2	11921343	4.975113e-01	1.161775e+01
2:11972716	2	11972716	3.727197e-01	1.154528e+01
2:11981186	2	11981186	6.169180e-01	1.172992e+01
2:11996505	2	11996505	1.825033e-01	1.106939e+01
2:12024676	2	12024676	1.825033e-01	1.106939e+01
2:12038102	2	12038102	3.335501e-01	1.144783e+01
2:12055933	2	12055933	6.673992e-01	1.165078e+01
2:12057242	2	12057242	6.673992e-01	1.165078e+01
2:12067655	2	12067655	8.804372e-01	1.175451e+01
2:12082144	2	12082144	6.820868e-01	1.158979e+01
2:12083326	2	12083326	1.739863e-01	1.109121e+01
2:12104983	2	12104983	4.920599e-01	1.165164e+01
2:12113149	2	12113149	4.331768e-04	8.918643e+00
2:12124598	2	12124598	1.825033e-01	1.106939e+01
2:12128594	2	12128594	1.644148e-01	1.105626e+01
2:12145885	2	12145885	8.174300e-01	1.174324e+01
2:12151090	2	12151090	8.174300e-01	1.174324e+01
2:12153430	2	12153430	8.174300e-01	1.174324e+01
2:12204679	2	12204679	7.119455e-01	1.168839e+01
2:12209000	2	12209000	1.825033e-01	1.106939e+01
2:12216320	2	12216320	2.999194e-01	1.125160e+01
2:12231844	2	12231844	2.251081e-01	1.104723e+01
2:12233559	2	12233559	7.245319e-01	1.160477e+01
2:12234401	2	12234401	6.383760e-01	1.166608e+01
2:12236576	2	12236576	5.331000e-01	1.167350e+01
2:12248763	2	12248763	8.502264e-01	1.171332e+01
2:12272270	2	12272270	2.016728e-01	1.100797e+01
2:12307272	2	12307272	4.432029e-01	1.156858e+01
2:12307539	2	12307539	2.652939e-01	1.132453e+01
2:12308349	2	12308349	2.999194e-01	1.125160e+01
2:12324538	2	12324538	6.626689e-01	1.171674e+01
2:12352214	2	12352214	2.045909e-01	1.110911e+01
2:12366894	2	12366894	2.999194e-01	1.125160e+01
2:12432083	2	12432083	3.034152e-01	1.187842e+01
2:12447778	2	12447778	3.628052e-01	1.149394e+01
2:12466467	2	12466467	7.119455e-01	1.168839e+01
2:12472782	2	12472782	7.321297e-01	1.167604e+01
2:12474472	2	12474472	4.259185e-01	1.147962e+01
2:12478985	2	12478985	1.803330e-03	9.156572e+00
2:12487229	2	12487229	7.321297e-01	1.167604e+01
2:12487310	2	12487310	7.321297e-01	1.167604e+01
2:12496671	2	12496671	9.331263e-03	9.823619e+00
2:12497978	2	12497978	6.253968e-01	1.159675e+01
2:12509044	2	12509044	3.049231e-01	1.155304e+01
2:12552560	2	12552560	7.119455e-01	1.168839e+01
2:12556273	2	12556273	7.119455e-01	1.168839e+01
2:12578807	2	12578807	4.348935e-01	1.146252e+01
2:12589681	2	12589681	9.884925e-01	1.174007e+01
2:12607241	2	12607241	7.432630e-01	1.167417e+01
2:12612490	2	12612490	3.646720e-01	1.149675e+01
2:12627878	2	12627878	6.050424e-01	1.159418e+01
2:12642940	2	12642940	2.032943e-04	8.749976e+00
2:12681727	2	12681727	9.884925e-01	1.174007e+01
2:12687552	2	12687552	3.780696e-01	1.149949e+01
2:12697498	2	12697498	5.761290e-01	1.167943e+01
2:12707661	2	12707661	8.266940e-01	1.171173e+01
2:12716209	2	12716209	1.033182e-04	8.170272e+00
2:12725153	2	12725153	3.232887e-01	1.148392e+01
2:12766275	2	12766275	8.064391e-01	1.171938e+01
2:12785922	2	12785922	2.139281e-01	1.125805e+01
2:12788239	2	12788239	2.128312e-01	1.124991e+01
2:12807345	2	12807345	6.008923e-02	1.057342e+01
2:12808429	2	12808429	3.780696e-01	1.149949e+01
2:12827786	2	12827786	2.139281e-01	1.125805e+01
2:12833731	2	12833731	8.642447e-01	1.172544e+01
2:12859111	2	12859111	2.139281e-01	1.125805e+01
2:12865246	2	12865246	3.780696e-01	1.149949e+01
2:12896957	2	12896957	3.780696e-01	1.149949e+01
2:12942370	2	12942370	1.033182e-04	8.170272e+00
2:12951508	2	12951508	3.232887e-01	1.148392e+01
2:12975953	2	12975953	2.139281e-01	1.125805e+01
2:12980625	2	12980625	9.408976e-01	1.168946e+01
2:12984359	2	12984359	3.232887e-01	1.148392e+01
2:12991942	2	12991942	2.139281e-01	1.125805e+01
2:12996369	2	12996369	6.962278e-01	1.169699e+01
2:12998397	2	12998397	8.064391e-01	1.171938e+01
2:13026931	2	13026931	3.484374e-01	1.148562e+01
2:13046909	2	13046909	3.780696e-01	1.149949e+01
2:13058748	2	13058748	1.033182e-04	8.170272e+00
2:13063241	2	13063241	9.369694e-01	1.173497e+01
2:13092413	2	13092413	2.521158e-04	8.334058e+00
2:13094573	2	13094573	2.204600e-03	7.967921e+00
2:13107088	2	13107088	7.991013e-01	1.171155e+01
2:13113914	2	13113914	2.521158e-04	8.334058e+00
2:13129199	2	13129199	3.702497e-01	1.145443e+01
2:13141437	2	13141437	3.780696e-01	1.149949e+01
2:13148656	2	13148656	2.128312e-01	1.124991e+01
2:13157161	2	13157161	1.419236e-01	1.130674e+01
2:13177787	2	13177787	8.064391e-01	1.171938e+01
2:13197318	2	13197318	6.008923e-02	1.057342e+01
2:13208689	2	13208689	3.232887e-01	1.148392e+01
2:13216622	2	13216622	5.331000e-01	1.167350e+01
2:13242977	2	13242977	8.064391e-01	1.171938e+01
2:13250997	2	13250997	2.213497e-01	1.134105e+01
2:13272104	2	13272104	2.081071e-01	1.062121e+01
2:13276798	2	13276798	3.879177e-01	1.150748e+01
2:13289649	2	13289649	6.008923e-02	1.057342e+01
2:13289928	2	13289928	8.064391e-01	1.171938e+01
2:13293385	2	13293385	6.008923e-02	1.057342e+01
2:13296917	2	13296917	9.160292e-01	1.172272e+01
2:13314002	2	13314002	6.856283e-01	1.173877e+01
2:13315526	2	13315526	1.679100e-01	1.139915e+01
2:13338673	2	13338673	4.212877e-01	1.183972e+01
2:13371757	2	13371757	6.303686e-01	1.172773e+01
2:13376184	2	13376184	6.856283e-01	1.173877e+01
2:13400948	2	13400948	9.644314e-01	1.174214e+01
2:13411293	2	13411293	4.162294e-02	1.084802e+01
2:13415524	2	13415524	5.793623e-01	1.159057e+01
2:13444837	2	13444837	2.872202e-02	1.057636e+01
2:13448562	2	13448562	1.896760e-01	1.142671e+01
2:13489105	2	13489105	4.546754e-02	1.088473e+01
2:13540923	2	13540923	1.905915e-01	1.134332e+01
2:13589965	2	13589965	7.050125e-01	1.172192e+01
2:13594148	2	13594148	6.856283e-01	1.173877e+01
2:13595422	2	13595422	5.323728e-01	1.166910e+01
2:13618866	2	13618866	5.426994e-01	1.162302e+01
2:13622563	2	13622563	4.628953e-03	8.637028e+00
2:13635643	2	13635643	9.196579e-01	1.172325e+01
2:13654600	2	13654600	1.412161e-01	1.107916e+01
2:13664315	2	13664315	9.258027e-01	1.172848e+01
2:13670273	2	13670273	7.370896e-01	1.177723e+01
2:13680545	2	13680545	5.426994e-01	1.162302e+01
2:13684710	2	13684710	5.426994e-01	1.162302e+01
2:13702124	2	13702124	7.939736e-01	1.176945e+01
2:13725400	2	13725400	7.939736e-01	1.176945e+01
2:13757467	2	13757467	4.137492e-01	1.153345e+01
2:13774250	2	13774250	1.600392e-01	1.127565e+01
2:13802879	2	13802879	7.812312e-01	1.225654e+01
2:13809826	2	13809826	7.939736e-01	1.176945e+01
2:13821423	2	13821423	7.156482e-03	9.292568e+00
2:13826193	2	13826193	7.939736e-01	1.176945e+01
2:13833291	2	13833291	3.609452e-01	1.152024e+01
2:13844492	2	13844492	8.813443e-01	1.174196e+01
2:13844501	2	13844501	7.742727e-01	1.168641e+01
2:13845369	2	13845369	5.426994e-01	1.162302e+01
2:13857350	2	13857350	5.426994e-01	1.162302e+01
2:13864607	2	13864607	8.708331e-01	1.177760e+01
2:13866209	2	13866209	6.024515e-01	1.179815e+01
2:13871100	2	13871100	7.691439e-01	1.143846e+01
2:13879801	2	13879801	7.939736e-01	1.176945e+01
2:13911869	2	13911869	7.742727e-01	1.168641e+01
2:13929922	2	13929922	5.426994e-01	1.162302e+01
2:13936118	2	13936118	7.939736e-01	1.176945e+01
2:13937039	2	13937039	2.471661e-01	1.130141e+01
2:13952446	2	13952446	5.053103e-01	1.150760e+01
2:13954803	2	13954803	5.426994e-01	1.162302e+01
2:13956254	2	13956254	4.137492e-01	1.153345e+01
2:13969554	2	13969554	8.458943e-01	1.175111e+01
2:13980850	2	13980850	7.742727e-01	1.168641e+01
2:13983670	2	13983670	5.722376e-01	1.161766e+01
2:13984485	2	13984485	8.148100e-01	1.175084e+01
2:13990009	2	13990009	8.813443e-01	1.174196e+01
2:14003866	2	14003866	7.620829e-01	1.169237e+01
2:14015400	2	14015400	2.183025e-01	1.132204e+01
2:14021019	2	14021019	2.183025e-01	1.132204e+01
2:14022093	2	14022093	4.137492e-01	1.153345e+01
2:14046031	2	14046031	4.137492e-01	1.153345e+01
2:14057688	2	14057688	7.742727e-01	1.168641e+01
2:14059311	2	14059311	5.703797e-01	1.159357e+01
2:14062941	2	14062941	2.974839e-01	1.154260e+01
2:14063858	2	14063858	7.939736e-01	1.176945e+01
2:14100047	2	14100047	7.939736e-01	1.176945e+01
2:14106164	2	14106164	7.939736e-01	1.176945e+01
2:14120371	2	14120371	1.916765e-03	9.689270e+00
2:14121712	2	14121712	1.412161e-01	1.107916e+01
2:14131192	2	14131192	7.939736e-01	1.176945e+01
2:14132177	2	14132177	1.868679e-01	1.129217e+01
2:14145691	2	14145691	3.205978e-01	1.144122e+01
2:14164788	2	14164788	3.895934e-01	1.153728e+01
2:14199271	2	14199271	7.939736e-01	1.176945e+01
2:14202898	2	14202898	8.813443e-01	1.174196e+01
2:14217953	2	14217953	1.916765e-03	9.689270e+00
2:14217959	2	14217959	7.939736e-01	1.176945e+01
2:14253533	2	14253533	4.137492e-01	1.153345e+01
2:14276022	2	14276022	7.939736e-01	1.176945e+01
2:14279510	2	14279510	4.137492e-01	1.153345e+01
2:14280998	2	14280998	7.939736e-01	1.176945e+01
2:14293025	2	14293025	8.966811e-01	1.170411e+01
2:14300440	2	14300440	7.939736e-01	1.176945e+01
2:14303567	2	14303567	1.412161e-01	1.107916e+01
2:14326832	2	14326832	1.916765e-03	9.689270e+00
2:14333364	2	14333364	7.939736e-01	1.176945e+01
2:14350873	2	14350873	4.368086e-01	1.150826e+01
2:14357060	2	14357060	1.916765e-03	9.689270e+00
2:14358515	2	14358515	2.183025e-01	1.132204e+01
2:14360571	2	14360571	8.813443e-01	1.174196e+01
2:14369759	2	14369759	4.137492e-01	1.153345e+01
2:14373407	2	14373407	2.183025e-01	1.132204e+01
2:14384770	2	14384770	7.939736e-01	1.176945e+01
2:14385161	2	14385161	8.136269e-01	1.175751e+01
2:14389444	2	14389444	7.939736e-01	1.176945e+01
2:14389447	2	14389447	7.939736e-01	1.176945e+01
2:14414949	2	14414949	7.631375e-01	1.177824e+01
2:14415337	2	14415337	9.498721e-01	1.174629e+01
2:14418481	2	14418481	5.770083e-01	1.167903e+01
2:14422257	2	14422257	7.939736e-01	1.176945e+01
2:14424221	2	14424221	2.032943e-04	8.749976e+00
2:14425224	2	14425224	1.916765e-03	9.689270e+00
2:14425330	2	14425330	2.183025e-01	1.132204e+01
2:14426977	2	14426977	5.426994e-01	1.162302e+01
2:14440129	2	14440129	7.130433e-01	1.155560e+01
2:14450626	2	14450626	8.813443e-01	1.174196e+01
2:14456342	2	14456342	8.813443e-01	1.174196e+01
2:14457143	2	14457143	5.063604e-01	1.152172e+01
2:14460893	2	14460893	7.939736e-01	1.176945e+01
2:14467305	2	14467305	7.277851e-01	1.154376e+01
2:14472534	2	14472534	2.183025e-01	1.132204e+01
2:14476893	2	14476893	4.137492e-01	1.153345e+01
2:14484851	2	14484851	8.441920e-01	1.175568e+01
2:14495140	2	14495140	1.916765e-03	9.689270e+00
2:14511029	2	14511029	1.412161e-01	1.107916e+01
2:14515398	2	14515398	5.605371e-01	1.177561e+01
2:14520089	2	14520089	2.183025e-01	1.132204e+01
2:14520871	2	14520871	2.183025e-01	1.132204e+01
2:14532962	2	14532962	1.412161e-01	1.107916e+01
2:14535934	2	14535934	8.813443e-01	1.174196e+01
2:14539122	2	14539122	1.782960e-03	8.690685e+00
2:14562587	2	14562587	1.704324e-01	1.096460e+01
2:14585968	2	14585968	2.226725e-01	1.090311e+01
2:14589178	2	14589178	8.226074e-01	1.175872e+01
2:14592893	2	14592893	4.769870e-01	1.174136e+01
2:14604088	2	14604088	9.385833e-02	1.100509e+01
2:14624857	2	14624857	8.813443e-01	1.174196e+01
2:14640609	2	14640609	4.769870e-01	1.174136e+01
2:14649394	2	14649394	3.329795e-01	1.092072e+01
2:14654565	2	14654565	8.813443e-01	1.174196e+01
2:14657540	2	14657540	4.769870e-01	1.174136e+01
2:14659870	2	14659870	4.137492e-01	1.153345e+01
2:14678462	2	14678462	9.339613e-01	1.173983e+01
2:14686334	2	14686334	9.385833e-02	1.100509e+01
2:14701593	2	14701593	9.385833e-02	1.100509e+01
2:14710750	2	14710750	8.813443e-01	1.174196e+01
2:14724354	2	14724354	4.014396e-01	1.183509e+01
2:14757712	2	14757712	4.715952e-01	1.174174e+01
2:14764558	2	14764558	8.006111e-01	1.176175e+01
2:14812387	2	14812387	5.426994e-01	1.162302e+01
2:14822847	2	14822847	1.468186e-05	8.179414e+00
2:14823548	2	14823548	8.246763e-01	1.175834e+01
2:14844221	2	14844221	1.992128e-01	1.113128e+01
2:14864121	2	14864121	6.360113e-01	1.159912e+01
2:14874362	2	14874362	4.424765e-01	1.161059e+01
2:14885926	2	14885926	4.609268e-01	1.164149e+01
2:14894518	2	14894518	5.482086e-01	1.169763e+01
2:14906137	2	14906137	5.403233e-01	1.164517e+01
2:14906876	2	14906876	8.437892e-01	1.172802e+01
2:14920792	2	14920792	1.507149e-01	1.108253e+01
2:14925741	2	14925741	1.353142e-01	1.104847e+01
2:14947107	2	14947107	5.507781e-01	1.162861e+01
2:14947620	2	14947620	4.722878e-01	1.148134e+01
2:14954147	2	14954147	5.552369e-01	1.210761e+01
2:14963814	2	14963814	4.680582e-01	1.145120e+01
2:14970868	2	14970868	5.507781e-01	1.162861e+01
2:14974588	2	14974588	4.722878e-01	1.148134e+01
2:14976959	2	14976959	6.328308e-03	9.684562e+00
2:14986765	2	14986765	4.722878e-01	1.148134e+01
2:15000383	2	15000383	2.032943e-04	8.749976e+00
2:15007931	2	15007931	9.744697e-01	1.173567e+01
2:15008296	2	15008296	8.737768e-01	1.171632e+01
2:15049628	2	15049628	4.722878e-01	1.148134e+01
2:15117921	2	15117921	6.149968e-01	1.147902e+01
2:15118686	2	15118686	9.800536e-01	1.173988e+01
2:15137258	2	15137258	9.800536e-01	1.173988e+01
2:15156044	2	15156044	5.789055e-01	1.167569e+01
2:15168388	2	15168388	7.853792e-01	1.167471e+01
2:15173572	2	15173572	6.028023e-01	1.167662e+01
2:15175312	2	15175312	9.120393e-01	1.170270e+01
2:15175444	2	15175444	4.128999e-01	1.161257e+01
2:15221704	2	15221704	5.426994e-01	1.162302e+01
2:15222831	2	15222831	8.579769e-01	1.171424e+01
2:15228648	2	15228648	5.426994e-01	1.162302e+01
2:15244197	2	15244197	2.338497e-02	1.020429e+01
2:15281203	2	15281203	8.496326e-01	1.170117e+01
2:15281868	2	15281868	8.870365e-01	1.171058e+01
2:15289341	2	15289341	8.060788e-01	1.170345e+01
2:15296647	2	15296647	7.591337e-01	1.174576e+01
2:15307855	2	15307855	8.870365e-01	1.171058e+01
2:15307856	2	15307856	9.272666e-01	1.176237e+01
2:15314736	2	15314736	2.032943e-04	8.749976e+00
2:15314845	2	15314845	8.970615e-01	1.173536e+01
2:15319674	2	15319674	8.850358e-01	1.194021e+01
2:15322795	2	15322795	9.940775e-01	1.173999e+01
2:15370241	2	15370241	8.970615e-01	1.173536e+01
2:15399836	2	15399836	8.970615e-01	1.173536e+01
2:15464626	2	15464626	5.567958e-01	1.160717e+01
2:15470217	2	15470217	1.644443e-02	1.016264e+01
2:15472055	2	15472055	1.644443e-02	1.016264e+01
2:15494786	2	15494786	6.256118e-01	1.175827e+01
2:15498329	2	15498329	2.032943e-04	8.749976e+00
2:15503120	2	15503120	6.723181e-01	1.173126e+01
2:15517261	2	15517261	1.644443e-02	1.016264e+01
2:15537013	2	15537013	8.970615e-01	1.173536e+01
2:15552171	2	15552171	8.527633e-01	1.177260e+01
2:15587388	2	15587388	2.032943e-04	8.749976e+00
2:15621447	2	15621447	4.702734e-01	1.170311e+01
2:15630580	2	15630580	8.521645e-01	1.175380e+01
2:15636455	2	15636455	5.728483e-01	1.173825e+01
2:15646431	2	15646431	6.723181e-01	1.173126e+01
2:15661305	2	15661305	2.139281e-01	1.125805e+01
2:15676085	2	15676085	8.970615e-01	1.173536e+01
2:15687465	2	15687465	8.919073e-01	1.175152e+01
2:15689376	2	15689376	9.597684e-01	1.174571e+01
2:15692064	2	15692064	6.723181e-01	1.173126e+01
2:15702653	2	15702653	8.970615e-01	1.173536e+01
2:15708449	2	15708449	8.518262e-01	1.175918e+01
2:15735575	2	15735575	2.032943e-04	8.749976e+00
2:15771907	2	15771907	6.723181e-01	1.173126e+01
2:15772937	2	15772937	8.970615e-01	1.173536e+01
2:15778435	2	15778435	8.970615e-01	1.173536e+01
2:15806825	2	15806825	8.970615e-01	1.173536e+01
2:15814121	2	15814121	8.970615e-01	1.173536e+01
2:15818316	2	15818316	3.702497e-01	1.145443e+01
2:15818454	2	15818454	9.755193e-01	1.173788e+01
2:15851631	2	15851631	5.426994e-01	1.162302e+01
2:15855715	2	15855715	5.264643e-02	1.064369e+01
2:15857661	2	15857661	9.597684e-01	1.174571e+01
2:15864870	2	15864870	5.426994e-01	1.162302e+01
2:15866481	2	15866481	8.870365e-01	1.171058e+01
2:15870495	2	15870495	9.597684e-01	1.174571e+01
2:15876762	2	15876762	8.870365e-01	1.171058e+01
2:15888830	2	15888830	8.870365e-01	1.171058e+01
2:15898271	2	15898271	7.916633e-01	1.169328e+01
2:15900614	2	15900614	7.916633e-01	1.169328e+01
2:15921698	2	15921698	2.315484e-02	1.027329e+01
2:15948645	2	15948645	5.426994e-01	1.162302e+01
2:15965399	2	15965399	8.970615e-01	1.173536e+01
2:15965708	2	15965708	6.256118e-01	1.175827e+01
2:16016066	2	16016066	4.509766e-01	1.155069e+01
2:16030622	2	16030622	5.710067e-01	1.162189e+01
2:16036510	2	16036510	8.671540e-01	1.173320e+01
2:16082711	2	16082711	2.696567e-01	1.104060e+01
2:16093031	2	16093031	5.331000e-01	1.167350e+01
2:16102497	2	16102497	2.696567e-01	1.104060e+01
2:16120761	2	16120761	9.597684e-01	1.174571e+01
2:16120909	2	16120909	6.256118e-01	1.175827e+01
2:16125097	2	16125097	5.548702e-01	1.119010e+01
2:16129253	2	16129253	5.426994e-01	1.162302e+01
2:16144076	2	16144076	8.534859e-01	1.177046e+01
2:16150369	2	16150369	6.377346e-01	1.174466e+01
2:16158197	2	16158197	8.970615e-01	1.173536e+01
2:16161502	2	16161502	2.172222e-02	1.030747e+01
2:16175666	2	16175666	7.694117e-01	1.160317e+01
2:16190183	2	16190183	6.256118e-01	1.175827e+01
2:16201577	2	16201577	2.807803e-01	1.107178e+01
2:16218950	2	16218950	4.702734e-01	1.170311e+01
2:16223069	2	16223069	9.597684e-01	1.174571e+01
2:16234840	2	16234840	4.371851e-01	1.174360e+01
2:16242600	2	16242600	2.807803e-01	1.107178e+01
2:16244161	2	16244161	5.331000e-01	1.167350e+01
2:16260812	2	16260812	5.382942e-01	1.162758e+01
2:16264196	2	16264196	2.807803e-01	1.107178e+01
2:16284773	2	16284773	8.522364e-01	1.168345e+01
2:16297126	2	16297126	9.264764e-01	1.173906e+01
2:16314493	2	16314493	8.522364e-01	1.168345e+01
2:16340666	2	16340666	1.306964e-01	1.111007e+01
2:16363977	2	16363977	9.969945e-01	1.174131e+01
2:16370713	2	16370713	7.696275e-01	1.176388e+01
2:16375756	2	16375756	1.129893e-01	1.116086e+01
2:16385373	2	16385373	1.294957e-01	1.112102e+01
2:16404472	2	16404472	5.934971e-01	1.149121e+01
2:16415933	2	16415933	9.597684e-01	1.174571e+01
2:16429268	2	16429268	5.934971e-01	1.149121e+01
2:16432278	2	16432278	5.426994e-01	1.162302e+01
2:16435270	2	16435270	1.306964e-01	1.111007e+01
2:16443929	2	16443929	6.068217e-01	1.161652e+01
2:16445715	2	16445715	9.406973e-01	1.174349e+01
2:16450892	2	16450892	2.129945e-01	1.187730e+01
2:16460755	2	16460755	9.264764e-01	1.173906e+01
2:16461642	2	16461642	4.756836e-01	1.169298e+01
2:16482539	2	16482539	7.185957e-01	1.169967e+01
2:16494827	2	16494827	5.934971e-01	1.149121e+01
2:16518867	2	16518867	2.153711e-01	1.096130e+01
2:16518869	2	16518869	2.153711e-01	1.096130e+01
2:16529381	2	16529381	5.426994e-01	1.162302e+01
2:16530618	2	16530618	3.693820e-01	1.121438e+01
2:16538308	2	16538308	5.426994e-01	1.162302e+01
2:16539735	2	16539735	7.828443e-01	1.169302e+01
2:16556069	2	16556069	9.264764e-01	1.173906e+01
2:16556169	2	16556169	2.682114e-01	1.147132e+01
2:16566572	2	16566572	3.693820e-01	1.121438e+01
2:16570318	2	16570318	4.936553e-01	1.155527e+01
2:16575875	2	16575875	7.828443e-01	1.169302e+01
2:16575876	2	16575876	7.828443e-01	1.169302e+01
2:16599629	2	16599629	8.429431e-01	1.182977e+01
2:16621060	2	16621060	8.682106e-01	1.176046e+01
2:16631299	2	16631299	9.758461e-01	1.174372e+01
2:16635830	2	16635830	6.937743e-01	1.168998e+01
2:16640536	2	16640536	2.704828e-01	1.145757e+01
2:16641384	2	16641384	2.704828e-01	1.145757e+01
2:16641490	2	16641490	2.704828e-01	1.145757e+01
2:16644314	2	16644314	9.264764e-01	1.173906e+01
2:16653580	2	16653580	4.936553e-01	1.155527e+01
2:16663523	2	16663523	4.702734e-01	1.170311e+01
2:16668655	2	16668655	8.933617e-01	1.175367e+01
2:16673736	2	16673736	6.373654e-01	1.168886e+01
2:16675997	2	16675997	9.264764e-01	1.173906e+01
2:16676501	2	16676501	6.454529e-01	1.168104e+01
2:16678362	2	16678362	9.822126e-01	1.174262e+01
2:16693460	2	16693460	7.228986e-01	1.178030e+01
2:16706581	2	16706581	9.264764e-01	1.173906e+01
2:16707398	2	16707398	8.628008e-01	1.169885e+01
2:16714007	2	16714007	8.656406e-01	1.170938e+01
2:16717612	2	16717612	7.800362e-01	1.164813e+01
2:16734324	2	16734324	5.640122e-01	1.176083e+01
2:16743181	2	16743181	7.989571e-01	1.172209e+01
2:16758986	2	16758986	4.702734e-01	1.170311e+01
2:16770688	2	16770688	4.936553e-01	1.155527e+01
2:16782800	2	16782800	6.447647e-01	1.175797e+01
2:16794991	2	16794991	8.217904e-01	1.172097e+01
2:16804270	2	16804270	8.656406e-01	1.170938e+01
2:16826835	2	16826835	9.280179e-01	1.174317e+01
2:16828337	2	16828337	6.454529e-01	1.168104e+01
2:16831019	2	16831019	4.936553e-01	1.155527e+01
2:16832552	2	16832552	6.394553e-01	1.174965e+01
2:16835281	2	16835281	4.936553e-01	1.155527e+01
2:16836184	2	16836184	8.081079e-01	1.172845e+01
2:16839638	2	16839638	7.989571e-01	1.172209e+01
2:16845376	2	16845376	5.826022e-01	1.182159e+01
2:16849506	2	16849506	8.396091e-01	1.171856e+01
2:16852882	2	16852882	7.989571e-01	1.172209e+01
2:16862311	2	16862311	8.656406e-01	1.170938e+01
2:16902950	2	16902950	9.073830e-01	1.174384e+01
2:16905600	2	16905600	3.126000e-01	1.168187e+01
2:16918689	2	16918689	1.599789e-01	1.135990e+01
2:16930664	2	16930664	7.182034e-01	1.173204e+01
2:16934621	2	16934621	4.702734e-01	1.170311e+01
2:16934622	2	16934622	4.702734e-01	1.170311e+01
2:16948614	2	16948614	5.562283e-01	1.159406e+01
2:16963085	2	16963085	8.964416e-01	1.171275e+01
2:16964782	2	16964782	4.468675e-01	1.153519e+01
2:16982353	2	16982353	4.458427e-01	1.175868e+01
2:16986145	2	16986145	4.936553e-01	1.155527e+01
2:16990817	2	16990817	8.656406e-01	1.170938e+01
2:16994304	2	16994304	1.599789e-01	1.135990e+01
2:16999596	2	16999596	4.936553e-01	1.155527e+01
2:17001454	2	17001454	1.232350e-01	1.148435e+01
2:17003887	2	17003887	9.670866e-01	1.173051e+01
2:17037890	2	17037890	4.702734e-01	1.170311e+01
2:17046469	2	17046469	7.989571e-01	1.172209e+01
2:17053422	2	17053422	4.458427e-01	1.175868e+01
2:17059530	2	17059530	2.808782e-01	1.156941e+01
2:17060595	2	17060595	5.194395e-01	1.161080e+01
2:17067294	2	17067294	1.022457e-01	1.248211e+01
2:17068444	2	17068444	5.840443e-01	1.172214e+01
2:17068493	2	17068493	5.221490e-01	1.157401e+01
2:17075542	2	17075542	5.444604e-01	1.161264e+01
2:17118495	2	17118495	4.936553e-01	1.155527e+01
2:17131211	2	17131211	2.767040e-01	1.154801e+01
2:17139960	2	17139960	2.648809e-01	1.154576e+01
2:17144924	2	17144924	5.984115e-01	1.174363e+01
2:17168730	2	17168730	4.291429e-01	1.171169e+01
2:17169668	2	17169668	6.454529e-01	1.168104e+01
2:17212967	2	17212967	4.165568e-01	1.158892e+01
2:17246610	2	17246610	9.105202e-01	1.174951e+01
2:17249320	2	17249320	6.454529e-01	1.168104e+01
2:17259935	2	17259935	6.976847e-01	1.166191e+01
2:17261528	2	17261528	6.339928e-01	1.169453e+01
2:17278499	2	17278499	6.270048e-01	1.173287e+01
2:17285107	2	17285107	5.202027e-01	1.175616e+01
2:17326959	2	17326959	2.487902e-01	1.148155e+01
2:17332923	2	17332923	7.989571e-01	1.172209e+01
2:17334410	2	17334410	5.331000e-01	1.167350e+01
2:17345656	2	17345656	4.936553e-01	1.155527e+01
2:17359487	2	17359487	5.752216e-01	1.170030e+01
2:17370947	2	17370947	2.510572e-01	1.150300e+01
2:17372971	2	17372971	2.787653e-01	1.152123e+01
2:17390389	2	17390389	5.461900e-01	1.177482e+01
2:17390570	2	17390570	4.936553e-01	1.155527e+01
2:17436689	2	17436689	4.936553e-01	1.155527e+01
2:17438261	2	17438261	2.487902e-01	1.148155e+01
2:17440172	2	17440172	4.936553e-01	1.155527e+01
2:17448569	2	17448569	2.515712e-01	1.260886e+01
2:17461394	2	17461394	8.510526e-01	1.166318e+01
2:17476432	2	17476432	5.084191e-01	1.153776e+01
2:17486036	2	17486036	5.546563e-01	1.161595e+01
2:17487825	2	17487825	4.441709e-01	1.254615e+01
2:17490810	2	17490810	3.961305e-01	1.170801e+01
2:17490883	2	17490883	5.562283e-01	1.159406e+01
2:17494580	2	17494580	2.487902e-01	1.148155e+01
2:17553056	2	17553056	1.411060e-01	1.125882e+01
2:17553701	2	17553701	3.845054e-01	1.169673e+01
2:17554169	2	17554169	2.487902e-01	1.148155e+01
2:17554935	2	17554935	1.411060e-01	1.125882e+01
2:17560794	2	17560794	1.411060e-01	1.125882e+01
2:17608721	2	17608721	6.454529e-01	1.168104e+01
2:17629429	2	17629429	4.291429e-01	1.171169e+01
2:17640977	2	17640977	2.799481e-01	1.162041e+01
2:17641042	2	17641042	4.291429e-01	1.171169e+01
2:17646649	2	17646649	4.936553e-01	1.155527e+01
2:17647573	2	17647573	5.562283e-01	1.159406e+01
2:17668875	2	17668875	8.723530e-02	1.104658e+01
2:17670281	2	17670281	2.876087e-01	1.162283e+01
2:17682365	2	17682365	2.487902e-01	1.148155e+01
2:17682556	2	17682556	2.487902e-01	1.148155e+01
2:17698481	2	17698481	2.515712e-01	1.260886e+01
2:17698482	2	17698482	2.515712e-01	1.260886e+01
2:17712030	2	17712030	8.062394e-01	1.166369e+01
2:17714545	2	17714545	4.291429e-01	1.171169e+01
2:17724434	2	17724434	5.562283e-01	1.159406e+01
2:17729770	2	17729770	2.487902e-01	1.148155e+01
2:17732121	2	17732121	1.411060e-01	1.125882e+01
2:17741158	2	17741158	4.043433e-01	1.150837e+01
2:17750922	2	17750922	2.487902e-01	1.148155e+01
2:17769199	2	17769199	4.615517e-01	1.181843e+01
2:17771837	2	17771837	9.105202e-01	1.174951e+01
2:17776195	2	17776195	5.562283e-01	1.159406e+01
2:17779604	2	17779604	1.660213e-01	1.132576e+01
2:17789704	2	17789704	7.989571e-01	1.172209e+01
2:17791616	2	17791616	4.043433e-01	1.150837e+01
2:17805833	2	17805833	4.936553e-01	1.155527e+01
2:17825795	2	17825795	6.157058e-01	1.153771e+01
2:17848157	2	17848157	8.533278e-01	1.176301e+01
2:17848355	2	17848355	2.427492e-02	1.209109e+01
2:17850156	2	17850156	3.621853e-01	1.172157e+01
2:17850744	2	17850744	4.043433e-01	1.150837e+01
2:17873363	2	17873363	1.775178e-01	1.134306e+01
2:17881253	2	17881253	9.199912e-01	1.172728e+01
2:17891672	2	17891672	4.751905e-01	1.167558e+01
2:17901299	2	17901299	1.230005e-01	1.134635e+01
2:17912999	2	17912999	1.775178e-01	1.134306e+01
2:17913545	2	17913545	4.936553e-01	1.155527e+01
2:17914433	2	17914433	3.080012e-01	1.139361e+01
2:17915011	2	17915011	3.274903e-01	1.149384e+01
2:17917368	2	17917368	1.775178e-01	1.134306e+01
2:17926337	2	17926337	5.911878e-01	1.173339e+01
2:17945437	2	17945437	9.105202e-01	1.174951e+01
2:17946624	2	17946624	1.775178e-01	1.134306e+01
2:17948717	2	17948717	3.961305e-01	1.170801e+01
2:17948844	2	17948844	9.986253e-01	1.174081e+01
2:17962681	2	17962681	9.199912e-01	1.172728e+01
2:17965923	2	17965923	4.795255e-01	1.167381e+01
2:17967111	2	17967111	4.106128e-01	1.170060e+01
2:17977195	2	17977195	4.936553e-01	1.155527e+01
2:17988273	2	17988273	9.303521e-01	1.173155e+01
2:17992328	2	17992328	2.238387e-01	1.135577e+01
2:17995843	2	17995843	9.298082e-01	1.178798e+01
2:17999870	2	17999870	5.562283e-01	1.159406e+01
2:18016805	2	18016805	3.274903e-01	1.149384e+01
2:18027570	2	18027570	3.863750e-01	1.168179e+01
2:18030036	2	18030036	3.157274e-01	1.161665e+01
2:18040309	2	18040309	4.936553e-01	1.155527e+01
2:18040488	2	18040488	4.936553e-01	1.155527e+01
2:18045588	2	18045588	5.562283e-01	1.159406e+01
2:18066726	2	18066726	1.775178e-01	1.134306e+01
2:18069646	2	18069646	9.199912e-01	1.172728e+01
2:18084482	2	18084482	8.749405e-01	1.175983e+01
2:18094401	2	18094401	3.863750e-01	1.168179e+01
2:18107715	2	18107715	4.709779e-01	1.156613e+01
2:18112689	2	18112689	7.940976e-01	1.173564e+01
2:18121262	2	18121262	1.533282e-01	1.150101e+01
2:18121267	2	18121267	1.162300e-01	1.163080e+01
2:18130857	2	18130857	4.936553e-01	1.155527e+01
2:18131271	2	18131271	4.936553e-01	1.155527e+01
2:18139201	2	18139201	8.522246e-01	1.176538e+01
2:18140270	2	18140270	8.749405e-01	1.175983e+01
2:18166175	2	18166175	7.994319e-01	1.172022e+01
2:18167963	2	18167963	1.299518e-01	1.098036e+01
2:18172268	2	18172268	7.989571e-01	1.172209e+01
2:18181783	2	18181783	7.450942e-01	1.174296e+01
2:18212910	2	18212910	8.749405e-01	1.175983e+01
2:18222101	2	18222101	9.491968e-02	1.119456e+01
2:18226248	2	18226248	4.936553e-01	1.155527e+01
2:18234019	2	18234019	4.936553e-01	1.155527e+01
2:18242207	2	18242207	1.820031e-01	1.134652e+01
2:18248486	2	18248486	4.936553e-01	1.155527e+01
2:18254500	2	18254500	4.936553e-01	1.155527e+01
2:18255830	2	18255830	9.491968e-02	1.119456e+01
2:18263305	2	18263305	9.199912e-01	1.172728e+01
2:18270380	2	18270380	8.749405e-01	1.175983e+01
2:18278436	2	18278436	9.199912e-01	1.172728e+01
2:18293172	2	18293172	5.103690e-01	1.156606e+01
2:18314660	2	18314660	1.189643e-01	1.144842e+01
2:18316065	2	18316065	8.749405e-01	1.175983e+01
2:18342740	2	18342740	1.303794e-01	1.147423e+01
2:18356433	2	18356433	1.820031e-01	1.134652e+01
2:18368827	2	18368827	6.147670e-01	1.172611e+01
2:18387421	2	18387421	4.173566e-02	1.247126e+01
2:18395630	2	18395630	4.710715e-01	1.154968e+01
2:18399294	2	18399294	7.599289e-01	1.169556e+01
2:18400350	2	18400350	9.445191e-01	1.175819e+01
2:18402089	2	18402089	9.199912e-01	1.172728e+01
2:18414169	2	18414169	6.024515e-01	1.179815e+01
2:18426698	2	18426698	1.026825e-01	1.119500e+01
2:18427096	2	18427096	8.749405e-01	1.175983e+01
2:18434041	2	18434041	6.147670e-01	1.172611e+01
2:18442816	2	18442816	7.989571e-01	1.172209e+01
2:18448746	2	18448746	1.026825e-01	1.119500e+01
2:18449800	2	18449800	8.522246e-01	1.176538e+01
2:18456542	2	18456542	7.310732e-01	1.153794e+01
2:18457734	2	18457734	2.355665e-01	1.134773e+01
2:18470666	2	18470666	1.593170e-01	1.156466e+01
2:18471745	2	18471745	2.355665e-01	1.134773e+01
2:18472247	2	18472247	4.656803e-02	1.100810e+01
2:18513626	2	18513626	1.644362e-01	1.135314e+01
2:18527826	2	18527826	7.716071e-02	1.116470e+01
2:18531564	2	18531564	5.173636e-01	1.169799e+01
2:18538123	2	18538123	2.794959e-01	1.162431e+01
2:18543214	2	18543214	1.278514e-01	1.138391e+01
2:18547796	2	18547796	7.989571e-01	1.172209e+01
2:18558329	2	18558329	3.045722e-01	1.136604e+01
2:18587719	2	18587719	2.474044e-01	1.152430e+01
2:18594371	2	18594371	7.989571e-01	1.172209e+01
2:18595003	2	18595003	4.581892e-01	1.170917e+01
2:18601237	2	18601237	4.470346e-01	1.167169e+01
2:18601390	2	18601390	9.384081e-01	1.173086e+01
2:18618954	2	18618954	9.879928e-01	1.173659e+01
2:18627156	2	18627156	8.749405e-01	1.175983e+01
2:18642129	2	18642129	8.749405e-01	1.175983e+01
2:18673665	2	18673665	4.936553e-01	1.155527e+01
2:18675991	2	18675991	6.802661e-01	1.175987e+01
2:18680616	2	18680616	7.235060e-01	1.176382e+01
2:18683552	2	18683552	8.749405e-01	1.175983e+01
2:18683839	2	18683839	3.221906e-01	1.170161e+01
2:18703304	2	18703304	4.338227e-01	1.174391e+01
2:18704751	2	18704751	4.709779e-01	1.156613e+01
2:18704752	2	18704752	4.679175e-01	1.154803e+01
2:18708212	2	18708212	8.749405e-01	1.175983e+01
2:18744112	2	18744112	4.674560e-01	1.172439e+01
2:18760888	2	18760888	4.936553e-01	1.155527e+01
2:18768195	2	18768195	8.963128e-01	1.177193e+01
2:18777451	2	18777451	7.904455e-01	1.176309e+01
2:18783338	2	18783338	9.765583e-01	1.173727e+01
2:18800060	2	18800060	8.491744e-01	1.180318e+01
2:18804052	2	18804052	8.966706e-01	1.175106e+01
2:18811483	2	18811483	8.987425e-01	1.175709e+01
2:18814839	2	18814839	4.905493e-01	1.153797e+01
2:18815193	2	18815193	9.166206e-01	1.173463e+01
2:18819846	2	18819846	8.749405e-01	1.175983e+01
2:18824236	2	18824236	8.963318e-01	1.173622e+01
2:18838170	2	18838170	9.372059e-01	1.172327e+01
2:18841823	2	18841823	8.492086e-01	1.175700e+01
2:18850450	2	18850450	3.809178e-01	1.169236e+01
2:18858705	2	18858705	8.848519e-01	1.175508e+01
2:18860231	2	18860231	8.749405e-01	1.175983e+01
2:18860775	2	18860775	7.989571e-01	1.172209e+01
2:18883125	2	18883125	7.393022e-01	1.170641e+01
2:18885912	2	18885912	9.765583e-01	1.173727e+01
2:18890882	2	18890882	8.012130e-01	1.174248e+01
2:18914561	2	18914561	8.233056e-01	1.175244e+01
2:18919560	2	18919560	8.749405e-01	1.175983e+01
2:18933916	2	18933916	4.824018e-01	1.174586e+01
2:18933965	2	18933965	8.347975e-01	1.178849e+01
2:18944698	2	18944698	7.025859e-01	1.180582e+01
2:18947614	2	18947614	8.325834e-01	1.173736e+01
2:18952711	2	18952711	4.936553e-01	1.155527e+01
2:18971422	2	18971422	7.989571e-01	1.172209e+01
2:18971828	2	18971828	7.904455e-01	1.176309e+01
2:18992290	2	18992290	7.989571e-01	1.172209e+01
2:19004526	2	19004526	7.904455e-01	1.176309e+01
2:19011607	2	19011607	9.765583e-01	1.173727e+01
2:19025948	2	19025948	9.199912e-01	1.172728e+01
2:19030547	2	19030547	7.904455e-01	1.176309e+01
2:19038266	2	19038266	4.936553e-01	1.155527e+01
2:19052859	2	19052859	4.824018e-01	1.174586e+01
2:19054181	2	19054181	7.847264e-01	1.165945e+01
2:19070791	2	19070791	8.023582e-01	1.176890e+01
2:19086529	2	19086529	7.726020e-01	1.171616e+01
2:19096000	2	19096000	4.960279e-01	1.157639e+01
2:19097669	2	19097669	4.824018e-01	1.174586e+01
2:19132380	2	19132380	7.726020e-01	1.171616e+01
2:19144362	2	19144362	7.989571e-01	1.172209e+01
2:19144708	2	19144708	7.753546e-01	1.178455e+01
2:19165380	2	19165380	3.638200e-01	1.175436e+01
2:19166510	2	19166510	6.835941e-01	1.179121e+01
2:19188734	2	19188734	2.409565e-01	1.146420e+01
2:19189305	2	19189305	4.728869e-01	1.174072e+01
2:19189636	2	19189636	4.824018e-01	1.174586e+01
2:19205017	2	19205017	7.989571e-01	1.172209e+01
2:19209321	2	19209321	8.091271e-01	1.179128e+01
2:19213637	2	19213637	9.199912e-01	1.172728e+01
2:19215748	2	19215748	7.753546e-01	1.178455e+01
2:19221907	2	19221907	8.749405e-01	1.175983e+01
2:19238964	2	19238964	5.452130e-01	1.183664e+01
2:19253995	2	19253995	7.296845e-01	1.175973e+01
2:19255982	2	19255982	4.824018e-01	1.174586e+01
2:19256640	2	19256640	5.777427e-01	1.169604e+01
2:19282325	2	19282325	5.881167e-01	1.169792e+01
2:19286674	2	19286674	1.540014e-01	1.112651e+01
2:19302048	2	19302048	4.936553e-01	1.155527e+01
2:19314094	2	19314094	4.824018e-01	1.174586e+01
2:19318047	2	19318047	7.989571e-01	1.172209e+01
2:19318048	2	19318048	7.989571e-01	1.172209e+01
2:19327386	2	19327386	8.749405e-01	1.175983e+01
2:19328290	2	19328290	4.824018e-01	1.174586e+01
2:19334252	2	19334252	4.936553e-01	1.155527e+01
2:19335615	2	19335615	4.936553e-01	1.155527e+01
2:19339456	2	19339456	4.824018e-01	1.174586e+01
2:19339733	2	19339733	7.771635e-01	1.170563e+01
2:19342976	2	19342976	7.771635e-01	1.170563e+01
2:19349822	2	19349822	4.164163e-01	1.161869e+01
2:19352658	2	19352658	7.726020e-01	1.171616e+01
2:19355453	2	19355453	9.208563e-01	1.172024e+01
2:19365388	2	19365388	1.383144e-01	1.116227e+01
2:19365389	2	19365389	1.763121e-01	1.110072e+01
2:19369837	2	19369837	7.753546e-01	1.178455e+01
2:19371955	2	19371955	4.824018e-01	1.174586e+01
2:19373782	2	19373782	1.383144e-01	1.116227e+01
2:19385761	2	19385761	1.155829e-02	9.220596e+00
2:19389462	2	19389462	6.991301e-01	1.177127e+01
2:19389463	2	19389463	6.991301e-01	1.177127e+01
2:19389464	2	19389464	6.991301e-01	1.177127e+01
2:19404799	2	19404799	5.867526e-01	1.158561e+01
2:19404800	2	19404800	5.867526e-01	1.158561e+01
2:19408057	2	19408057	5.867526e-01	1.158561e+01
2:19416663	2	19416663	4.728869e-01	1.174072e+01
2:19420277	2	19420277	7.989571e-01	1.172209e+01
2:19436199	2	19436199	4.824018e-01	1.174586e+01
2:19437057	2	19437057	1.383144e-01	1.116227e+01
2:19438629	2	19438629	1.383144e-01	1.116227e+01
2:19448454	2	19448454	1.383144e-01	1.116227e+01
2:19464322	2	19464322	8.186918e-01	1.173375e+01
2:19477608	2	19477608	7.296845e-01	1.175973e+01
2:19502878	2	19502878	7.726020e-01	1.171616e+01
2:19508127	2	19508127	1.763121e-01	1.110072e+01
2:19508215	2	19508215	2.603170e-01	1.096749e+01
2:19539655	2	19539655	2.076242e-01	1.141745e+01
2:19549149	2	19549149	8.825743e-01	1.169561e+01
2:19554626	2	19554626	1.383144e-01	1.116227e+01
2:19558845	2	19558845	7.853150e-01	1.173011e+01
2:19564594	2	19564594	4.824018e-01	1.174586e+01
2:19614470	2	19614470	1.383144e-01	1.116227e+01
2:19621947	2	19621947	7.296845e-01	1.175973e+01
2:19649294	2	19649294	7.296845e-01	1.175973e+01
2:19655139	2	19655139	7.989571e-01	1.172209e+01
2:19659984	2	19659984	3.363375e-01	1.161474e+01
2:19670108	2	19670108	1.383144e-01	1.116227e+01
2:19672871	2	19672871	1.383144e-01	1.116227e+01
2:19686144	2	19686144	7.753546e-01	1.178455e+01
3:506	3	506	3.636180e-01	1.162765e+01
3:2797	3	2797	3.636180e-01	1.162765e+01
3:6567	3	6567	8.676890e-01	1.168334e+01
3:24398	3	24398	8.676890e-01	1.168334e+01
3:26025	3	26025	3.617569e-01	1.162097e+01
3:42583	3	42583	8.796645e-02	1.103573e+01
3:56005	3	56005	8.796645e-02	1.103573e+01
3:81426	3	81426	4.114339e-01	1.254807e+01
3:104504	3	104504	5.269145e-01	1.167120e+01
3:114145	3	114145	3.617569e-01	1.162097e+01
3:120095	3	120095	6.561800e-01	1.153410e+01
3:140712	3	140712	3.051714e-01	1.122491e+01
3:151236	3	151236	3.617569e-01	1.162097e+01
3:166210	3	166210	2.161453e-01	1.142730e+01
3:168535	3	168535	6.173050e-01	1.170847e+01
3:183293	3	183293	9.006780e-01	1.170091e+01
3:184020	3	184020	3.702497e-01	1.145443e+01
3:192030	3	192030	1.318633e-02	9.166494e+00
3:194704	3	194704	6.142096e-01	1.210139e+01
3:217045	3	217045	8.796645e-02	1.103573e+01
3:229088	3	229088	1.696071e-01	1.136754e+01
3:229685	3	229685	3.617569e-01	1.162097e+01
3:231147	3	231147	3.617569e-01	1.162097e+01
3:238438	3	238438	1.022525e-01	1.108320e+01
3:255938	3	255938	6.173050e-01	1.170847e+01
3:262927	3	262927	1.069138e-01	1.100792e+01
3:277078	3	277078	6.094732e-01	1.175461e+01
3:277452	3	277452	3.617569e-01	1.162097e+01
3:282706	3	282706	6.309055e-01	1.168344e+01
3:302957	3	302957	5.128924e-03	9.103389e+00
3:322631	3	322631	6.173050e-01	1.170847e+01
3:350989	3	350989	8.796645e-02	1.103573e+01
3:364040	3	364040	2.051292e-01	1.127558e+01
3:389661	3	389661	6.915011e-01	1.165667e+01
3:394678	3	394678	8.796645e-02	1.103573e+01
3:408274	3	408274	1.696071e-01	1.136754e+01
3:410307	3	410307	2.161453e-01	1.142730e+01
3:426523	3	426523	3.617569e-01	1.162097e+01
3:430835	3	430835	6.173050e-01	1.170847e+01
3:450813	3	450813	6.094732e-01	1.175461e+01
3:496048	3	496048	7.011696e-01	1.174838e+01
3:500914	3	500914	1.696071e-01	1.136754e+01
3:518099	3	518099	3.617569e-01	1.162097e+01
3:518465	3	518465	6.514044e-01	1.178589e+01
3:521028	3	521028	6.094732e-01	1.175461e+01
3:543126	3	543126	8.647425e-01	1.167673e+01
3:543795	3	543795	1.519869e-01	1.125754e+01
3:553433	3	553433	4.711590e-01	1.159243e+01
3:554728	3	554728	8.620649e-01	1.167278e+01
3:558929	3	558929	6.333057e-01	1.177782e+01
3:583771	3	583771	6.293737e-01	1.175018e+01
3:592147	3	592147	8.796645e-02	1.103573e+01
3:602609	3	602609	5.426994e-01	1.162302e+01
3:606311	3	606311	1.975583e-01	1.146706e+01
3:615121	3	615121	1.696071e-01	1.136754e+01
3:630021	3	630021	7.375764e-02	1.101141e+01
3:646202	3	646202	4.869944e-01	1.152207e+01
3:658664	3	658664	3.527697e-01	1.168001e+01
3:660301	3	660301	1.696071e-01	1.136754e+01
3:691633	3	691633	1.637791e-01	1.110245e+01
3:695989	3	695989	6.173050e-01	1.170847e+01
3:701616	3	701616	8.796645e-02	1.103573e+01
3:702548	3	702548	8.796645e-02	1.103573e+01
3:711231	3	711231	8.796645e-02	1.103573e+01
3:719793	3	719793	8.812747e-01	1.170199e+01
3:740148	3	740148	6.173050e-01	1.170847e+01
3:746988	3	746988	6.333057e-01	1.177782e+01
3:747387	3	747387	3.519930e-01	1.166677e+01
3:774132	3	774132	8.796645e-02	1.103573e+01
3:800168	3	800168	1.829257e-01	1.139014e+01
3:820435	3	820435	6.173050e-01	1.170847e+01
3:829182	3	829182	1.975583e-01	1.146706e+01
3:830946	3	830946	3.925949e-01	1.173259e+01
3:834092	3	834092	6.804649e-01	1.170919e+01
3:834413	3	834413	3.519930e-01	1.166677e+01
3:840591	3	840591	8.796645e-02	1.103573e+01
3:873591	3	873591	9.831114e-01	1.173892e+01
3:875347	3	875347	4.125591e-01	1.199544e+01
3:914775	3	914775	5.789359e-01	1.178121e+01
3:921824	3	921824	9.378005e-01	1.175777e+01
3:924646	3	924646	1.519869e-01	1.125754e+01
3:948764	3	948764	3.478131e-01	1.166026e+01
3:949353	3	949353	7.913945e-02	1.105029e+01
3:953315	3	953315	3.478131e-01	1.166026e+01
3:994834	3	994834	1.022525e-01	1.108320e+01
3:1013030	3	1013030	8.796645e-02	1.103573e+01
3:1041577	3	1041577	9.246399e-01	1.170569e+01
3:1045797	3	1045797	3.570573e-01	1.168003e+01
3:1048740	3	1048740	8.796645e-02	1.103573e+01
3:1058138	3	1058138	1.519339e-01	1.125952e+01
3:1072188	3	1072188	5.331079e-01	1.205184e+01
3:1072189	3	1072189	5.331079e-01	1.205184e+01
3:1072371	3	1072371	5.467434e-01	1.159901e+01
3:1077358	3	1077358	8.741807e-01	1.174804e+01
3:1086459	3	1086459	9.461963e-01	1.172847e+01
3:1109497	3	1109497	7.505175e-01	1.179005e+01
3:1120970	3	1120970	5.789359e-01	1.178121e+01
3:1129444	3	1129444	3.484576e-01	1.166970e+01
3:1130129	3	1130129	7.011696e-01	1.174838e+01
3:1132060	3	1132060	3.110883e-01	1.171230e+01
3:1141551	3	1141551	8.278454e-02	1.102922e+01
3:1142723	3	1142723	8.402834e-02	1.105675e+01
3:1143146	3	1143146	8.741807e-01	1.174804e+01
3:1145048	3	1145048	8.741807e-01	1.174804e+01
3:1145344	3	1145344	7.742138e-01	1.177044e+01
3:1198840	3	1198840	9.531121e-01	1.172945e+01
3:1206985	3	1206985	8.871190e-01	1.174837e+01
3:1215571	3	1215571	1.519869e-01	1.125754e+01
3:1218110	3	1218110	3.478131e-01	1.166026e+01
3:1218114	3	1218114	1.519869e-01	1.125754e+01
3:1220629	3	1220629	5.786562e-01	1.148333e+01
3:1222582	3	1222582	1.519869e-01	1.125754e+01
3:1224185	3	1224185	9.670998e-01	1.174212e+01
3:1235456	3	1235456	1.022525e-01	1.108320e+01
3:1255890	3	1255890	6.983462e-01	1.168388e+01
3:1257496	3	1257496	8.796645e-02	1.103573e+01
3:1262620	3	1262620	6.983462e-01	1.168388e+01
3:1268375	3	1268375	9.926141e-01	1.173967e+01
3:1282989	3	1282989	6.983462e-01	1.168388e+01
3:1284428	3	1284428	6.983462e-01	1.168388e+01
3:1288049	3	1288049	8.796645e-02	1.103573e+01
3:1291161	3	1291161	1.696071e-01	1.136754e+01
3:1294684	3	1294684	6.983462e-01	1.168388e+01
3:1310621	3	1310621	8.298917e-02	1.080828e+01
3:1322896	3	1322896	7.084590e-01	1.176372e+01
3:1341899	3	1341899	5.459092e-01	1.154547e+01
3:1345874	3	1345874	5.755738e-01	1.155797e+01
3:1369128	3	1369128	7.129896e-01	1.163750e+01
3:1380186	3	1380186	6.634145e-01	1.169177e+01
3:1381361	3	1381361	6.983462e-01	1.168388e+01
3:1383790	3	1383790	8.796645e-02	1.103573e+01
3:1400123	3	1400123	6.124449e-01	1.154957e+01
3:1415265	3	1415265	5.700335e-01	1.165221e+01
3:1434120	3	1434120	6.210634e-01	1.160192e+01
3:1437695	3	1437695	6.925942e-01	1.167235e+01
3:1442248	3	1442248	7.084590e-01	1.176372e+01
3:1455078	3	1455078	5.025005e-01	1.147634e+01
3:1460272	3	1460272	7.084590e-01	1.176372e+01
3:1478647	3	1478647	6.210634e-01	1.160192e+01
3:1490127	3	1490127	8.122702e-01	1.172134e+01
3:1491706	3	1491706	7.129896e-01	1.163750e+01
3:1523272	3	1523272	7.084590e-01	1.176372e+01
3:1528197	3	1528197	7.129896e-01	1.163750e+01
3:1538535	3	1538535	7.011696e-01	1.174838e+01
3:1566841	3	1566841	6.312321e-01	1.166820e+01
3:1583689	3	1583689	1.696071e-01	1.136754e+01
3:1585727	3	1585727	3.358773e-01	1.132326e+01
3:1617113	3	1617113	4.933380e-01	1.148346e+01
3:1632450	3	1632450	7.011696e-01	1.174838e+01
3:1637068	3	1637068	8.649185e-01	1.174633e+01
3:1641758	3	1641758	4.843749e-01	1.153110e+01
3:1651862	3	1651862	8.958274e-01	1.171700e+01
3:1667168	3	1667168	5.209772e-01	1.134492e+01
3:1675387	3	1675387	3.789830e-01	1.140543e+01
3:1675946	3	1675946	7.033668e-01	1.182567e+01
3:1675985	3	1675985	6.605163e-01	1.176039e+01
3:1676823	3	1676823	8.796645e-02	1.103573e+01
3:1687605	3	1687605	9.560605e-01	1.174984e+01
3:1691632	3	1691632	1.759196e-01	1.133015e+01
3:1718462	3	1718462	5.983633e-01	1.151938e+01
3:1719204	3	1719204	9.560605e-01	1.174984e+01
3:1730839	3	1730839	7.721673e-02	1.112091e+01
3:1746303	3	1746303	5.786562e-01	1.148333e+01
3:1750153	3	1750153	3.358773e-01	1.132326e+01
3:1760284	3	1760284	8.354163e-01	1.167935e+01
3:1761607	3	1761607	6.547564e-01	1.175044e+01
3:1772559	3	1772559	9.757479e-01	1.174014e+01
3:1773904	3	1773904	9.560605e-01	1.174984e+01
3:1783918	3	1783918	6.818666e-01	1.179872e+01
3:1791705	3	1791705	6.014749e-02	1.346740e+01
3:1820158	3	1820158	2.816854e-01	1.131729e+01
3:1849488	3	1849488	6.460757e-01	1.166040e+01
3:1858710	3	1858710	4.936292e-01	1.137199e+01
3:1868671	3	1868671	8.741807e-01	1.174804e+01
3:1873381	3	1873381	9.560605e-01	1.174984e+01
3:1877362	3	1877362	9.993334e-01	1.174085e+01
3:1881023	3	1881023	9.771568e-01	1.173644e+01
3:1907323	3	1907323	7.011696e-01	1.174838e+01
3:1926155	3	1926155	9.560605e-01	1.174984e+01
3:1950465	3	1950465	2.796922e-01	1.142116e+01
3:1951547	3	1951547	8.344199e-01	1.175171e+01
3:1977444	3	1977444	9.560605e-01	1.174984e+01
3:1979674	3	1979674	2.991581e-01	1.129392e+01
3:1985025	3	1985025	9.533612e-02	1.098858e+01
3:1985548	3	1985548	8.796645e-02	1.103573e+01
3:1985554	3	1985554	8.796645e-02	1.103573e+01
3:1991534	3	1991534	9.217296e-01	1.170280e+01
3:1993249	3	1993249	5.146916e-01	1.140123e+01
3:1997468	3	1997468	8.741807e-01	1.174804e+01
3:2006387	3	2006387	9.560605e-01	1.174984e+01
3:2031433	3	2031433	9.217296e-01	1.170280e+01
3:2036506	3	2036506	8.354163e-01	1.167935e+01
3:2052566	3	2052566	4.274235e-01	1.146974e+01
3:2053884	3	2053884	5.331000e-01	1.167350e+01
3:2060593	3	2060593	9.366376e-01	1.174885e+01
3:2061941	3	2061941	8.723953e-01	1.176041e+01
3:2062732	3	2062732	4.009882e-01	1.144616e+01
3:2070428	3	2070428	8.723953e-01	1.176041e+01
3:2076976	3	2076976	8.723953e-01	1.176041e+01
3:2078505	3	2078505	2.941493e-01	1.135946e+01
3:2091718	3	2091718	5.112048e-01	1.170048e+01
3:2099297	3	2099297	6.336826e-01	1.172159e+01
3:2105422	3	2105422	9.366376e-01	1.174885e+01
3:2110655	3	2110655	5.986443e-01	1.172404e+01
3:2113941	3	2113941	8.796645e-02	1.103573e+01
3:2114116	3	2114116	8.354163e-01	1.167935e+01
3:2116675	3	2116675	9.366376e-01	1.174885e+01
3:2117719	3	2117719	5.578427e-01	1.172576e+01
3:2137506	3	2137506	5.426994e-01	1.162302e+01
3:2148664	3	2148664	8.723953e-01	1.176041e+01
3:2157892	3	2157892	8.796645e-02	1.103573e+01
3:2169921	3	2169921	6.904309e-01	1.155631e+01
3:2175202	3	2175202	4.009882e-01	1.144616e+01
3:2185961	3	2185961	8.723953e-01	1.176041e+01
3:2185962	3	2185962	8.723953e-01	1.176041e+01
3:2187112	3	2187112	1.306964e-01	1.111007e+01
3:2198161	3	2198161	8.723953e-01	1.176041e+01
3:2199089	3	2199089	9.366376e-01	1.174885e+01
3:2199286	3	2199286	7.112824e-01	1.181705e+01
3:2201571	3	2201571	9.974827e-01	1.174076e+01
3:2214263	3	2214263	1.180588e-01	1.102969e+01
3:2215577	3	2215577	8.796645e-02	1.103573e+01
3:2236604	3	2236604	7.939668e-01	1.180460e+01
3:2243360	3	2243360	9.780641e-01	1.174350e+01
3:2249501	3	2249501	1.306964e-01	1.111007e+01
3:2267389	3	2267389	1.306964e-01	1.111007e+01
3:2279110	3	2279110	9.366376e-01	1.174885e+01
3:2289481	3	2289481	8.650575e-01	1.176915e+01
3:2292839	3	2292839	5.578427e-01	1.172576e+01
3:2300565	3	2300565	8.796645e-02	1.103573e+01
3:2300566	3	2300566	8.796645e-02	1.103573e+01
3:2302809	3	2302809	7.440776e-01	1.181306e+01
3:2304042	3	2304042	5.986443e-01	1.172404e+01
3:2308792	3	2308792	5.473998e-01	1.158926e+01
3:2315368	3	2315368	6.902453e-01	1.183336e+01
3:2316489	3	2316489	8.004595e-01	1.183544e+01
3:2328017	3	2328017	8.796645e-02	1.103573e+01
3:2333595	3	2333595	9.366376e-01	1.174885e+01
3:2347825	3	2347825	8.650575e-01	1.176915e+01
3:2353030	3	2353030	8.196565e-01	1.178083e+01
3:2364008	3	2364008	5.796173e-01	1.182051e+01
3:2367477	3	2367477	7.654226e-01	1.167202e+01
3:2369374	3	2369374	4.240027e-01	1.173488e+01
3:2375698	3	2375698	8.650575e-01	1.176915e+01
3:2390122	3	2390122	8.650575e-01	1.176915e+01
3:2395959	3	2395959	2.781295e-01	1.140098e+01
3:2405827	3	2405827	6.258486e-01	1.150995e+01
3:2409659	3	2409659	4.240027e-01	1.173488e+01
3:2411241	3	2411241	5.867526e-01	1.158561e+01
3:2413158	3	2413158	4.311394e-01	1.174002e+01
3:2414375	3	2414375	5.796173e-01	1.182051e+01
3:2421492	3	2421492	8.650575e-01	1.176915e+01
3:2430360	3	2430360	4.240027e-01	1.173488e+01
3:2434532	3	2434532	4.819095e-01	1.159078e+01
3:2436043	3	2436043	8.726120e-01	1.176545e+01
3:2476802	3	2476802	7.580213e-01	1.166615e+01
3:2488158	3	2488158	5.867526e-01	1.158561e+01
3:2489552	3	2489552	7.375764e-02	1.101141e+01
3:2500276	3	2500276	6.449191e-01	1.171491e+01
3:2501804	3	2501804	7.580213e-01	1.166615e+01
3:2504477	3	2504477	7.228413e-01	1.163708e+01
3:2510744	3	2510744	7.580213e-01	1.166615e+01
3:2513363	3	2513363	8.796645e-02	1.103573e+01
3:2521455	3	2521455	5.331000e-01	1.167350e+01
3:2528227	3	2528227	1.696071e-01	1.136754e+01
3:2565880	3	2565880	5.867526e-01	1.158561e+01
3:2566048	3	2566048	5.854049e-01	1.162753e+01
3:2570376	3	2570376	4.147212e-01	1.172758e+01
3:2580988	3	2580988	8.723953e-01	1.176041e+01
3:2588896	3	2588896	7.580213e-01	1.166615e+01
3:2605298	3	2605298	8.796645e-02	1.103573e+01
3:2606170	3	2606170	8.796645e-02	1.103573e+01
3:2625905	3	2625905	9.319975e-01	1.175964e+01
3:2640723	3	2640723	8.796645e-02	1.103573e+01
3:2647133	3	2647133	7.580213e-01	1.166615e+01
3:2652503	3	2652503	1.696071e-01	1.136754e+01
3:2679366	3	2679366	5.986443e-01	1.172404e+01
3:2690448	3	2690448	1.306964e-01	1.111007e+01
3:2696886	3	2696886	2.529557e-01	1.133579e+01
3:2708528	3	2708528	8.796645e-02	1.103573e+01
3:2743575	3	2743575	5.374222e-01	1.161146e+01
3:2749824	3	2749824	7.423423e-01	1.180660e+01
3:2755846	3	2755846	4.700063e-01	1.141034e+01
3:2763554	3	2763554	7.991599e-02	1.111972e+01
3:2782288	3	2782288	3.060065e-01	1.154839e+01
3:2784041	3	2784041	5.436309e-01	1.173379e+01
3:2784281	3	2784281	5.436309e-01	1.173379e+01
3:2786882	3	2786882	5.436309e-01	1.173379e+01
3:2823750	3	2823750	8.796645e-02	1.103573e+01
3:2824056	3	2824056	5.758337e-01	1.166762e+01
3:2847880	3	2847880	4.185144e-01	1.156571e+01
3:2870109	3	2870109	6.046567e-01	1.162190e+01
3:2884162	3	2884162	4.084085e-01	1.155219e+01
3:2891060	3	2891060	5.436309e-01	1.173379e+01
3:2892576	3	2892576	6.061647e-01	1.161864e+01
3:2896287	3	2896287	6.061647e-01	1.161864e+01
3:2901548	3	2901548	3.434934e-01	1.145186e+01
3:2905213	3	2905213	8.796645e-02	1.103573e+01
3:2907280	3	2907280	8.796645e-02	1.103573e+01
3:2911408	3	2911408	1.306964e-01	1.111007e+01
3:2914687	3	2914687	5.848655e-01	1.157982e+01
3:2918445	3	2918445	8.702900e-01	1.176717e+01
3:2924888	3	2924888	8.796645e-02	1.103573e+01
3:2968631	3	2968631	8.796645e-02	1.103573e+01
3:2987398	3	2987398	7.064881e-01	1.178422e+01
3:3023877	3	3023877	5.436309e-01	1.173379e+01
3:3027639	3	3027639	8.796645e-02	1.103573e+01
3:3033121	3	3033121	5.436309e-01	1.173379e+01
3:3049466	3	3049466	1.459440e-01	1.111782e+01
3:3061618	3	3061618	5.436309e-01	1.173379e+01
3:3093124	3	3093124	3.060065e-01	1.154839e+01
3:3113457	3	3113457	5.436309e-01	1.173379e+01
3:3113486	3	3113486	1.306964e-01	1.111007e+01
3:3114467	3	3114467	9.978568e-01	1.174058e+01
3:3129587	3	3129587	5.436309e-01	1.173379e+01
3:3141723	3	3141723	8.796645e-02	1.103573e+01
3:3166162	3	3166162	8.796645e-02	1.103573e+01
3:3178258	3	3178258	3.060065e-01	1.154839e+01
3:3202577	3	3202577	9.566446e-01	1.172767e+01
3:3220531	3	3220531	8.796645e-02	1.103573e+01
3:3222583	3	3222583	6.061647e-01	1.161864e+01
3:3225158	3	3225158	5.436309e-01	1.173379e+01
3:3227513	3	3227513	1.306964e-01	1.111007e+01
3:3231062	3	3231062	8.796645e-02	1.103573e+01
3:3232607	3	3232607	1.306964e-01	1.111007e+01
3:3253153	3	3253153	5.401589e-01	1.169563e+01
3:3258761	3	3258761	6.024515e-01	1.179815e+01
3:3262047	3	3262047	5.332901e-01	1.172916e+01
3:3269149	3	3269149	5.436309e-01	1.173379e+01
3:3271903	3	3271903	1.306964e-01	1.111007e+01
3:3279638	3	3279638	8.796645e-02	1.103573e+01
3:3290493	3	3290493	1.306964e-01	1.111007e+01
3:3311005	3	3311005	7.082453e-01	1.178956e+01
3:3319873	3	3319873	2.904014e-01	1.156465e+01
3:3323376	3	3323376	6.061647e-01	1.161864e+01
3:3341280	3	3341280	3.060065e-01	1.154839e+01
3:3346438	3	3346438	5.436309e-01	1.173379e+01
3:3349738	3	3349738	6.061647e-01	1.161864e+01
3:3375170	3	3375170	5.934129e-01	1.173328e+01
3:3380607	3	3380607	3.060065e-01	1.154839e+01
3:3380608	3	3380608	3.060065e-01	1.154839e+01
3:3386743	3	3386743	4.735922e-01	1.172458e+01
3:3392773	3	3392773	8.796645e-02	1.103573e+01
3:3414238	3	3414238	9.172150e-01	1.175024e+01
3:3420806	3	3420806	9.632181e-01	1.174717e+01
3:3422710	3	3422710	5.867526e-01	1.158561e+01
3:3442853	3	3442853	5.867526e-01	1.158561e+01
3:3443814	3	3443814	8.986125e-01	1.175798e+01
3:3456286	3	3456286	1.426484e-01	1.136897e+01
3:3462291	3	3462291	8.278454e-02	1.102922e+01
3:3463043	3	3463043	1.043709e-01	1.130900e+01
3:3468105	3	3468105	5.867526e-01	1.158561e+01
3:3468379	3	3468379	5.867526e-01	1.158561e+01
3:3497562	3	3497562	7.031406e-01	1.157520e+01
3:3524353	3	3524353	2.503079e-02	1.008462e+01
3:3526149	3	3526149	5.867526e-01	1.158561e+01
3:3530389	3	3530389	5.488302e-01	1.172273e+01
3:3535012	3	3535012	4.555308e-01	1.168674e+01
3:3537083	3	3537083	5.867526e-01	1.158561e+01
3:3537998	3	3537998	4.555308e-01	1.168674e+01
3:3546294	3	3546294	8.577763e-01	1.170035e+01
3:3564949	3	3564949	1.543723e-01	1.093017e+01
3:3579893	3	3579893	5.867526e-01	1.158561e+01
3:3589869	3	3589869	8.786339e-01	1.170003e+01
3:3600647	3	3600647	5.867526e-01	1.158561e+01
3:3605854	3	3605854	5.802410e-01	1.159324e+01
3:3617805	3	3617805	6.178680e-01	1.157475e+01
3:3636354	3	3636354	4.255843e-01	1.160379e+01
3:3646072	3	3646072	3.329023e-01	1.147355e+01
3:3656993	3	3656993	8.297457e-01	1.172934e+01
3:3662527	3	3662527	5.867526e-01	1.158561e+01
3:3694186	3	3694186	7.781200e-01	1.170391e+01
3:3697316	3	3697316	9.553271e-01	1.173261e+01
3:3705648	3	3705648	8.932301e-01	1.175007e+01
3:3712103	3	3712103	9.197709e-01	1.176047e+01
3:3732582	3	3732582	5.004053e-01	1.158046e+01
3:3743419	3	3743419	8.693049e-01	1.171969e+01
3:3743557	3	3743557	9.184827e-01	1.174284e+01
3:3744874	3	3744874	7.101206e-01	1.173934e+01
3:3748655	3	3748655	9.763893e-01	1.173857e+01
3:3749784	3	3749784	3.384710e-01	1.143038e+01
3:3755318	3	3755318	7.968354e-01	1.170931e+01
3:3767959	3	3767959	1.962636e-01	1.100287e+01
3:3769462	3	3769462	3.351254e-01	1.143483e+01
3:3781379	3	3781379	5.004053e-01	1.158046e+01
3:3818123	3	3818123	8.693049e-01	1.171969e+01
3:3822947	3	3822947	5.004053e-01	1.158046e+01
3:3827693	3	3827693	8.693049e-01	1.171969e+01
3:3827740	3	3827740	9.685738e-01	1.173395e+01
3:3829162	3	3829162	1.332018e-01	1.083342e+01
3:3836474	3	3836474	8.693049e-01	1.171969e+01
3:3837355	3	3837355	3.717294e-02	1.058764e+01
3:3842777	3	3842777	1.245542e-01	1.114858e+01
3:3854543	3	3854543	9.763893e-01	1.173857e+01
3:3872553	3	3872553	5.004053e-01	1.158046e+01
3:3874900	3	3874900	9.374570e-01	1.173817e+01
3:3877872	3	3877872	8.693049e-01	1.171969e+01
3:3888989	3	3888989	8.693049e-01	1.171969e+01
3:3940825	3	3940825	4.769926e-01	1.160169e+01
3:3981720	3	3981720	8.693049e-01	1.171969e+01
3:4005183	3	4005183	4.816227e-02	1.071236e+01
3:4008917	3	4008917	1.448295e-01	1.101713e+01
3:4009411	3	4009411	5.400729e-02	1.074420e+01
3:4011648	3	4011648	4.816227e-02	1.071236e+01
3:4018223	3	4018223	1.346682e-01	1.123597e+01
3:4020319	3	4020319	8.693049e-01	1.171969e+01
3:4022814	3	4022814	8.693049e-01	1.171969e+01
3:4053364	3	4053364	9.763893e-01	1.173857e+01
3:4054484	3	4054484	7.306544e-01	1.171713e+01
3:4063089	3	4063089	8.329096e-01	1.177426e+01
3:4067436	3	4067436	3.717294e-02	1.058764e+01
3:4067466	3	4067466	7.793732e-02	1.109578e+01
3:4078583	3	4078583	8.693049e-01	1.171969e+01
3:4082250	3	4082250	8.693049e-01	1.171969e+01
3:4093291	3	4093291	3.477951e-01	1.129899e+01
3:4108831	3	4108831	8.693049e-01	1.171969e+01
3:4126989	3	4126989	1.681386e-01	1.105750e+01
3:4133216	3	4133216	8.228958e-01	1.172821e+01
3:4164262	3	4164262	1.825033e-01	1.106939e+01
3:4168510	3	4168510	9.763893e-01	1.173857e+01
3:4170001	3	4170001	8.693049e-01	1.171969e+01
3:4176626	3	4176626	8.693049e-01	1.171969e+01
3:4178821	3	4178821	8.228958e-01	1.172821e+01
3:4204162	3	4204162	8.693049e-01	1.171969e+01
3:4219891	3	4219891	8.693049e-01	1.171969e+01
3:4221054	3	4221054	3.384710e-01	1.143038e+01
3:4230360	3	4230360	8.693049e-01	1.171969e+01
3:4241254	3	4241254	5.426994e-01	1.162302e+01
3:4248936	3	4248936	8.693049e-01	1.171969e+01
3:4251345	3	4251345	7.306544e-01	1.171713e+01
3:4263118	3	4263118	3.078305e-01	1.114231e+01
3:4276048	3	4276048	1.885118e-03	9.260239e+00
3:4292224	3	4292224	3.951141e-01	1.129031e+01
3:4333236	3	4333236	9.683173e-01	1.173736e+01
3:4335055	3	4335055	1.825033e-01	1.106939e+01
3:4346723	3	4346723	3.477951e-01	1.129899e+01
3:4375141	3	4375141	9.763893e-01	1.173857e+01
3:4381911	3	4381911	1.864986e-01	1.132382e+01
3:4385223	3	4385223	1.864986e-01	1.132382e+01
3:4385224	3	4385224	1.864986e-01	1.132382e+01
3:4392545	3	4392545	2.314421e-01	1.124960e+01
3:4422741	3	4422741	3.477951e-01	1.129899e+01
3:4424905	3	4424905	7.906515e-01	1.174803e+01
3:4440295	3	4440295	1.864986e-01	1.132382e+01
3:4440534	3	4440534	9.896191e-01	1.174264e+01
3:4441754	3	4441754	9.763893e-01	1.173857e+01
3:4451563	3	4451563	9.568138e-01	1.173591e+01
3:4454152	3	4454152	4.203422e-01	1.155424e+01
3:4459649	3	4459649	5.426994e-01	1.162302e+01
3:4467549	3	4467549	8.693049e-01	1.171969e+01
3:4473610	3	4473610	8.287548e-01	1.171712e+01
3:4481709	3	4481709	4.203422e-01	1.155424e+01
3:4503580	3	4503580	2.512258e-01	1.113690e+01
3:4510882	3	4510882	4.285416e-01	1.139066e+01
3:4513490	3	4513490	7.874131e-01	1.172182e+01
3:4518530	3	4518530	1.864986e-01	1.132382e+01
3:4520209	3	4520209	3.717294e-02	1.058764e+01
3:4522575	3	4522575	9.083629e-01	1.174014e+01
3:4530281	3	4530281	2.729077e-01	1.126622e+01
3:4532289	3	4532289	9.763893e-01	1.173857e+01
3:4539763	3	4539763	8.228958e-01	1.172821e+01
3:4544853	3	4544853	3.744893e-01	1.130419e+01
3:4550367	3	4550367	5.882190e-01	1.160974e+01
3:4565633	3	4565633	7.554068e-01	1.177837e+01
3:4571629	3	4571629	6.162348e-01	1.158402e+01
3:4596518	3	4596518	1.864986e-01	1.132382e+01
3:4606882	3	4606882	6.028813e-01	1.166880e+01
3:4635153	3	4635153	9.478651e-01	1.173729e+01
3:4645762	3	4645762	8.485445e-01	1.176818e+01
3:4651094	3	4651094	2.371761e-01	1.120591e+01
3:4652654	3	4652654	5.868878e-01	1.173149e+01
3:4659491	3	4659491	6.028813e-01	1.166880e+01
3:4659492	3	4659492	4.926793e-01	1.174041e+01
3:4667675	3	4667675	8.485445e-01	1.176818e+01
3:4689936	3	4689936	4.834433e-01	1.142387e+01
3:4694428	3	4694428	8.485445e-01	1.176818e+01
3:4698429	3	4698429	9.339245e-01	1.173109e+01
3:4700896	3	4700896	9.339245e-01	1.173109e+01
3:4752100	3	4752100	9.100189e-01	1.172775e+01
3:4762427	3	4762427	8.485445e-01	1.176818e+01
3:4762819	3	4762819	8.485445e-01	1.176818e+01
3:4769902	3	4769902	5.868878e-01	1.173149e+01
3:4770093	3	4770093	2.726965e-01	1.147970e+01
3:4774086	3	4774086	4.114650e-01	1.153018e+01
3:4793240	3	4793240	4.015080e-02	1.068389e+01
3:4800960	3	4800960	9.955076e-02	1.050499e+01
3:4801523	3	4801523	2.867519e-01	1.125909e+01
3:4805169	3	4805169	2.317019e-01	1.140547e+01
3:4840318	3	4840318	7.596361e-01	1.167315e+01
3:4843004	3	4843004	2.317019e-01	1.140547e+01
3:4845796	3	4845796	2.317019e-01	1.140547e+01
3:4867870	3	4867870	8.493245e-01	1.173005e+01
3:4875058	3	4875058	8.485445e-01	1.176818e+01
3:4878891	3	4878891	9.339245e-01	1.173109e+01
3:4887745	3	4887745	2.317019e-01	1.140547e+01
3:4893077	3	4893077	4.493616e-01	1.129794e+01
3:4921493	3	4921493	3.384710e-01	1.143038e+01
3:4926615	3	4926615	2.317019e-01	1.140547e+01
3:4937309	3	4937309	2.317019e-01	1.140547e+01
3:4940549	3	4940549	9.339245e-01	1.173109e+01
3:4945216	3	4945216	9.339245e-01	1.173109e+01
3:4948872	3	4948872	9.339245e-01	1.173109e+01
3:4990468	3	4990468	3.004270e-01	1.127763e+01
3:4994996	3	4994996	4.015080e-02	1.068389e+01
3:5003599	3	5003599	4.973250e-01	1.161082e+01
3:5005482	3	5005482	2.317019e-01	1.140547e+01
3:5024442	3	5024442	9.339245e-01	1.173109e+01
3:5043190	3	5043190	3.384710e-01	1.143038e+01
3:5049562	3	5049562	9.339245e-01	1.173109e+01
3:5052969	3	5052969	8.201094e-01	1.177314e+01
3:5064890	3	5064890	2.317019e-01	1.140547e+01
3:5070099	3	5070099	8.201094e-01	1.177314e+01
3:5077247	3	5077247	2.317019e-01	1.140547e+01
3:5086581	3	5086581	3.873166e-01	1.125482e+01
3:5122283	3	5122283	7.817264e-01	1.179266e+01
3:5124845	3	5124845	2.274114e-01	1.145001e+01
3:5143001	3	5143001	2.317019e-01	1.140547e+01
3:5148201	3	5148201	2.317019e-01	1.140547e+01
3:5149285	3	5149285	8.201094e-01	1.177314e+01
3:5157583	3	5157583	2.317019e-01	1.140547e+01
3:5165499	3	5165499	9.339245e-01	1.173109e+01
3:5179915	3	5179915	8.905557e-01	1.176720e+01
3:5192472	3	5192472	7.469231e-01	1.180522e+01
3:5193019	3	5193019	3.384710e-01	1.143038e+01
3:5197200	3	5197200	4.075218e-01	1.145928e+01
3:5203333	3	5203333	9.339245e-01	1.173109e+01
3:5208144	3	5208144	8.248012e-01	1.177499e+01
3:5210362	3	5210362	8.201094e-01	1.177314e+01
3:5217197	3	5217197	4.470908e-01	1.138093e+01
3:5224126	3	5224126	9.339245e-01	1.173109e+01
3:5234792	3	5234792	6.617782e-01	1.182537e+01
3:5236252	3	5236252	2.317019e-01	1.140547e+01
3:5246311	3	5246311	9.339245e-01	1.173109e+01
3:5251499	3	5251499	3.384710e-01	1.143038e+01
3:5252570	3	5252570	3.967377e-01	1.139245e+01
3:5254062	3	5254062	2.180898e-01	1.136525e+01
3:5267147	3	5267147	9.478168e-01	1.173352e+01
3:5271281	3	5271281	4.662839e-01	1.149531e+01
3:5311011	3	5311011	9.339245e-01	1.173109e+01
3:5316308	3	5316308	3.989863e-01	1.155714e+01
3:5332073	3	5332073	5.993675e-01	1.141922e+01
3:5355152	3	5355152	4.682003e-01	1.132965e+01
3:5359948	3	5359948	9.815849e-01	1.174558e+01
3:5407126	3	5407126	2.295089e-02	9.160203e+00
3:5410375	3	5410375	2.588312e-01	1.109052e+01
3:5422457	3	5422457	3.384710e-01	1.143038e+01
3:5425336	3	5425336	9.051774e-01	1.173011e+01
3:5427134	3	5427134	9.339245e-01	1.173109e+01
3:5436654	3	5436654	3.989863e-01	1.155714e+01
3:5439774	3	5439774	1.398585e-01	1.106647e+01
3:5456302	3	5456302	3.989863e-01	1.155714e+01
3:5463636	3	5463636	2.629965e-01	1.129363e+01
3:5469251	3	5469251	9.161306e-01	1.168002e+01
3:5518858	3	5518858	5.331000e-01	1.167350e+01
3:5519750	3	5519750	9.478168e-01	1.173352e+01
3:5529041	3	5529041	3.545265e-01	1.142881e+01
3:5531373	3	5531373	3.384710e-01	1.143038e+01
3:5578973	3	5578973	5.272772e-01	1.143404e+01
3:5604618	3	5604618	8.255900e-01	1.173336e+01
3:5617480	3	5617480	8.867534e-01	1.168016e+01
3:5619116	3	5619116	2.724671e-01	1.122772e+01
3:5619118	3	5619118	2.724671e-01	1.122772e+01
3:5637882	3	5637882	3.384710e-01	1.143038e+01
3:5643463	3	5643463	7.731440e-01	1.160393e+01
3:5643927	3	5643927	7.890373e-01	1.160443e+01
3:5650401	3	5650401	6.051780e-01	1.161906e+01
3:5654179	3	5654179	8.867534e-01	1.168016e+01
3:5683666	3	5683666	8.867534e-01	1.168016e+01
3:5684482	3	5684482	3.384710e-01	1.143038e+01
3:5722157	3	5722157	3.384710e-01	1.143038e+01
3:5743401	3	5743401	6.051780e-01	1.161906e+01
3:5746286	3	5746286	3.384710e-01	1.143038e+01
3:5777983	3	5777983	8.867534e-01	1.168016e+01
3:5779347	3	5779347	6.051780e-01	1.161906e+01
3:5792520	3	5792520	6.051780e-01	1.161906e+01
3:5794450	3	5794450	9.154211e-01	1.177015e+01
3:5798396	3	5798396	7.073581e-01	1.162240e+01
3:5811177	3	5811177	3.246477e-01	1.141399e+01
3:5816932	3	5816932	5.747414e-01	1.161180e+01
3:5831203	3	5831203	9.126947e-01	1.173095e+01
3:5837462	3	5837462	7.890373e-01	1.160443e+01
3:5857931	3	5857931	9.260084e-01	1.176854e+01
3:5859319	3	5859319	5.229898e-01	1.165332e+01
3:5866586	3	5866586	8.867534e-01	1.168016e+01
3:5867480	3	5867480	6.051780e-01	1.161906e+01
3:5887186	3	5887186	9.324569e-01	1.177542e+01
3:5888649	3	5888649	2.724671e-01	1.122772e+01
3:5913684	3	5913684	8.724302e-01	1.173720e+01
3:5946696	3	5946696	5.261881e-01	1.167842e+01
3:5960929	3	5960929	9.339245e-01	1.173109e+01
3:5960930	3	5960930	9.339245e-01	1.173109e+01
3:5971619	3	5971619	6.918136e-01	1.164190e+01
3:5977471	3	5977471	5.731855e-01	1.161926e+01
3:5980391	3	5980391	9.632099e-01	1.176423e+01
3:5982757	3	5982757	7.005290e-01	1.164079e+01
3:5986730	3	5986730	8.867534e-01	1.168016e+01
3:6002071	3	6002071	9.236782e-01	1.177808e+01
3:6019289	3	6019289	9.575853e-01	1.171299e+01
3:6021377	3	6021377	4.857173e-01	1.148162e+01
3:6037441	3	6037441	8.353401e-01	1.165999e+01
3:6042493	3	6042493	2.724671e-01	1.122772e+01
3:6046453	3	6046453	6.051780e-01	1.161906e+01
3:6053456	3	6053456	5.480975e-01	1.172319e+01
3:6078723	3	6078723	9.909386e-01	1.174849e+01
3:6098458	3	6098458	8.867534e-01	1.168016e+01
3:6101744	3	6101744	9.236782e-01	1.177808e+01
3:6108765	3	6108765	6.240055e-01	1.160400e+01
3:6115990	3	6115990	6.051780e-01	1.161906e+01
3:6126600	3	6126600	5.432178e-01	1.155628e+01
3:6158081	3	6158081	8.867534e-01	1.168016e+01
3:6159301	3	6159301	8.848480e-01	1.170256e+01
3:6193972	3	6193972	8.867534e-01	1.168016e+01
3:6206701	3	6206701	6.051780e-01	1.161906e+01
3:6234937	3	6234937	5.832361e-01	1.154826e+01
3:6271348	3	6271348	7.689327e-01	1.179582e+01
3:6276728	3	6276728	7.890373e-01	1.160443e+01
3:6279333	3	6279333	8.435557e-01	1.179728e+01
3:6286880	3	6286880	4.993091e-01	1.152796e+01
3:6303863	3	6303863	5.832361e-01	1.154826e+01
3:6308150	3	6308150	5.832361e-01	1.154826e+01
3:6312828	3	6312828	9.654407e-01	1.174119e+01
3:6324570	3	6324570	2.724671e-01	1.122772e+01
3:6325328	3	6325328	6.959551e-02	1.066195e+01
3:6326028	3	6326028	6.002232e-01	1.160323e+01
3:6336617	3	6336617	5.832361e-01	1.154826e+01
3:6418448	3	6418448	7.649523e-02	1.048092e+01
3:6428508	3	6428508	6.154739e-02	1.078904e+01
3:6434280	3	6434280	8.506959e-01	1.180983e+01
3:6441668	3	6441668	6.896852e-01	1.143050e+01
3:6445376	3	6445376	5.958168e-02	1.075738e+01
3:6457912	3	6457912	5.832361e-01	1.154826e+01
3:6481145	3	6481145	5.958168e-02	1.075738e+01
3:6530830	3	6530830	6.536343e-01	1.179726e+01
3:6547808	3	6547808	8.871400e-01	1.160169e+01
3:6549220	3	6549220	5.832361e-01	1.154826e+01
3:6576272	3	6576272	8.637780e-01	1.172821e+01
3:6591424	3	6591424	6.645403e-03	9.078063e+00
3:6607160	3	6607160	6.224228e-01	1.142906e+01
3:6660221	3	6660221	5.514321e-01	1.153486e+01
3:6686618	3	6686618	5.815595e-02	1.074105e+01
3:6712748	3	6712748	6.051780e-01	1.161906e+01
3:6727508	3	6727508	5.958168e-02	1.075738e+01
3:6750340	3	6750340	6.051780e-01	1.161906e+01
3:6791432	3	6791432	4.073244e-01	1.136116e+01
3:6796323	3	6796323	5.035259e-01	1.140525e+01
3:6797132	3	6797132	5.832361e-01	1.154826e+01
3:6805012	3	6805012	4.073244e-01	1.136116e+01
3:6809132	3	6809132	5.832361e-01	1.154826e+01
3:6827545	3	6827545	8.500506e-01	1.170053e+01
3:6829107	3	6829107	7.464063e-01	1.169006e+01
3:6834483	3	6834483	4.417060e-01	1.157432e+01
3:6839132	3	6839132	5.762498e-01	1.161410e+01
3:6841405	3	6841405	6.051780e-01	1.161906e+01
3:6841577	3	6841577	5.832361e-01	1.154826e+01
3:6850263	3	6850263	5.419944e-01	1.160420e+01
3:6928085	3	6928085	5.035259e-01	1.140525e+01
3:6930475	3	6930475	3.901476e-01	1.133816e+01
3:6950231	3	6950231	5.832361e-01	1.154826e+01
3:6989009	3	6989009	5.958168e-02	1.075738e+01
3:7003343	3	7003343	2.385941e-02	1.048533e+01
3:7006635	3	7006635	6.290597e-01	1.157958e+01
3:7018399	3	7018399	5.331000e-01	1.167350e+01
3:7018686	3	7018686	5.832361e-01	1.154826e+01
3:7022620	3	7022620	1.085174e-02	9.364843e+00
3:7024237	3	7024237	4.630441e-01	1.136123e+01
3:7035082	3	7035082	4.073244e-01	1.136116e+01
3:7050648	3	7050648	6.051780e-01	1.161906e+01
3:7064417	3	7064417	5.832361e-01	1.154826e+01
3:7122962	3	7122962	5.832361e-01	1.154826e+01
3:7137495	3	7137495	5.837970e-01	1.140116e+01
3:7149916	3	7149916	6.143216e-01	1.179808e+01
3:7157125	3	7157125	4.760059e-02	1.042332e+01
3:7159448	3	7159448	2.927035e-01	1.105186e+01
3:7160040	3	7160040	5.832361e-01	1.154826e+01
3:7164081	3	7164081	6.051780e-01	1.161906e+01
3:7175549	3	7175549	5.832361e-01	1.154826e+01
3:7186013	3	7186013	6.051780e-01	1.161906e+01
3:7186583	3	7186583	6.051780e-01	1.161906e+01
3:7195222	3	7195222	6.051780e-01	1.161906e+01
3:7198455	3	7198455	6.645403e-03	9.078063e+00
3:7201279	3	7201279	5.832361e-01	1.154826e+01
3:7205271	3	7205271	3.985287e-01	1.141816e+01
3:7216740	3	7216740	6.066732e-01	1.156478e+01
3:7238558	3	7238558	2.790405e-01	1.103052e+01
3:7240090	3	7240090	4.073244e-01	1.136116e+01
3:7247276	3	7247276	1.617441e-02	1.009821e+01
3:7259782	3	7259782	8.070422e-01	1.174847e+01
3:7259785	3	7259785	9.603959e-01	1.174049e+01
3:7259786	3	7259786	9.654407e-01	1.174119e+01
3:7287636	3	7287636	9.654407e-01	1.174119e+01
3:7294085	3	7294085	5.024589e-03	9.237175e+00
3:7311659	3	7311659	5.832361e-01	1.154826e+01
3:7316361	3	7316361	5.832361e-01	1.154826e+01
3:7316928	3	7316928	4.931824e-01	1.171670e+01
3:7316961	3	7316961	6.823729e-01	1.157251e+01
3:7318493	3	7318493	4.010206e-01	1.148608e+01
3:7322984	3	7322984	5.832361e-01	1.154826e+01
3:7327227	3	7327227	5.832361e-01	1.154826e+01
3:7333626	3	7333626	4.010206e-01	1.148608e+01
3:7334802	3	7334802	7.272593e-01	1.194580e+01
3:7334811	3	7334811	7.272593e-01	1.194580e+01
3:7334816	3	7334816	7.767494e-01	1.189778e+01
3:7334818	3	7334818	7.272593e-01	1.194580e+01
3:7334824	3	7334824	7.272593e-01	1.194580e+01
3:7334825	3	7334825	7.767494e-01	1.189778e+01
3:7335743	3	7335743	6.889836e-01	1.168705e+01
3:7335750	3	7335750	4.226228e-01	1.162280e+01
3:7335753	3	7335753	4.226228e-01	1.162280e+01
3:7343518	3	7343518	4.010206e-01	1.148608e+01
3:7357745	3	7357745	4.073244e-01	1.136116e+01
3:7364102	3	7364102	5.832361e-01	1.154826e+01
3:7380863	3	7380863	6.645403e-03	9.078063e+00
3:7384157	3	7384157	9.269266e-01	1.177136e+01
3:7397605	3	7397605	3.486765e-01	1.145431e+01
3:7398348	3	7398348	3.193766e-01	1.126000e+01
3:7419324	3	7419324	4.010206e-01	1.148608e+01
3:7438425	3	7438425	5.832361e-01	1.154826e+01
3:7450227	3	7450227	7.785329e-01	1.173243e+01
3:7465980	3	7465980	6.645403e-03	9.078063e+00
3:7503065	3	7503065	5.832361e-01	1.154826e+01
3:7514830	3	7514830	4.010206e-01	1.148608e+01
3:7524076	3	7524076	4.010206e-01	1.148608e+01
3:7536229	3	7536229	7.660393e-02	1.063702e+01
3:7546906	3	7546906	4.010206e-01	1.148608e+01
3:7565135	3	7565135	5.866872e-03	8.656261e+00
3:7566324	3	7566324	3.891870e-01	1.148021e+01
3:7578018	3	7578018	1.093121e-01	1.095157e+01
3:7584031	3	7584031	4.567223e-02	1.060109e+01
3:7587407	3	7587407	1.451749e-03	9.204198e+00
3:7590866	3	7590866	2.733808e-02	1.073106e+01
3:7590970	3	7590970	4.567223e-02	1.060109e+01
3:7591797	3	7591797	4.567223e-02	1.060109e+01
3:7611459	3	7611459	1.383144e-01	1.116227e+01
3:7618293	3	7618293	5.056217e-01	1.157168e+01
3:7622031	3	7622031	7.660393e-02	1.063702e+01
3:7634886	3	7634886	4.663704e-02	1.056605e+01
3:7650548	3	7650548	7.660393e-02	1.063702e+01
3:7654801	3	7654801	1.383144e-01	1.116227e+01
3:7660379	3	7660379	9.603959e-01	1.174049e+01
3:7667353	3	7667353	3.013335e-01	1.068276e+01
3:7687919	3	7687919	1.383144e-01	1.116227e+01
3:7709368	3	7709368	9.758241e-01	1.174042e+01
3:7712561	3	7712561	3.891870e-01	1.148021e+01
3:7718318	3	7718318	3.891870e-01	1.148021e+01
3:7733995	3	7733995	1.552840e-01	1.105793e+01
3:7760371	3	7760371	3.673950e-01	1.149349e+01
3:7765053	3	7765053	1.048456e-01	1.062312e+01
3:7810677	3	7810677	1.383144e-01	1.116227e+01
3:7843103	3	7843103	1.383144e-01	1.116227e+01
3:7844909	3	7844909	1.383144e-01	1.116227e+01
3:7845336	3	7845336	3.435786e-01	1.145218e+01
3:7933676	3	7933676	3.168925e-01	1.156506e+01
3:7943164	3	7943164	1.048456e-01	1.062312e+01
3:7964259	3	7964259	1.474502e-01	1.106504e+01
3:7991404	3	7991404	4.244326e-01	1.147536e+01
3:8011369	3	8011369	3.891870e-01	1.148021e+01
3:8011732	3	8011732	3.891870e-01	1.148021e+01
3:8027017	3	8027017	1.069860e-01	1.071843e+01
3:8061372	3	8061372	6.024515e-01	1.179815e+01
3:8084724	3	8084724	3.891870e-01	1.148021e+01
3:8085586	3	8085586	3.352729e-03	9.632772e+00
3:8085851	3	8085851	1.552840e-01	1.105793e+01
3:8088983	3	8088983	1.383144e-01	1.116227e+01
3:8105501	3	8105501	1.383144e-01	1.116227e+01
3:8109947	3	8109947	5.611018e-01	1.167402e+01
3:8122550	3	8122550	6.212496e-01	1.163603e+01
3:8126782	3	8126782	2.109643e-01	1.110640e+01
3:8152711	3	8152711	4.936553e-01	1.155527e+01
3:8168324	3	8168324	9.654407e-01	1.174119e+01
3:8172764	3	8172764	1.199180e-01	1.113202e+01
3:8179183	3	8179183	3.967913e-01	1.139525e+01
3:8188294	3	8188294	9.710886e-01	1.174878e+01
3:8190031	3	8190031	1.383144e-01	1.116227e+01
3:8191690	3	8191690	4.030727e-01	1.158682e+01
3:8197695	3	8197695	1.383144e-01	1.116227e+01
3:8207272	3	8207272	1.763121e-01	1.110072e+01
3:8226495	3	8226495	3.891870e-01	1.148021e+01
3:8229259	3	8229259	3.891870e-01	1.148021e+01
3:8247333	3	8247333	1.383144e-01	1.116227e+01
3:8257117	3	8257117	4.936553e-01	1.155527e+01
3:8257744	3	8257744	1.383144e-01	1.116227e+01
3:8264812	3	8264812	4.936553e-01	1.155527e+01
3:8291767	3	8291767	3.891870e-01	1.148021e+01
3:8294945	3	8294945	4.813897e-01	1.150698e+01
3:8311590	3	8311590	1.383144e-01	1.116227e+01
3:8311591	3	8311591	1.383144e-01	1.116227e+01
3:8334497	3	8334497	3.891870e-01	1.148021e+01
3:8337875	3	8337875	1.383144e-01	1.116227e+01
3:8340412	3	8340412	1.552840e-01	1.105793e+01
3:8366717	3	8366717	4.818200e-01	1.143770e+01
3:8366731	3	8366731	3.772387e-01	1.141988e+01
3:8367797	3	8367797	4.304659e-01	1.151919e+01
3:8370034	3	8370034	4.935325e-01	1.151051e+01
3:8370597	3	8370597	1.458975e-01	1.117730e+01
3:8372600	3	8372600	8.490600e-01	1.180744e+01
3:8379891	3	8379891	1.453201e-01	1.081573e+01
3:8389105	3	8389105	4.936553e-01	1.155527e+01
3:8394126	3	8394126	6.091100e-01	1.169658e+01
3:8409890	3	8409890	1.175163e-01	1.125336e+01
3:8463308	3	8463308	9.331467e-01	1.173080e+01
3:8467994	3	8467994	1.063554e-01	1.088400e+01
3:8472533	3	8472533	1.568327e-01	1.123090e+01
3:8472830	3	8472830	9.478456e-02	1.097233e+01
3:8476791	3	8476791	3.481791e-01	1.149421e+01
3:8504320	3	8504320	3.481791e-01	1.149421e+01
3:8512665	3	8512665	1.272218e-01	1.103258e+01
3:8519894	3	8519894	9.093045e-01	1.173998e+01
3:8523658	3	8523658	9.093045e-01	1.173998e+01
3:8543812	3	8543812	5.426994e-01	1.162302e+01
3:8587990	3	8587990	5.310893e-01	1.160926e+01
3:8590347	3	8590347	9.093045e-01	1.173998e+01
3:8597927	3	8597927	6.383302e-01	1.175769e+01
3:8609927	3	8609927	4.936553e-01	1.155527e+01
3:8615029	3	8615029	4.669122e-01	1.158255e+01
3:8616201	3	8616201	2.390111e-01	1.143095e+01
3:8617980	3	8617980	5.310893e-01	1.160926e+01
3:8623904	3	8623904	5.129915e-01	1.161597e+01
3:8639834	3	8639834	4.936553e-01	1.155527e+01
3:8643894	3	8643894	4.793926e-01	1.158464e+01
3:8643923	3	8643923	9.093045e-01	1.173998e+01
3:8651412	3	8651412	4.936553e-01	1.155527e+01
3:8653391	3	8653391	1.499357e-01	1.449529e+01
3:8703884	3	8703884	3.588627e-01	1.143574e+01
3:8714956	3	8714956	9.315325e-01	1.174019e+01
3:8717976	3	8717976	2.243393e-01	1.118832e+01
3:8730183	3	8730183	5.331000e-01	1.167350e+01
3:8733919	3	8733919	4.502114e-01	1.159116e+01
3:8748061	3	8748061	3.372436e-01	1.142476e+01
3:8761561	3	8761561	4.793926e-01	1.158464e+01
3:8765320	3	8765320	9.093045e-01	1.173998e+01
3:8777537	3	8777537	4.936553e-01	1.155527e+01
3:8796129	3	8796129	4.793926e-01	1.158464e+01
3:8817749	3	8817749	9.093045e-01	1.173998e+01
3:8819856	3	8819856	3.947390e-01	1.131919e+01
3:8870704	3	8870704	4.936553e-01	1.155527e+01
3:8873019	3	8873019	3.670892e-01	1.137242e+01
3:8893547	3	8893547	4.936553e-01	1.155527e+01
3:8893548	3	8893548	4.936553e-01	1.155527e+01
3:8919569	3	8919569	7.064489e-01	1.162042e+01
3:8937512	3	8937512	9.093045e-01	1.173998e+01
3:8968493	3	8968493	2.874624e-01	1.115137e+01
3:8979170	3	8979170	6.158232e-01	1.164223e+01
3:8987584	3	8987584	4.936553e-01	1.155527e+01
3:8997607	3	8997607	7.635345e-01	1.175724e+01
3:8997608	3	8997608	7.303454e-01	1.176617e+01
3:8997610	3	8997610	7.877745e-01	1.171213e+01
3:8997676	3	8997676	4.936553e-01	1.155527e+01
3:8998010	3	8998010	8.752010e-01	1.173385e+01
3:9011331	3	9011331	4.936553e-01	1.155527e+01
3:9012521	3	9012521	8.752010e-01	1.173385e+01
3:9017148	3	9017148	8.752010e-01	1.173385e+01
3:9022506	3	9022506	8.752010e-01	1.173385e+01
3:9025900	3	9025900	8.752010e-01	1.173385e+01
3:9033327	3	9033327	3.961305e-01	1.170801e+01
3:9060577	3	9060577	7.819529e-01	1.171835e+01
3:9067708	3	9067708	5.901838e-01	1.160808e+01
3:9118328	3	9118328	5.404239e-01	1.160950e+01
3:9120366	3	9120366	8.962557e-01	1.173904e+01
3:9123614	3	9123614	5.426994e-01	1.162302e+01
3:9128938	3	9128938	8.752010e-01	1.173385e+01
3:9136133	3	9136133	9.093045e-01	1.173998e+01
3:9141355	3	9141355	9.093045e-01	1.173998e+01
3:9154190	3	9154190	4.114534e-01	1.158716e+01
3:9158879	3	9158879	5.426994e-01	1.162302e+01
3:9173615	3	9173615	5.426994e-01	1.162302e+01
3:9200002	3	9200002	8.594983e-01	1.175141e+01
3:9201844	3	9201844	9.093045e-01	1.173998e+01
3:9211342	3	9211342	6.069412e-01	1.161052e+01
3:9212251	3	9212251	5.821747e-01	1.162353e+01
3:9213539	3	9213539	5.426994e-01	1.162302e+01
3:9216245	3	9216245	5.426994e-01	1.162302e+01
3:9227779	3	9227779	2.397428e-02	1.019823e+01
3:9236589	3	9236589	7.726370e-01	1.175182e+01
3:9241235	3	9241235	6.115909e-01	1.176863e+01
3:9244250	3	9244250	6.069412e-01	1.161052e+01
3:9248532	3	9248532	5.426994e-01	1.162302e+01
3:9253937	3	9253937	9.093045e-01	1.173998e+01
3:9284092	3	9284092	9.093045e-01	1.173998e+01
3:9293025	3	9293025	9.203042e-01	1.174242e+01
3:9293393	3	9293393	9.093045e-01	1.173998e+01
3:9294580	3	9294580	8.361636e-01	1.173416e+01
3:9299106	3	9299106	9.093045e-01	1.173998e+01
3:9300104	3	9300104	7.348217e-01	1.180237e+01
3:9311293	3	9311293	4.043779e-02	1.059240e+01
3:9311625	3	9311625	5.342500e-01	1.149620e+01
3:9311652	3	9311652	6.694349e-01	1.170245e+01
3:9311653	3	9311653	6.694349e-01	1.170245e+01
3:9331397	3	9331397	4.097309e-01	1.182235e+01
3:9364077	3	9364077	6.826689e-01	1.151527e+01
3:9370841	3	9370841	5.491515e-01	1.166173e+01
3:9370952	3	9370952	8.996476e-01	1.174204e+01
3:9375327	3	9375327	9.093045e-01	1.173998e+01
3:9388748	3	9388748	8.701016e-01	1.174221e+01
3:9391586	3	9391586	8.752010e-01	1.173385e+01
3:9392987	3	9392987	5.426994e-01	1.162302e+01
3:9393854	3	9393854	8.298194e-01	1.172570e+01
3:9397519	3	9397519	8.462958e-01	1.174611e+01
3:9425350	3	9425350	6.154134e-01	1.160923e+01
3:9462638	3	9462638	9.587765e-01	1.173177e+01
3:9467049	3	9467049	5.426994e-01	1.162302e+01
3:9471093	3	9471093	8.752010e-01	1.173385e+01
3:9477488	3	9477488	9.093045e-01	1.173998e+01
3:9479267	3	9479267	8.522450e-01	1.171052e+01
3:9492385	3	9492385	8.063933e-01	1.172882e+01
3:9514209	3	9514209	8.321843e-01	1.174552e+01
3:9537745	3	9537745	5.426994e-01	1.162302e+01
3:9545247	3	9545247	8.321843e-01	1.174552e+01
3:9561410	3	9561410	5.376808e-01	1.154450e+01
3:9566855	3	9566855	5.426994e-01	1.162302e+01
3:9605787	3	9605787	8.618416e-03	9.820909e+00
3:9631146	3	9631146	2.733097e-01	1.107696e+01
3:9638976	3	9638976	3.498684e-01	1.120430e+01
3:9649556	3	9649556	7.049199e-01	1.181819e+01
3:9671432	3	9671432	5.426994e-01	1.162302e+01
3:9674537	3	9674537	8.321843e-01	1.174552e+01
3:9676424	3	9676424	9.828020e-01	1.171076e+01
3:9685171	3	9685171	5.860017e-01	1.170521e+01
3:9699190	3	9699190	9.093045e-01	1.173998e+01
3:9699273	3	9699273	8.407648e-01	1.177370e+01
3:9701008	3	9701008	8.321843e-01	1.174552e+01
3:9716423	3	9716423	8.962557e-01	1.173904e+01
3:9721356	3	9721356	5.426994e-01	1.162302e+01
3:9754454	3	9754454	6.305867e-01	1.185827e+01
3:9769988	3	9769988	9.093045e-01	1.173998e+01
3:9772075	3	9772075	9.093045e-01	1.173998e+01
3:9775806	3	9775806	9.093045e-01	1.173998e+01
3:9778462	3	9778462	8.977820e-01	1.173622e+01
3:9779077	3	9779077	8.211568e-01	1.174477e+01
3:9780342	3	9780342	9.093045e-01	1.173998e+01
3:9788387	3	9788387	5.426994e-01	1.162302e+01
3:9807569	3	9807569	8.981408e-01	1.174310e+01
3:9815540	3	9815540	8.962557e-01	1.173904e+01
3:9819779	3	9819779	9.093045e-01	1.173998e+01
3:9821468	3	9821468	1.192380e-04	1.645434e+01
3:9830168	3	9830168	6.909793e-01	1.182015e+01
3:9831151	3	9831151	8.021310e-01	1.168231e+01
3:9831705	3	9831705	5.426994e-01	1.162302e+01
3:9836731	3	9836731	8.021310e-01	1.168231e+01
3:9836732	3	9836732	8.021310e-01	1.168231e+01
3:9857477	3	9857477	9.093045e-01	1.173998e+01
3:9861457	3	9861457	5.583135e-01	1.163037e+01
3:9875917	3	9875917	8.321843e-01	1.174552e+01
3:9884732	3	9884732	6.054964e-01	1.157597e+01
3:9903366	3	9903366	8.027638e-01	1.175377e+01
3:9903461	3	9903461	8.376303e-01	1.175607e+01
3:9904883	3	9904883	6.105322e-01	1.173198e+01
3:9906402	3	9906402	8.321843e-01	1.174552e+01
3:9927855	3	9927855	7.470142e-01	1.168324e+01
3:9932600	3	9932600	5.787636e-01	1.160925e+01
3:9945962	3	9945962	9.870331e-01	1.174250e+01
3:9996930	3	9996930	9.093045e-01	1.173998e+01
3:10022220	3	10022220	8.321843e-01	1.174552e+01
3:10024066	3	10024066	8.321843e-01	1.174552e+01
3:10052558	3	10052558	8.356540e-01	1.175129e+01
3:10068482	3	10068482	8.321843e-01	1.174552e+01
3:10106041	3	10106041	9.759995e-01	1.174301e+01
3:10114384	3	10114384	8.740906e-01	1.172563e+01
3:10116102	3	10116102	8.740906e-01	1.172563e+01
3:10118859	3	10118859	8.321843e-01	1.174552e+01
3:10127607	3	10127607	4.337190e-01	1.146321e+01
3:10130619	3	10130619	8.740906e-01	1.172563e+01
3:10139632	3	10139632	3.215897e-01	1.116194e+01
3:10165304	3	10165304	5.426994e-01	1.162302e+01
3:10175661	3	10175661	9.093045e-01	1.173998e+01
3:10206840	3	10206840	9.191072e-01	1.173142e+01
3:10224810	3	10224810	8.321843e-01	1.174552e+01
3:10225982	3	10225982	8.021310e-01	1.168231e+01
3:10236347	3	10236347	8.462958e-01	1.174611e+01
3:10291838	3	10291838	5.583135e-01	1.163037e+01
3:10299394	3	10299394	5.404239e-01	1.160950e+01
3:10302410	3	10302410	9.055719e-01	1.169685e+01
3:10305579	3	10305579	5.426994e-01	1.162302e+01
3:10309531	3	10309531	5.426994e-01	1.162302e+01
3:10318306	3	10318306	8.154710e-01	1.173959e+01
3:10321949	3	10321949	8.321843e-01	1.174552e+01
3:10362552	3	10362552	4.278339e-01	1.135226e+01
3:10383555	3	10383555	9.093045e-01	1.173998e+01
3:10388648	3	10388648	5.426994e-01	1.162302e+01
3:10392972	3	10392972	8.321843e-01	1.174552e+01
3:10395715	3	10395715	5.426994e-01	1.162302e+01
3:10447301	3	10447301	7.576579e-01	1.173823e+01
3:10451743	3	10451743	9.093045e-01	1.173998e+01
3:10454908	3	10454908	8.506849e-01	1.174045e+01
3:10464854	3	10464854	5.857992e-01	1.177314e+01
3:10470982	3	10470982	8.321843e-01	1.174552e+01
3:10536823	3	10536823	9.538875e-01	1.173779e+01
3:10545032	3	10545032	5.426994e-01	1.162302e+01
3:10596451	3	10596451	9.540644e-01	1.173351e+01
3:10599258	3	10599258	6.322928e-01	1.173737e+01
3:10612622	3	10612622	8.321843e-01	1.174552e+01
3:10612824	3	10612824	8.512945e-01	1.174431e+01
3:10616672	3	10616672	2.938979e-01	1.109732e+01
3:10617496	3	10617496	2.938979e-01	1.109732e+01
3:10622010	3	10622010	7.479082e-01	1.165447e+01
3:10657641	3	10657641	4.464054e-01	1.139080e+01
3:10666704	3	10666704	4.931361e-01	1.150952e+01
3:10695766	3	10695766	2.834815e-01	1.114778e+01
3:10700654	3	10700654	2.938979e-01	1.109732e+01
3:10705048	3	10705048	9.328128e-01	1.173072e+01
3:10706927	3	10706927	4.788481e-01	1.168998e+01
3:10729858	3	10729858	7.811209e-01	1.172453e+01
3:10730527	3	10730527	6.281342e-02	1.079446e+01
3:10742895	3	10742895	2.938979e-01	1.109732e+01
3:10758952	3	10758952	8.370569e-01	1.172086e+01
3:10760842	3	10760842	2.905770e-01	1.121333e+01
3:10803212	3	10803212	8.321843e-01	1.174552e+01
3:10804718	3	10804718	5.499015e-01	1.122829e+01
3:10848412	3	10848412	4.278339e-01	1.135226e+01
3:10852653	3	10852653	9.878397e-01	1.173796e+01
3:10879561	3	10879561	2.938979e-01	1.109732e+01
3:10879839	3	10879839	2.257380e-01	1.116181e+01
3:10883163	3	10883163	8.321843e-01	1.174552e+01
3:10885824	3	10885824	9.095193e-01	1.173310e+01
3:10886323	3	10886323	5.012569e-01	1.152721e+01
3:10890604	3	10890604	2.938979e-01	1.109732e+01
3:10908028	3	10908028	4.785980e-01	1.136784e+01
3:10945760	3	10945760	5.128929e-01	1.153582e+01
3:10950486	3	10950486	2.938979e-01	1.109732e+01
3:10956617	3	10956617	3.358980e-01	1.127751e+01
3:10958666	3	10958666	8.361636e-01	1.173416e+01
3:10962015	3	10962015	8.321843e-01	1.174552e+01
3:10973770	3	10973770	3.358980e-01	1.127751e+01
3:11000406	3	11000406	3.358980e-01	1.127751e+01
3:11004769	3	11004769	5.426994e-01	1.162302e+01
3:11027360	3	11027360	3.775705e-01	1.140551e+01
3:11030316	3	11030316	8.321843e-01	1.174552e+01
3:11030573	3	11030573	2.938979e-01	1.109732e+01
3:11116939	3	11116939	6.912877e-02	1.025822e+01
3:11119994	3	11119994	3.384710e-01	1.143038e+01
3:11119995	3	11119995	3.384710e-01	1.143038e+01
3:11148539	3	11148539	7.922486e-01	1.171235e+01
3:11158123	3	11158123	7.965931e-01	1.170625e+01
3:11160604	3	11160604	1.825033e-01	1.106939e+01
3:11162768	3	11162768	8.124772e-01	1.170368e+01
3:11189947	3	11189947	2.735734e-01	1.102796e+01
3:11194998	3	11194998	1.825033e-01	1.106939e+01
3:11198152	3	11198152	7.922486e-01	1.171235e+01
3:11206741	3	11206741	3.499520e-01	1.141836e+01
3:11229237	3	11229237	8.361636e-01	1.173416e+01
3:11229554	3	11229554	1.142904e-01	1.117938e+01
3:11234782	3	11234782	2.371359e-01	1.102495e+01
3:11241558	3	11241558	1.825033e-01	1.106939e+01
3:11252253	3	11252253	1.370391e-01	1.018839e+01
3:11264589	3	11264589	4.677269e-02	9.985391e+00
3:11269251	3	11269251	7.965931e-01	1.170625e+01
3:11270050	3	11270050	1.142904e-01	1.117938e+01
3:11271938	3	11271938	7.965931e-01	1.170625e+01
3:11284783	3	11284783	3.364007e-01	1.120953e+01
3:11285111	3	11285111	7.215056e-01	1.171251e+01
3:11296651	3	11296651	2.706526e-01	1.121335e+01
3:11300065	3	11300065	5.369615e-01	1.152414e+01
3:11302939	3	11302939	1.932442e-02	1.038446e+01
3:11314929	3	11314929	7.724595e-01	1.177426e+01
3:11316511	3	11316511	6.689427e-02	1.020278e+01
3:11328568	3	11328568	7.922486e-01	1.171235e+01
3:11331041	3	11331041	7.965931e-01	1.170625e+01
3:11333704	3	11333704	5.426994e-01	1.162302e+01
3:11334510	3	11334510	8.269985e-01	1.173733e+01
3:11342675	3	11342675	7.140965e-01	1.171619e+01
3:11349901	3	11349901	7.922486e-01	1.171235e+01
3:11355633	3	11355633	5.404239e-01	1.160950e+01
3:11361996	3	11361996	3.057746e-01	1.110826e+01
3:11366386	3	11366386	4.973250e-01	1.161082e+01
3:11369255	3	11369255	1.932442e-02	1.038446e+01
3:11376217	3	11376217	9.164600e-01	1.173869e+01
3:11376414	3	11376414	5.043464e-01	1.152693e+01
3:11381362	3	11381362	7.155134e-01	1.170489e+01
3:11382447	3	11382447	3.384710e-01	1.143038e+01
3:11393480	3	11393480	8.247346e-01	1.175841e+01
3:11394424	3	11394424	7.922486e-01	1.171235e+01
3:11396628	3	11396628	3.381231e-01	1.146034e+01
3:11430562	3	11430562	7.965931e-01	1.170625e+01
3:11432218	3	11432218	1.937341e-01	1.096748e+01
3:11436592	3	11436592	4.677269e-02	9.985391e+00
3:11438321	3	11438321	4.677269e-02	9.985391e+00
3:11458420	3	11458420	4.864408e-01	1.122712e+01
3:11472950	3	11472950	9.186299e-01	1.177066e+01
3:11474723	3	11474723	3.180278e-05	2.393603e+01
3:11509073	3	11509073	4.677269e-02	9.985391e+00
3:11511208	3	11511208	1.306579e-01	9.794421e+00
3:11527061	3	11527061	7.395534e-03	9.344791e+00
3:11530447	3	11530447	4.677269e-02	9.985391e+00
3:11533212	3	11533212	4.677269e-02	9.985391e+00
3:11570183	3	11570183	5.763499e-02	1.012687e+01
3:11579923	3	11579923	1.432348e-01	1.082016e+01
3:11580151	3	11580151	7.788602e-01	1.170356e+01
3:11581151	3	11581151	7.922486e-01	1.171235e+01
3:11592852	3	11592852	8.355299e-01	1.172214e+01
3:11650315	3	11650315	5.426994e-01	1.162302e+01
3:11711504	3	11711504	5.981055e-01	1.161797e+01
3:11725957	3	11725957	4.312034e-01	1.149232e+01
3:11743765	3	11743765	1.994674e-01	1.122043e+01
3:11753437	3	11753437	1.929274e-01	1.121812e+01
3:11773827	3	11773827	8.669475e-01	1.174843e+01
3:11793415	3	11793415	6.956303e-02	1.019145e+01
3:11802543	3	11802543	7.645947e-01	1.159309e+01
3:11806001	3	11806001	2.889760e-03	8.216205e+00
3:11815791	3	11815791	5.426994e-01	1.162302e+01
3:11834855	3	11834855	2.826849e-01	1.134397e+01
3:11842414	3	11842414	7.700855e-01	1.169261e+01
3:11858214	3	11858214	1.659497e-01	1.126932e+01
3:11868067	3	11868067	5.331230e-02	9.613952e+00
3:11876592	3	11876592	1.659497e-01	1.126932e+01
3:11879057	3	11879057	5.498207e-01	1.167497e+01
3:11879304	3	11879304	4.246517e-01	1.174946e+01
3:11880090	3	11880090	1.989387e-02	9.648246e+00
3:11888166	3	11888166	5.426994e-01	1.162302e+01
3:11891104	3	11891104	1.659497e-01	1.126932e+01
3:11892695	3	11892695	1.659497e-01	1.126932e+01
3:11894614	3	11894614	1.989387e-02	9.648246e+00
3:11912212	3	11912212	1.664146e-02	9.522342e+00
3:11917739	3	11917739	2.079288e-01	1.084857e+01
3:11918357	3	11918357	2.073631e-02	9.221022e+00
3:11921677	3	11921677	2.208300e-01	1.140547e+01
3:11973902	3	11973902	1.299352e-01	1.057264e+01
3:12020963	3	12020963	5.990673e-02	1.033606e+01
3:12031135	3	12031135	5.990673e-02	1.033606e+01
3:12031276	3	12031276	7.700855e-01	1.169261e+01
3:12037206	3	12037206	1.292998e-01	1.149503e+01
3:12041162	3	12041162	2.310487e-01	1.128251e+01
3:12045015	3	12045015	1.015076e-01	1.158492e+01
3:12046750	3	12046750	3.068236e-01	1.122721e+01
3:12064471	3	12064471	5.382667e-01	1.168228e+01
3:12073770	3	12073770	2.031275e-01	1.122865e+01
3:12074661	3	12074661	1.659497e-01	1.126932e+01
3:12140047	3	12140047	5.797442e-01	1.160930e+01
3:12144184	3	12144184	1.203404e-01	1.078273e+01
3:12159329	3	12159329	5.192698e-01	1.163393e+01
3:12162640	3	12162640	2.208300e-01	1.140547e+01
3:12176404	3	12176404	5.192698e-01	1.163393e+01
3:12182555	3	12182555	5.426994e-01	1.162302e+01
3:12186250	3	12186250	2.208300e-01	1.140547e+01
3:12196595	3	12196595	5.426994e-01	1.162302e+01
3:12233912	3	12233912	1.832581e-02	1.003511e+01
3:12235062	3	12235062	2.208300e-01	1.140547e+01
3:12260102	3	12260102	2.208300e-01	1.140547e+01
3:12269379	3	12269379	1.832581e-02	1.003511e+01
3:12288429	3	12288429	2.203969e-02	1.009594e+01
3:12290436	3	12290436	6.506403e-02	1.085489e+01
3:12290738	3	12290738	7.700855e-01	1.169261e+01
3:12295487	3	12295487	2.208300e-01	1.140547e+01
3:12310551	3	12310551	5.426994e-01	1.162302e+01
3:12326613	3	12326613	1.033299e-01	1.053096e+01
3:12333007	3	12333007	5.426994e-01	1.162302e+01
3:12351760	3	12351760	1.086117e-02	9.424071e+00
3:12364064	3	12364064	5.969284e-02	1.109346e+01
3:12369064	3	12369064	5.426994e-01	1.162302e+01
3:12380214	3	12380214	2.208300e-01	1.140547e+01
3:12386626	3	12386626	2.208300e-01	1.140547e+01
3:12387164	3	12387164	3.972197e-02	9.963205e+00
3:12390834	3	12390834	2.218239e-01	1.133919e+01
3:12419195	3	12419195	5.404239e-01	1.160950e+01
3:12427760	3	12427760	4.309528e-02	9.868223e+00
3:12447060	3	12447060	5.331000e-01	1.167350e+01
3:12454482	3	12454482	1.565918e-01	1.126318e+01
3:12457511	3	12457511	4.736445e-02	1.059905e+01
3:12457916	3	12457916	1.885071e-01	1.137574e+01
3:12458420	3	12458420	4.554136e-01	1.165664e+01
3:12459259	3	12459259	2.938203e-01	1.134068e+01
3:12476734	3	12476734	2.208300e-01	1.140547e+01
3:12511266	3	12511266	5.588772e-01	1.162860e+01
3:12522987	3	12522987	2.208300e-01	1.140547e+01
3:12541521	3	12541521	1.491273e-01	1.149535e+01
3:12543980	3	12543980	7.700855e-01	1.169261e+01
3:12544897	3	12544897	2.208300e-01	1.140547e+01
3:12546614	3	12546614	8.157110e-02	1.091386e+01
3:12547587	3	12547587	9.169178e-01	1.154800e+01
3:12578350	3	12578350	7.700855e-01	1.169261e+01
3:12581005	3	12581005	3.972197e-02	9.963205e+00
3:12591880	3	12591880	1.832581e-02	1.003511e+01
3:12592255	3	12592255	6.791392e-02	1.069554e+01
3:12598818	3	12598818	5.426994e-01	1.162302e+01
3:12636398	3	12636398	1.832581e-02	1.003511e+01
3:12644104	3	12644104	5.426994e-01	1.162302e+01
3:12645451	3	12645451	1.832581e-02	1.003511e+01
3:12653767	3	12653767	2.374436e-01	1.142389e+01
3:12678213	3	12678213	3.943991e-01	1.122482e+01
3:12680207	3	12680207	2.208300e-01	1.140547e+01
3:12689007	3	12689007	5.426994e-01	1.162302e+01
3:12694714	3	12694714	5.378214e-01	1.063694e+01
3:12695118	3	12695118	7.212240e-03	1.008589e+01
3:12719944	3	12719944	7.700855e-01	1.169261e+01
3:12734655	3	12734655	2.938203e-01	1.134068e+01
3:12742065	3	12742065	5.426994e-01	1.162302e+01
3:12742410	3	12742410	5.426994e-01	1.162302e+01
3:12783904	3	12783904	5.426994e-01	1.162302e+01
3:12836002	3	12836002	1.661483e-01	1.111154e+01
3:13214044	3	13214044	5.426994e-01	1.162302e+01
3:13304962	3	13304962	3.524818e-01	1.141926e+01
3:13317648	3	13317648	7.694117e-01	1.160317e+01
3:13329739	3	13329739	2.208300e-01	1.140547e+01
3:13374876	3	13374876	3.932613e-01	1.172724e+01
3:13375620	3	13375620	2.208300e-01	1.140547e+01
3:13380694	3	13380694	2.208300e-01	1.140547e+01
3:13385582	3	13385582	2.208300e-01	1.140547e+01
3:13388244	3	13388244	5.426994e-01	1.162302e+01
3:13392344	3	13392344	2.208300e-01	1.140547e+01
3:13394286	3	13394286	4.603788e-02	9.889616e+00
3:13394733	3	13394733	3.878387e-01	1.153196e+01
3:13396913	3	13396913	7.700855e-01	1.169261e+01
3:13399279	3	13399279	2.172592e-01	1.128300e+01
3:13420020	3	13420020	2.208300e-01	1.140547e+01
3:13425059	3	13425059	7.399114e-02	1.006237e+01
3:13438824	3	13438824	4.233053e-01	1.142608e+01
3:13467971	3	13467971	2.208300e-01	1.140547e+01
3:13468964	3	13468964	1.208400e-01	1.057345e+01
3:13494515	3	13494515	4.326269e-01	1.134238e+01
3:13512427	3	13512427	7.700855e-01	1.169261e+01
3:13514373	3	13514373	2.125227e-01	1.139057e+01
3:13514901	3	13514901	9.859990e-01	1.172245e+01
3:13526551	3	13526551	2.208300e-01	1.140547e+01
3:13549665	3	13549665	2.063669e-01	1.151251e+01
3:13556908	3	13556908	6.613269e-02	1.043590e+01
3:13559939	3	13559939	7.700855e-01	1.169261e+01
3:13561614	3	13561614	5.192698e-01	1.163393e+01
3:13571966	3	13571966	2.208300e-01	1.140547e+01
3:13574510	3	13574510	7.700855e-01	1.169261e+01
3:13578290	3	13578290	1.832581e-02	1.003511e+01
3:13609131	3	13609131	9.352540e-01	1.175870e+01
3:13610289	3	13610289	2.208300e-01	1.140547e+01
3:13611042	3	13611042	5.426994e-01	1.162302e+01
3:13628366	3	13628366	4.309528e-02	9.868223e+00
3:13628367	3	13628367	1.832581e-02	1.003511e+01
3:13667788	3	13667788	2.208300e-01	1.140547e+01
3:13668650	3	13668650	2.351471e-01	1.135780e+01
3:13675368	3	13675368	2.435392e-02	1.017460e+01
3:13809402	3	13809402	4.823859e-01	1.094045e+01
3:13877864	3	13877864	8.157110e-02	1.091386e+01
3:13885347	3	13885347	6.605339e-02	1.057065e+01
3:13889066	3	13889066	1.832581e-02	1.003511e+01
3:13921061	3	13921061	7.700855e-01	1.169261e+01
3:13930781	3	13930781	2.201452e-01	1.157103e+01
3:13942865	3	13942865	1.013470e-01	1.093583e+01
3:13949541	3	13949541	3.055083e-01	1.131395e+01
3:13952162	3	13952162	8.710778e-02	1.034961e+01
3:13968148	3	13968148	2.208300e-01	1.140547e+01
3:13972779	3	13972779	5.503170e-02	1.061786e+01
3:13977292	3	13977292	8.157110e-02	1.091386e+01
3:13977723	3	13977723	9.112307e-02	1.099133e+01
3:13979943	3	13979943	3.972197e-02	9.963205e+00
3:13980053	3	13980053	2.938203e-01	1.134068e+01
3:14013970	3	14013970	2.208300e-01	1.140547e+01
3:14014383	3	14014383	2.208300e-01	1.140547e+01
3:14015703	3	14015703	5.699448e-02	9.819627e+00
3:14024237	3	14024237	3.076917e-01	1.137070e+01
3:14062846	3	14062846	2.208300e-01	1.140547e+01
3:14064589	3	14064589	2.208300e-01	1.140547e+01
3:14072506	3	14072506	2.208300e-01	1.140547e+01
3:14073123	3	14073123	1.832581e-02	1.003511e+01
3:14108381	3	14108381	2.938203e-01	1.134068e+01
3:14112946	3	14112946	1.719623e-01	1.121414e+01
3:14126110	3	14126110	1.549906e-01	1.107308e+01
3:14153924	3	14153924	5.426994e-01	1.162302e+01
3:14159797	3	14159797	2.087593e-01	1.076008e+01
3:14167608	3	14167608	2.208300e-01	1.140547e+01
3:14235184	3	14235184	1.832581e-02	1.003511e+01
3:14236141	3	14236141	1.399498e-01	1.151708e+01
3:14239084	3	14239084	5.232498e-01	1.162108e+01
3:14243718	3	14243718	5.426994e-01	1.162302e+01
3:14257991	3	14257991	2.037701e-01	1.139917e+01
3:14258150	3	14258150	5.426994e-01	1.162302e+01
3:14274191	3	14274191	1.038763e-01	1.110959e+01
3:14275063	3	14275063	8.611179e-02	1.112765e+01
3:14278007	3	14278007	1.038763e-01	1.110959e+01
3:14279307	3	14279307	6.287580e-02	1.039872e+01
3:14281184	3	14281184	4.699881e-01	1.156789e+01
3:14294308	3	14294308	2.208300e-01	1.140547e+01
3:14294309	3	14294309	2.208300e-01	1.140547e+01
3:14296169	3	14296169	3.856335e-01	1.161102e+01
3:14298989	3	14298989	2.915985e-01	1.134799e+01
3:14309588	3	14309588	1.618846e-01	1.068736e+01
3:14311870	3	14311870	6.154134e-01	1.160923e+01
3:14324088	3	14324088	5.806349e-02	1.083240e+01
3:14324483	3	14324483	2.208300e-01	1.140547e+01
3:14333173	3	14333173	5.426994e-01	1.162302e+01
3:14333920	3	14333920	5.426994e-01	1.162302e+01
3:14339750	3	14339750	6.286249e-03	1.036440e+01
3:14344611	3	14344611	9.606077e-02	1.071842e+01
3:14345091	3	14345091	9.606077e-02	1.071842e+01
3:14345738	3	14345738	3.386751e-01	1.129485e+01
3:14353878	3	14353878	1.832581e-02	1.003511e+01
3:14363650	3	14363650	1.086632e-03	8.988832e+00
3:14377183	3	14377183	1.467285e-01	1.034163e+01
3:14383301	3	14383301	2.208300e-01	1.140547e+01
3:14388195	3	14388195	3.164383e-01	1.154050e+01
3:14399834	3	14399834	1.050789e-01	1.265067e+01
3:14400814	3	14400814	9.606077e-02	1.071842e+01
3:14402208	3	14402208	2.742085e-01	1.140571e+01
3:14419229	3	14419229	5.426994e-01	1.162302e+01
3:14431690	3	14431690	5.426994e-01	1.162302e+01
3:14436588	3	14436588	4.160981e-04	8.830189e+00
3:14451182	3	14451182	1.629816e-01	1.006416e+01
3:14465991	3	14465991	2.656213e-01	1.134453e+01
3:14466196	3	14466196	5.426994e-01	1.162302e+01
3:14469591	3	14469591	2.938203e-01	1.134068e+01
3:14469629	3	14469629	9.606077e-02	1.071842e+01
3:14469912	3	14469912	2.045909e-01	1.110911e+01
3:14471706	3	14471706	5.990673e-02	1.033606e+01
3:14472278	3	14472278	1.832581e-02	1.003511e+01
3:14478914	3	14478914	5.990673e-02	1.033606e+01
3:14481854	3	14481854	5.426994e-01	1.162302e+01
3:14485870	3	14485870	5.426994e-01	1.162302e+01
3:14498018	3	14498018	2.208300e-01	1.140547e+01
3:14500893	3	14500893	9.178789e-02	1.078178e+01
3:14503656	3	14503656	5.860969e-01	1.167521e+01
3:14506880	3	14506880	9.606077e-02	1.071842e+01
3:14507390	3	14507390	4.648162e-01	1.168381e+01
3:14536004	3	14536004	2.208300e-01	1.140547e+01
3:14537146	3	14537146	5.217510e-01	1.161897e+01
3:14554343	3	14554343	6.323769e-01	1.175292e+01
3:14560304	3	14560304	6.116530e-01	1.154425e+01
3:14560889	3	14560889	8.014383e-02	1.045305e+01
3:14562635	3	14562635	3.113719e-01	1.151224e+01
3:14567802	3	14567802	2.208300e-01	1.140547e+01
3:14572132	3	14572132	8.531743e-01	1.165777e+01
3:14572417	3	14572417	2.208300e-01	1.140547e+01
3:14578940	3	14578940	2.208300e-01	1.140547e+01
3:14595118	3	14595118	2.208300e-01	1.140547e+01
3:14608961	3	14608961	5.990673e-02	1.033606e+01
3:14609815	3	14609815	2.208300e-01	1.140547e+01
3:14631672	3	14631672	7.708348e-01	1.166135e+01
3:14642304	3	14642304	2.979721e-01	1.141124e+01
3:14657909	3	14657909	6.983085e-02	1.033237e+01
3:14661856	3	14661856	5.722618e-01	1.152630e+01
3:14671112	3	14671112	5.990673e-02	1.033606e+01
3:14708582	3	14708582	7.700855e-01	1.169261e+01
3:14709906	3	14709906	2.208300e-01	1.140547e+01
3:14713005	3	14713005	5.990673e-02	1.033606e+01
3:14728957	3	14728957	2.915985e-01	1.134799e+01
3:14729457	3	14729457	5.426994e-01	1.162302e+01
3:14732134	3	14732134	1.075148e-01	9.988937e+00
3:14740947	3	14740947	4.277031e-03	9.485674e+00
3:14744873	3	14744873	1.864986e-01	1.132382e+01
3:14751960	3	14751960	3.045459e-01	1.116337e+01
3:14765843	3	14765843	2.277649e-01	1.126503e+01
3:14778143	3	14778143	1.511411e-03	9.502668e+00
3:14778618	3	14778618	2.208300e-01	1.140547e+01
3:14779615	3	14779615	5.920072e-03	9.511261e+00
3:14779720	3	14779720	1.300213e-01	1.102980e+01
3:14786485	3	14786485	1.300213e-01	1.102980e+01
3:14788293	3	14788293	1.864986e-01	1.132382e+01
3:14835754	3	14835754	2.208300e-01	1.140547e+01
3:14836514	3	14836514	2.187203e-01	1.129442e+01
3:14867217	3	14867217	7.910925e-01	1.173843e+01
3:14898928	3	14898928	8.342075e-01	1.173235e+01
3:14901687	3	14901687	3.788457e-01	1.134040e+01
3:14932828	3	14932828	2.981909e-01	1.136067e+01
3:14952659	3	14952659	6.210940e-01	1.153693e+01
3:14953868	3	14953868	6.217592e-01	1.147973e+01
3:14954185	3	14954185	2.553366e-01	1.125444e+01
3:14962788	3	14962788	2.981909e-01	1.136067e+01
3:14989383	3	14989383	1.314113e-01	1.069137e+01
3:14995950	3	14995950	7.432427e-01	1.173225e+01
3:14996913	3	14996913	1.864986e-01	1.132382e+01
3:14997231	3	14997231	4.239997e-01	1.143882e+01
3:15006061	3	15006061	2.553366e-01	1.125444e+01
3:15010855	3	15010855	2.548064e-01	1.152077e+01
3:15018005	3	15018005	1.864986e-01	1.132382e+01
3:15020081	3	15020081	7.432427e-01	1.173225e+01
3:15020327	3	15020327	1.937040e-01	1.128922e+01
3:15025925	3	15025925	1.864986e-01	1.132382e+01
3:15062229	3	15062229	5.426994e-01	1.162302e+01
3:15063367	3	15063367	4.239997e-01	1.143882e+01
3:15068988	3	15068988	7.432427e-01	1.173225e+01
3:15074008	3	15074008	7.500823e-01	1.173776e+01
3:15094556	3	15094556	1.864986e-01	1.132382e+01
3:15105395	3	15105395	2.571147e-01	1.120482e+01
3:15150977	3	15150977	7.032198e-01	1.176469e+01
3:15156454	3	15156454	8.639739e-01	1.177299e+01
3:15163260	3	15163260	1.864986e-01	1.132382e+01
3:15169517	3	15169517	7.322987e-01	1.173281e+01
3:15184535	3	15184535	7.483362e-02	1.060283e+01
3:15186968	3	15186968	7.432427e-01	1.173225e+01
3:15199995	3	15199995	5.331000e-01	1.167350e+01
3:15204895	3	15204895	1.314113e-01	1.069137e+01
3:15265930	3	15265930	4.567223e-02	1.060109e+01
3:15265931	3	15265931	1.173962e-01	1.036088e+01
3:15341565	3	15341565	7.997195e-01	1.173512e+01
3:15363464	3	15363464	4.567223e-02	1.060109e+01
3:15368802	3	15368802	1.864986e-01	1.132382e+01
3:15397785	3	15397785	2.524914e-02	9.230321e+00
3:15399641	3	15399641	2.857551e-01	1.141356e+01
3:15400576	3	15400576	1.694351e-01	1.079650e+01
3:15413719	3	15413719	4.500738e-01	1.191606e+01
3:15434541	3	15434541	8.958664e-01	1.171509e+01
3:15436203	3	15436203	7.432427e-01	1.173225e+01
3:15437076	3	15437076	1.530656e-03	9.177976e+00
3:15437742	3	15437742	5.858341e-01	1.128694e+01
3:15437824	3	15437824	8.696445e-01	1.161968e+01
3:15438950	3	15438950	1.864986e-01	1.132382e+01
3:15439053	3	15439053	7.432427e-01	1.173225e+01
3:15441036	3	15441036	7.500823e-01	1.173776e+01
3:15445869	3	15445869	1.864986e-01	1.132382e+01
3:15451451	3	15451451	1.864986e-01	1.132382e+01
3:15473418	3	15473418	1.864986e-01	1.132382e+01
3:15485772	3	15485772	5.202958e-02	1.063354e+01
3:15494166	3	15494166	2.565024e-01	1.130946e+01
3:15494673	3	15494673	2.303325e-01	1.150237e+01
3:15494994	3	15494994	2.553366e-01	1.125444e+01
3:15495730	3	15495730	7.432427e-01	1.173225e+01
3:15496026	3	15496026	2.553366e-01	1.125444e+01
3:15507630	3	15507630	8.521559e-01	1.171962e+01
3:15508875	3	15508875	2.555816e-01	1.131486e+01
3:15510144	3	15510144	4.239997e-01	1.143882e+01
3:15522162	3	15522162	7.257543e-01	1.172705e+01
3:15526654	3	15526654	1.864986e-01	1.132382e+01
3:15586692	3	15586692	6.974464e-01	1.177078e+01
3:15592060	3	15592060	1.399810e-01	1.104979e+01
3:15600074	3	15600074	2.193192e-01	1.129553e+01
3:15600222	3	15600222	2.553366e-01	1.125444e+01
3:15612966	3	15612966	7.432427e-01	1.173225e+01
3:15613154	3	15613154	1.937040e-01	1.128922e+01
3:15645790	3	15645790	2.117485e-01	1.135996e+01
3:15655483	3	15655483	9.154385e-01	1.171781e+01
3:15659299	3	15659299	2.389740e-01	1.143848e+01
3:15668026	3	15668026	7.432427e-01	1.173225e+01
3:15681793	3	15681793	2.161427e-01	1.133705e+01
3:15695528	3	15695528	7.257543e-01	1.172705e+01
3:15706977	3	15706977	5.426994e-01	1.162302e+01
3:15768070	3	15768070	5.426994e-01	1.162302e+01
3:15774042	3	15774042	3.403561e-01	1.123623e+01
3:15793642	3	15793642	4.048145e-01	1.166980e+01
3:15794317	3	15794317	5.426994e-01	1.162302e+01
3:15844745	3	15844745	9.001173e-01	1.174079e+01
3:15852085	3	15852085	5.526920e-02	1.060891e+01
3:15852805	3	15852805	7.432427e-01	1.173225e+01
3:15867792	3	15867792	7.432427e-01	1.173225e+01
3:15873301	3	15873301	3.352697e-01	1.141127e+01
3:15873446	3	15873446	5.419585e-01	1.185205e+01
3:15919905	3	15919905	5.426994e-01	1.162302e+01
3:15934304	3	15934304	5.583135e-01	1.163037e+01
3:15935970	3	15935970	7.257543e-01	1.172705e+01
3:15957611	3	15957611	7.993056e-02	1.088108e+01
3:15964814	3	15964814	7.257543e-01	1.172705e+01
3:15971713	3	15971713	7.257543e-01	1.172705e+01
3:15972965	3	15972965	5.966162e-02	1.067591e+01
3:15972971	3	15972971	5.426994e-01	1.162302e+01
3:15987478	3	15987478	4.748496e-01	1.162307e+01
3:16004877	3	16004877	4.289528e-01	1.183462e+01
3:16007699	3	16007699	5.710067e-01	1.162189e+01
3:16033599	3	16033599	5.966162e-02	1.067591e+01
3:16034353	3	16034353	5.426994e-01	1.162302e+01
3:16110714	3	16110714	5.583135e-01	1.163037e+01
3:16111078	3	16111078	3.352697e-01	1.141127e+01
3:16113947	3	16113947	9.292884e-02	1.106583e+01
3:16131389	3	16131389	5.426994e-01	1.162302e+01
3:16135463	3	16135463	8.809021e-01	1.160467e+01
3:16159281	3	16159281	7.179421e-01	1.173241e+01
3:16170578	3	16170578	6.980268e-01	1.177058e+01
3:16190556	3	16190556	8.825636e-02	1.106729e+01
3:16241876	3	16241876	4.799240e-01	1.165734e+01
3:16242126	3	16242126	4.987774e-01	1.165695e+01
3:16256082	3	16256082	9.195614e-01	1.175099e+01
3:16256314	3	16256314	2.555816e-01	1.131486e+01
3:16289128	3	16289128	7.432427e-01	1.173225e+01
3:16289652	3	16289652	7.910925e-01	1.173843e+01
3:16293849	3	16293849	2.555816e-01	1.131486e+01
3:16357432	3	16357432	7.432427e-01	1.173225e+01
3:16374445	3	16374445	7.432427e-01	1.173225e+01
3:16389888	3	16389888	4.456419e-01	1.161116e+01
3:16391172	3	16391172	7.432427e-01	1.173225e+01
3:16428925	3	16428925	7.432427e-01	1.173225e+01
3:16430944	3	16430944	7.257543e-01	1.172705e+01
3:16435123	3	16435123	2.094223e-01	1.139654e+01
3:16453930	3	16453930	1.253224e-01	1.117279e+01
3:16479757	3	16479757	8.545578e-01	1.172066e+01
3:16483033	3	16483033	1.249577e-01	1.082933e+01
3:16510173	3	16510173	7.858314e-01	1.169748e+01
3:16510179	3	16510179	8.540053e-01	1.173713e+01
3:16510180	3	16510180	5.159042e-01	1.184337e+01
3:16510188	3	16510188	5.307750e-01	1.183142e+01
3:16510189	3	16510189	8.540053e-01	1.173713e+01
3:16512919	3	16512919	7.990170e-02	1.100800e+01
3:16513104	3	16513104	1.427645e-01	1.102819e+01
3:16540936	3	16540936	7.432427e-01	1.173225e+01
3:16547818	3	16547818	1.919207e-01	1.137609e+01
3:16550392	3	16550392	7.432427e-01	1.173225e+01
3:16557114	3	16557114	7.673552e-01	1.173235e+01
3:16559140	3	16559140	9.342527e-01	1.172540e+01
3:16564832	3	16564832	4.456419e-01	1.161116e+01
3:16589507	3	16589507	7.309197e-01	1.175582e+01
3:16600153	3	16600153	4.639117e-01	1.166363e+01
3:16609809	3	16609809	8.978205e-01	1.171651e+01
3:16610864	3	16610864	4.639117e-01	1.166363e+01
3:16611130	3	16611130	7.634830e-01	1.170231e+01
3:16612056	3	16612056	2.700326e-03	9.904436e+00
3:16679947	3	16679947	1.273252e-01	1.075342e+01
3:16722655	3	16722655	5.577056e-01	1.162207e+01
3:16737882	3	16737882	7.560972e-01	1.168322e+01
3:16747349	3	16747349	8.194814e-01	1.171127e+01
3:16747350	3	16747350	8.194814e-01	1.171127e+01
3:16802503	3	16802503	7.552571e-01	1.168586e+01
3:16809578	3	16809578	1.863810e-01	1.104199e+01
3:16811167	3	16811167	8.012345e-01	1.170831e+01
3:16817806	3	16817806	8.194814e-01	1.171127e+01
3:16819063	3	16819063	4.937613e-01	1.167746e+01
3:16848421	3	16848421	5.577056e-01	1.162207e+01
3:16852423	3	16852423	5.438895e-01	1.172643e+01
3:16896014	3	16896014	8.194814e-01	1.171127e+01
3:16912292	3	16912292	3.445735e-01	1.123788e+01
3:16912328	3	16912328	7.257543e-01	1.172705e+01
3:16912790	3	16912790	4.639117e-01	1.166363e+01
3:16921490	3	16921490	5.494352e-02	1.140579e+01
3:16992932	3	16992932	4.719907e-01	1.161847e+01
3:17052335	3	17052335	7.700855e-01	1.169261e+01
3:17058041	3	17058041	4.639117e-01	1.166363e+01
3:17058689	3	17058689	4.639117e-01	1.166363e+01
3:17071952	3	17071952	8.035714e-01	1.170958e+01
3:17079101	3	17079101	4.639117e-01	1.166363e+01
3:17141602	3	17141602	8.012345e-01	1.170831e+01
3:17145233	3	17145233	4.639117e-01	1.166363e+01
3:17145270	3	17145270	8.194814e-01	1.171127e+01
3:17147278	3	17147278	6.845753e-01	1.167900e+01
3:17147530	3	17147530	4.611052e-01	1.164321e+01
3:17149184	3	17149184	6.053706e-01	1.164647e+01
3:17164280	3	17164280	1.306389e-01	1.130191e+01
3:17164837	3	17164837	5.331000e-01	1.167350e+01
3:17166443	3	17166443	8.194814e-01	1.171127e+01
3:17178360	3	17178360	8.012345e-01	1.170831e+01
3:17185499	3	17185499	8.194814e-01	1.171127e+01
3:17188712	3	17188712	1.240368e-01	1.106434e+01
3:17231368	3	17231368	4.639117e-01	1.166363e+01
3:17232860	3	17232860	5.723066e-01	1.161017e+01
3:17239651	3	17239651	8.194814e-01	1.171127e+01
3:17240022	3	17240022	4.639117e-01	1.166363e+01
3:17242065	3	17242065	4.399547e-01	1.168106e+01
3:17244078	3	17244078	4.639117e-01	1.166363e+01
3:17249493	3	17249493	7.331703e-01	1.177992e+01
3:17251034	3	17251034	5.322166e-01	1.161631e+01
3:17251327	3	17251327	4.639117e-01	1.166363e+01
3:17273317	3	17273317	2.700806e-01	1.143745e+01
3:17289724	3	17289724	9.993780e-01	1.174091e+01
3:17298986	3	17298986	9.997046e-01	1.174102e+01
3:17312290	3	17312290	9.927006e-01	1.174182e+01
3:17338313	3	17338313	6.679608e-01	1.174345e+01
3:17347390	3	17347390	4.639117e-01	1.166363e+01
3:17437637	3	17437637	4.652520e-01	1.167215e+01
3:17446301	3	17446301	4.527172e-01	1.169377e+01
3:17447976	3	17447976	2.470159e-01	1.147106e+01
3:17486016	3	17486016	9.780045e-01	1.174183e+01
3:17504097	3	17504097	7.257543e-01	1.172705e+01
3:17507355	3	17507355	8.911275e-01	1.170319e+01
3:17561035	3	17561035	4.639117e-01	1.166363e+01
3:17572336	3	17572336	4.639117e-01	1.166363e+01
3:17584520	3	17584520	9.993780e-01	1.174091e+01
3:17584805	3	17584805	7.651034e-01	1.171295e+01
3:17584807	3	17584807	7.257543e-01	1.172705e+01
3:17593823	3	17593823	5.217413e-01	1.168602e+01
3:17630747	3	17630747	5.217413e-01	1.168602e+01
3:17641055	3	17641055	7.290981e-01	1.169036e+01
3:17642936	3	17642936	7.257543e-01	1.172705e+01
3:17674935	3	17674935	2.781504e-01	1.120986e+01
3:17682255	3	17682255	1.679760e-02	9.269414e+00
3:17685316	3	17685316	2.781504e-01	1.120986e+01
3:17691992	3	17691992	6.256908e-02	1.084343e+01
3:17692647	3	17692647	7.290981e-01	1.169036e+01
3:17699019	3	17699019	4.680152e-01	1.156939e+01
3:17715018	3	17715018	7.257543e-01	1.172705e+01
3:17726750	3	17726750	4.680152e-01	1.156939e+01
3:17759058	3	17759058	4.791817e-01	1.157369e+01
3:17769595	3	17769595	2.422754e-01	1.149974e+01
3:17787089	3	17787089	2.422754e-01	1.149974e+01
3:17791941	3	17791941	5.217413e-01	1.168602e+01
3:17792027	3	17792027	5.217413e-01	1.168602e+01
3:17810079	3	17810079	7.590489e-01	1.175985e+01
3:17837460	3	17837460	4.894426e-01	1.158228e+01
3:17847479	3	17847479	3.191213e-01	1.133981e+01
3:17851870	3	17851870	9.993780e-01	1.174091e+01
3:17851936	3	17851936	2.790950e-01	1.139638e+01
3:17867969	3	17867969	4.638799e-01	1.133992e+01
3:17868498	3	17868498	4.791817e-01	1.157369e+01
3:17881605	3	17881605	7.806514e-01	1.168175e+01
3:17888110	3	17888110	5.763190e-01	1.171292e+01
3:17888123	3	17888123	5.827575e-01	1.170560e+01
3:17888148	3	17888148	8.198197e-01	1.174356e+01
3:17888158	3	17888158	7.794109e-01	1.179204e+01
3:17891608	3	17891608	4.527172e-01	1.169377e+01
3:17895498	3	17895498	9.704796e-02	1.115179e+01
3:17926651	3	17926651	6.493666e-01	1.139713e+01
3:17932629	3	17932629	1.609938e-01	1.104046e+01
3:17948191	3	17948191	5.702381e-01	1.164770e+01
3:17954830	3	17954830	6.024515e-01	1.179815e+01
3:17968693	3	17968693	6.287580e-02	1.039872e+01
3:17981081	3	17981081	4.699881e-01	1.156789e+01
3:17989432	3	17989432	4.699881e-01	1.156789e+01
3:18012682	3	18012682	8.834093e-02	1.111464e+01
3:18013240	3	18013240	1.759444e-03	9.383983e+00
3:18015078	3	18015078	1.881163e-02	9.201969e+00
3:18054405	3	18054405	7.674147e-02	1.122000e+01
3:18059870	3	18059870	6.287580e-02	1.039872e+01
3:18064329	3	18064329	7.142647e-02	1.108007e+01
3:18075003	3	18075003	8.834093e-02	1.111464e+01
3:18076080	3	18076080	7.387478e-02	1.095719e+01
3:18086353	3	18086353	9.869835e-02	1.102052e+01
3:18105909	3	18105909	7.387478e-02	1.095719e+01
3:18114325	3	18114325	4.864891e-01	1.161011e+01
3:18131427	3	18131427	7.387478e-02	1.095719e+01
3:18134361	3	18134361	2.477951e-01	1.143463e+01
3:18144717	3	18144717	4.864891e-01	1.161011e+01
3:18164542	3	18164542	7.400367e-01	1.170566e+01
3:18165808	3	18165808	7.387478e-02	1.095719e+01
3:18178177	3	18178177	4.864891e-01	1.161011e+01
3:18179753	3	18179753	4.864891e-01	1.161011e+01
3:18210032	3	18210032	1.659367e-01	1.115310e+01
3:18210046	3	18210046	1.671756e-01	1.116606e+01
3:18210050	3	18210050	1.671756e-01	1.116606e+01
3:18210053	3	18210053	1.659367e-01	1.115310e+01
3:18212208	3	18212208	8.834093e-02	1.111464e+01
3:18220333	3	18220333	2.087644e-01	1.145590e+01
3:18222838	3	18222838	8.589372e-02	1.115956e+01
3:18230787	3	18230787	8.834093e-02	1.111464e+01
3:18243319	3	18243319	6.287580e-02	1.039872e+01
3:18249537	3	18249537	7.387478e-02	1.095719e+01
3:18251747	3	18251747	4.517287e-01	1.162866e+01
3:18251799	3	18251799	4.699881e-01	1.156789e+01
3:18261860	3	18261860	4.606381e-01	1.118963e+01
3:18264906	3	18264906	4.680152e-01	1.156939e+01
3:18265354	3	18265354	2.813219e-01	1.129911e+01
3:18311470	3	18311470	2.199503e-01	1.142292e+01
3:18334361	3	18334361	7.387478e-02	1.095719e+01
3:18336919	3	18336919	7.290981e-01	1.169036e+01
3:18344670	3	18344670	1.974115e-01	1.136708e+01
3:18353080	3	18353080	2.156530e-01	1.133498e+01
3:18359736	3	18359736	1.371164e-01	1.080403e+01
3:18366434	3	18366434	2.732667e-01	1.121635e+01
3:18425695	3	18425695	1.974115e-01	1.136708e+01
3:18431256	3	18431256	1.974115e-01	1.136708e+01
3:18463148	3	18463148	8.303675e-02	1.097674e+01
3:18465339	3	18465339	1.974115e-01	1.136708e+01
3:18466571	3	18466571	2.907451e-01	1.141117e+01
3:18477880	3	18477880	6.416894e-02	1.099095e+01
3:18496303	3	18496303	2.445934e-01	1.120383e+01
3:18524853	3	18524853	2.182985e-01	1.151208e+01
3:18528985	3	18528985	1.974115e-01	1.136708e+01
3:18546162	3	18546162	6.493886e-02	1.098095e+01
3:18547731	3	18547731	1.974115e-01	1.136708e+01
3:18562783	3	18562783	1.974115e-01	1.136708e+01
3:18581066	3	18581066	7.337936e-01	1.168807e+01
3:18581230	3	18581230	2.781504e-01	1.120986e+01
3:18619497	3	18619497	2.010521e-01	1.122875e+01
3:18638926	3	18638926	1.398713e-01	1.089614e+01
3:18641319	3	18641319	7.387478e-02	1.095719e+01
3:18645163	3	18645163	6.288889e-01	1.179769e+01
3:18653743	3	18653743	1.931000e-01	1.119241e+01
3:18661003	3	18661003	1.931000e-01	1.119241e+01
3:18663522	3	18663522	7.387478e-02	1.095719e+01
3:18697201	3	18697201	8.303675e-02	1.097674e+01
3:18697677	3	18697677	3.998546e-03	9.891190e+00
3:18707807	3	18707807	1.931000e-01	1.119241e+01
3:18708434	3	18708434	1.931197e-01	1.115559e+01
3:18721629	3	18721629	1.931000e-01	1.119241e+01
3:18730364	3	18730364	7.387478e-02	1.095719e+01
3:18776687	3	18776687	3.463083e-01	1.145235e+01
3:18800381	3	18800381	7.387478e-02	1.095719e+01
3:18802480	3	18802480	3.998546e-03	9.891190e+00
3:18815948	3	18815948	7.387478e-02	1.095719e+01
3:18822128	3	18822128	2.010521e-01	1.122875e+01
3:18823637	3	18823637	3.692429e-02	1.037358e+01
3:18835454	3	18835454	1.931000e-01	1.119241e+01
3:18844874	3	18844874	2.801689e-01	1.139178e+01
3:18857086	3	18857086	9.462070e-01	1.173997e+01
3:18867313	3	18867313	1.931000e-01	1.119241e+01
3:18896133	3	18896133	5.602595e-01	1.121860e+01
3:18896932	3	18896932	3.715006e-01	1.167356e+01
3:18908403	3	18908403	9.462070e-01	1.173997e+01
3:18909208	3	18909208	1.931000e-01	1.119241e+01
3:18909538	3	18909538	1.931000e-01	1.119241e+01
3:18936784	3	18936784	9.462070e-01	1.173997e+01
3:18951393	3	18951393	1.931000e-01	1.119241e+01
3:18953552	3	18953552	2.004116e-01	1.115258e+01
3:18954301	3	18954301	2.732667e-01	1.121635e+01
3:18982253	3	18982253	3.836351e-01	1.144636e+01
3:18985088	3	18985088	9.462070e-01	1.173997e+01
3:18990098	3	18990098	3.836351e-01	1.144636e+01
3:18998103	3	18998103	1.408974e-01	1.120521e+01
3:19009790	3	19009790	3.793256e-01	1.141776e+01
3:19013253	3	19013253	3.789040e-01	1.142012e+01
3:19020775	3	19020775	9.624910e-01	1.171896e+01
3:19054177	3	19054177	5.336397e-01	1.157552e+01
3:19056979	3	19056979	5.426994e-01	1.162302e+01
3:19077394	3	19077394	6.206391e-01	1.163776e+01
3:19108335	3	19108335	8.316487e-01	1.139338e+01
3:19142969	3	19142969	6.409664e-01	1.165729e+01
3:19143216	3	19143216	6.079987e-01	1.154402e+01
3:19153545	3	19153545	5.582058e-01	1.171305e+01
3:19168429	3	19168429	9.462070e-01	1.173997e+01
3:19176573	3	19176573	4.090452e-01	1.146446e+01
3:19194829	3	19194829	6.936196e-01	1.164101e+01
3:19202850	3	19202850	6.612057e-01	1.168293e+01
3:19212509	3	19212509	9.989636e-01	1.174023e+01
3:19243505	3	19243505	3.224511e-01	1.137011e+01
3:19243826	3	19243826	3.349377e-01	1.092200e+01
3:19246403	3	19246403	9.462070e-01	1.173997e+01
3:19256951	3	19256951	6.398461e-01	1.166337e+01
3:19288946	3	19288946	4.045126e-01	1.160840e+01
3:19292544	3	19292544	7.281374e-01	1.165930e+01
3:19297567	3	19297567	6.105918e-01	1.153950e+01
3:19336449	3	19336449	5.336397e-01	1.157552e+01
3:19356296	3	19356296	9.462070e-01	1.173997e+01
3:19362842	3	19362842	7.714796e-01	1.169550e+01
3:19403592	3	19403592	5.336397e-01	1.157552e+01
3:19424710	3	19424710	6.217713e-01	1.167662e+01
3:19429292	3	19429292	6.582812e-01	1.159431e+01
3:19452867	3	19452867	8.235829e-01	1.174911e+01
3:19474369	3	19474369	9.983435e-01	1.174127e+01
3:19476983	3	19476983	4.841541e-01	1.166218e+01
3:19494843	3	19494843	9.796373e-01	1.174483e+01
3:19501918	3	19501918	6.010178e-01	1.161193e+01
3:19532132	3	19532132	5.336397e-01	1.157552e+01
3:19538819	3	19538819	6.507802e-01	1.161807e+01
3:19548793	3	19548793	5.479435e-01	1.155867e+01
3:19556260	3	19556260	5.248239e-01	1.159894e+01
3:19563918	3	19563918	5.336397e-01	1.157552e+01
3:19580962	3	19580962	6.024515e-01	1.179815e+01
3:19627389	3	19627389	8.132319e-01	1.175402e+01
3:19637322	3	19637322	5.229310e-01	1.160271e+01
3:19644247	3	19644247	6.328126e-01	1.176276e+01
3:19645051	3	19645051	5.336397e-01	1.157552e+01
3:19682876	3	19682876	9.702974e-02	1.118700e+01
3:19705702	3	19705702	9.702974e-02	1.118700e+01
3:19710887	3	19710887	6.002826e-01	1.161098e+01
3:19730195	3	19730195	6.515103e-01	1.187965e+01
3:19737759	3	19737759	4.841541e-01	1.166218e+01
3:19763803	3	19763803	7.271875e-01	1.179138e+01
3:19776625	3	19776625	4.029720e-01	1.177466e+01
3:19784737	3	19784737	8.232689e-01	1.165177e+01
3:19798449	3	19798449	9.702974e-02	1.118700e+01
3:19799574	3	19799574	6.002826e-01	1.161098e+01
3:19799680	3	19799680	6.002826e-01	1.161098e+01
3:19823103	3	19823103	6.002826e-01	1.161098e+01
3:19835799	3	19835799	7.550779e-01	1.177170e+01
3:19836201	3	19836201	5.611412e-01	1.163277e+01
3:19839734	3	19839734	9.702974e-02	1.118700e+01
3:19843676	3	19843676	6.002826e-01	1.161098e+01
3:19872809	3	19872809	4.088137e-01	1.168204e+01
3:19876391	3	19876391	6.002826e-01	1.161098e+01
3:19886217	3	19886217	7.877811e-01	1.172747e+01
3:19901014	3	19901014	9.702974e-02	1.118700e+01
3:19904027	3	19904027	6.002826e-01	1.161098e+01
3:19926632	3	19926632	8.132319e-01	1.175402e+01
3:19962983	3	19962983	9.702974e-02	1.118700e+01
3:19996857	3	19996857	7.805127e-01	1.176854e+01
3:20019072	3	20019072	8.132319e-01	1.175402e+01
3:20024894	3	20024894	8.132319e-01	1.175402e+01
3:20032273	3	20032273	8.132319e-01	1.175402e+01
3:20053304	3	20053304	6.680096e-01	1.169462e+01
3:20089504	3	20089504	9.435442e-02	1.124135e+01
3:20092581	3	20092581	4.699881e-01	1.156789e+01
3:20124694	3	20124694	6.002826e-01	1.161098e+01
3:20127610	3	20127610	1.291347e-01	1.104670e+01
3:20146345	3	20146345	9.083523e-02	1.121964e+01
3:20149926	3	20149926	4.699881e-01	1.156789e+01
3:20151367	3	20151367	6.086941e-01	1.180146e+01
3:20155585	3	20155585	6.701537e-01	1.169596e+01
3:20157570	3	20157570	6.002826e-01	1.161098e+01
3:20158936	3	20158936	4.225988e-01	1.169252e+01
3:20192531	3	20192531	4.088137e-01	1.168204e+01
3:20192879	3	20192879	9.548057e-01	1.172337e+01
3:20205611	3	20205611	8.132319e-01	1.175402e+01
3:20209554	3	20209554	6.315623e-01	1.176438e+01
3:20240990	3	20240990	4.088137e-01	1.168204e+01
3:20257089	3	20257089	6.002826e-01	1.161098e+01
3:20275845	3	20275845	8.132319e-01	1.175402e+01
3:20325583	3	20325583	1.128508e-01	1.114891e+01
3:20333992	3	20333992	6.002826e-01	1.161098e+01
3:20344681	3	20344681	4.088137e-01	1.168204e+01
3:20345736	3	20345736	4.161705e-01	1.167691e+01
3:20351317	3	20351317	8.132319e-01	1.175402e+01
3:20355884	3	20355884	4.088137e-01	1.168204e+01
3:20355962	3	20355962	8.132319e-01	1.175402e+01
3:20371905	3	20371905	9.702974e-02	1.118700e+01
3:20381321	3	20381321	4.523304e-01	1.175103e+01
3:20382131	3	20382131	9.548057e-01	1.172337e+01
3:20385282	3	20385282	6.002826e-01	1.161098e+01
3:20397102	3	20397102	7.366263e-01	1.178989e+01
3:20399886	3	20399886	6.024515e-01	1.179815e+01
3:20445454	3	20445454	8.132319e-01	1.175402e+01
3:20499253	3	20499253	9.462070e-01	1.173997e+01
3:20509828	3	20509828	2.756154e-02	1.051497e+01
3:20510697	3	20510697	8.200207e-01	1.176932e+01
3:20516544	3	20516544	6.002826e-01	1.161098e+01
3:20547597	3	20547597	4.761933e-02	1.081416e+01
3:20547667	3	20547667	7.859087e-02	1.102348e+01
3:20559319	3	20559319	6.002826e-01	1.161098e+01
3:20596884	3	20596884	1.022427e-02	1.017358e+01
3:20622720	3	20622720	9.303560e-01	1.174360e+01
3:20627824	3	20627824	2.459674e-02	9.570925e+00
3:20628876	3	20628876	5.331000e-01	1.167350e+01
3:20633453	3	20633453	7.791329e-01	1.169325e+01
3:20655755	3	20655755	6.425530e-01	1.141594e+01
3:20659253	3	20659253	3.479894e-01	1.149695e+01
3:20676442	3	20676442	8.756677e-01	1.174221e+01
3:20686026	3	20686026	7.359374e-01	1.174536e+01
3:20700201	3	20700201	3.666779e-01	1.141344e+01
3:20726206	3	20726206	8.291098e-01	1.162930e+01
3:20728774	3	20728774	4.533190e-01	1.140782e+01
3:20743502	3	20743502	3.865561e-01	1.139612e+01
3:20775477	3	20775477	2.099645e-04	8.533518e+00
3:20784566	3	20784566	1.899152e-03	9.337819e+00
3:20807272	3	20807272	3.666779e-01	1.141344e+01
3:20820236	3	20820236	2.099645e-04	8.533518e+00
3:20844556	3	20844556	1.390569e-01	1.092253e+01
3:20876486	3	20876486	3.666779e-01	1.141344e+01
3:20901124	3	20901124	5.604628e-01	1.155717e+01
3:20903694	3	20903694	3.666779e-01	1.141344e+01
3:20947800	3	20947800	1.366449e-01	1.019255e+01
3:20982263	3	20982263	3.766769e-01	1.143263e+01
3:21003134	3	21003134	3.666779e-01	1.141344e+01
3:21003307	3	21003307	1.024345e-01	1.068816e+01
3:21004092	3	21004092	4.243000e-01	1.090015e+01
3:21015151	3	21015151	1.850061e-01	1.068114e+01
3:21015377	3	21015377	2.621853e-03	9.162552e+00
3:21024807	3	21024807	3.666779e-01	1.141344e+01
3:21030532	3	21030532	3.293865e-01	1.149091e+01
3:21135675	3	21135675	3.422797e-01	1.131140e+01
3:21163537	3	21163537	7.029250e-01	1.167355e+01
3:21173952	3	21173952	1.766156e-02	1.014744e+01
3:21181826	3	21181826	7.029250e-01	1.167355e+01
3:21252554	3	21252554	4.388001e-01	1.131969e+01
3:21283726	3	21283726	6.002826e-01	1.161098e+01
3:21349963	3	21349963	9.672288e-04	9.202160e+00
3:21410140	3	21410140	6.246991e-01	1.163137e+01
3:21435928	3	21435928	1.924162e-01	1.104312e+01
3:21436991	3	21436991	9.672288e-04	9.202160e+00
3:21455213	3	21455213	1.924162e-01	1.104312e+01
3:21487344	3	21487344	9.268745e-01	1.173771e+01
3:21496444	3	21496444	5.688193e-03	9.869350e+00
3:21505356	3	21505356	7.929033e-01	1.168569e+01
3:21522809	3	21522809	6.471799e-01	1.162275e+01
3:21559661	3	21559661	5.688193e-03	9.869350e+00
3:21559662	3	21559662	5.688193e-03	9.869350e+00
3:21562268	3	21562268	8.756677e-01	1.174221e+01
3:21594581	3	21594581	6.246991e-01	1.163137e+01
3:21599618	3	21599618	2.867128e-01	1.117889e+01
3:21625749	3	21625749	6.246991e-01	1.163137e+01
3:21634497	3	21634497	5.808537e-03	9.855605e+00
3:21652912	3	21652912	1.318747e-02	9.629975e+00
3:21666523	3	21666523	2.718276e-01	1.102340e+01
3:21675296	3	21675296	6.246991e-01	1.163137e+01
3:21685353	3	21685353	7.853790e-03	1.000755e+01
3:21687786	3	21687786	5.872223e-03	9.865539e+00
3:21720135	3	21720135	6.246991e-01	1.163137e+01
3:21766244	3	21766244	4.749098e-01	1.166209e+01
3:21843808	3	21843808	6.933715e-01	1.173457e+01
3:21847941	3	21847941	5.299958e-04	9.003257e+00
3:21884918	3	21884918	6.246991e-01	1.163137e+01
3:21904843	3	21904843	5.747987e-01	1.159656e+01
3:21918533	3	21918533	6.246991e-01	1.163137e+01
3:21925149	3	21925149	5.331000e-01	1.167350e+01
3:21941150	3	21941150	6.246991e-01	1.163137e+01
3:21966269	3	21966269	6.246991e-01	1.163137e+01
3:21969010	3	21969010	1.412404e-01	1.091400e+01
3:21995566	3	21995566	6.246991e-01	1.163137e+01
3:21999146	3	21999146	3.327022e-01	1.145118e+01
3:22007461	3	22007461	7.695423e-01	1.168760e+01
3:22044598	3	22044598	3.253184e-01	1.138858e+01
3:22088465	3	22088465	6.246991e-01	1.163137e+01
3:22111309	3	22111309	8.424540e-01	1.179029e+01
3:22124893	3	22124893	6.933715e-01	1.173457e+01
3:22170817	3	22170817	3.545013e-03	9.714896e+00
3:22175738	3	22175738	5.375196e-01	1.168292e+01
3:22202211	3	22202211	1.412404e-01	1.091400e+01
3:22210330	3	22210330	9.462070e-01	1.173997e+01
3:22226732	3	22226732	7.497619e-01	1.161427e+01
3:22230786	3	22230786	9.653048e-01	1.174017e+01
3:22231158	3	22231158	6.409251e-01	1.169920e+01
3:22247663	3	22247663	7.758333e-01	1.161437e+01
3:22248988	3	22248988	9.462070e-01	1.173997e+01
3:22264665	3	22264665	2.341755e-02	1.032934e+01
3:22269120	3	22269120	2.341755e-02	1.032934e+01
3:22303236	3	22303236	7.873935e-01	1.166150e+01
3:22343488	3	22343488	2.617801e-02	1.037779e+01
3:22373024	3	22373024	1.851129e-01	1.113020e+01
3:22377432	3	22377432	6.322657e-01	1.158897e+01
3:22393772	3	22393772	2.756154e-02	1.051497e+01
3:22425326	3	22425326	6.322657e-01	1.158897e+01
3:22425894	3	22425894	9.462070e-01	1.173997e+01
3:22456172	3	22456172	2.354707e-02	1.030561e+01
3:22460047	3	22460047	6.440918e-03	9.911103e+00
3:22471955	3	22471955	5.426994e-01	1.162302e+01
3:22476804	3	22476804	9.462070e-01	1.173997e+01
3:22511331	3	22511331	8.085930e-03	9.849275e+00
3:22552473	3	22552473	5.426994e-01	1.162302e+01
3:22562643	3	22562643	5.426994e-01	1.162302e+01
3:22600754	3	22600754	5.426994e-01	1.162302e+01
3:22619577	3	22619577	5.572166e-01	1.161145e+01
3:22630149	3	22630149	6.322657e-01	1.158897e+01
3:22637208	3	22637208	6.689129e-01	1.166630e+01
3:22649044	3	22649044	9.117027e-01	1.175466e+01
3:22671199	3	22671199	4.886425e-01	1.151190e+01
3:22683981	3	22683981	5.583135e-01	1.163037e+01
3:22690745	3	22690745	9.670055e-01	1.174028e+01
3:22706848	3	22706848	9.462070e-01	1.173997e+01
3:22707396	3	22707396	5.426994e-01	1.162302e+01
3:22708240	3	22708240	9.462070e-01	1.173997e+01
3:22732074	3	22732074	9.393767e-01	1.175662e+01
3:22733165	3	22733165	2.949611e-03	9.350579e+00
3:22745641	3	22745641	8.093052e-01	1.168762e+01
3:22790156	3	22790156	8.688161e-01	1.175771e+01
3:22790274	3	22790274	6.972903e-01	1.177901e+01
3:22795013	3	22795013	5.426994e-01	1.162302e+01
3:22797735	3	22797735	4.886425e-01	1.151190e+01
3:22803295	3	22803295	8.889589e-01	1.174501e+01
3:22807598	3	22807598	2.949611e-03	9.350579e+00
3:22812108	3	22812108	4.838607e-02	1.034135e+01
3:22856568	3	22856568	5.426994e-01	1.162302e+01
3:22881846	3	22881846	8.983392e-01	1.174672e+01
3:22885086	3	22885086	2.949611e-03	9.350579e+00
3:22891223	3	22891223	5.426994e-01	1.162302e+01
3:22893246	3	22893246	7.853792e-01	1.167471e+01
3:22918364	3	22918364	7.853792e-01	1.167471e+01
3:22922803	3	22922803	1.459757e-02	1.018009e+01
3:22925969	3	22925969	5.705147e-01	1.159039e+01
3:22959435	3	22959435	7.853792e-01	1.167471e+01
3:22975003	3	22975003	8.046602e-01	1.167497e+01
3:22984171	3	22984171	6.521162e-01	1.170504e+01
3:23024433	3	23024433	1.135838e-02	9.925766e+00
3:23044905	3	23044905	1.138226e-02	9.896183e+00
3:23055429	3	23055429	1.093850e-02	1.003595e+01
3:23055673	3	23055673	7.853792e-01	1.167471e+01
3:23059508	3	23059508	1.020639e-02	1.025050e+01
3:23089389	3	23089389	5.426994e-01	1.162302e+01
3:23097740	3	23097740	8.889589e-01	1.174501e+01
3:23098812	3	23098812	5.022908e-02	1.013002e+01
3:23115722	3	23115722	5.673126e-02	9.844182e+00
3:23115762	3	23115762	7.853792e-01	1.167471e+01
3:23117403	3	23117403	9.115497e-03	9.954913e+00
3:23128727	3	23128727	5.426994e-01	1.162302e+01
3:23153743	3	23153743	5.426994e-01	1.162302e+01
3:23154002	3	23154002	9.462070e-01	1.173997e+01
3:23154638	3	23154638	9.462070e-01	1.173997e+01
3:23157230	3	23157230	9.462070e-01	1.173997e+01
3:23165190	3	23165190	7.853792e-01	1.167471e+01
3:23165790	3	23165790	5.426994e-01	1.162302e+01
3:23168957	3	23168957	5.426994e-01	1.162302e+01
3:23169909	3	23169909	5.426994e-01	1.162302e+01
3:23177043	3	23177043	7.853792e-01	1.167471e+01
3:23183037	3	23183037	2.039173e-02	9.932849e+00
3:23194130	3	23194130	7.853792e-01	1.167471e+01
3:23232363	3	23232363	9.592572e-01	1.174551e+01
3:23247421	3	23247421	4.368053e-01	1.140523e+01
3:23252806	3	23252806	5.426994e-01	1.162302e+01
3:23256005	3	23256005	6.903563e-01	1.169945e+01
3:23264660	3	23264660	5.426994e-01	1.162302e+01
3:23270451	3	23270451	7.853792e-01	1.167471e+01
3:23301957	3	23301957	5.572166e-01	1.161145e+01
3:23305549	3	23305549	7.853792e-01	1.167471e+01
3:23310051	3	23310051	7.853792e-01	1.167471e+01
3:23332864	3	23332864	2.949611e-03	9.350579e+00
3:23333017	3	23333017	5.143100e-01	1.134238e+01
3:23347318	3	23347318	5.636333e-01	1.159834e+01
3:23368447	3	23368447	5.426994e-01	1.162302e+01
3:23369647	3	23369647	1.138226e-02	9.896183e+00
3:23371949	3	23371949	6.073161e-03	9.165745e+00
3:23380873	3	23380873	9.462070e-01	1.173997e+01
3:23387493	3	23387493	5.426994e-01	1.162302e+01
3:23397645	3	23397645	7.610246e-01	1.176074e+01
3:23417236	3	23417236	1.440340e-03	9.112819e+00
3:23418866	3	23418866	7.853792e-01	1.167471e+01
4:1590	4	1590	8.031196e-01	1.177318e+01
4:2980	4	2980	9.139944e-01	1.163986e+01
4:4849	4	4849	4.936553e-01	1.155527e+01
4:23985	4	23985	8.790531e-01	1.175151e+01
4:25301	4	25301	3.550235e-01	1.168085e+01
4:30188	4	30188	7.006662e-01	1.167306e+01
4:48618	4	48618	1.509569e-02	1.083184e+01
4:52428	4	52428	8.790531e-01	1.175151e+01
4:63758	4	63758	7.006662e-01	1.167306e+01
4:68791	4	68791	4.026056e-01	1.143120e+01
4:75899	4	75899	3.396731e-01	1.050784e+01
4:86171	4	86171	4.936553e-01	1.155527e+01
4:96842	4	96842	7.006662e-01	1.167306e+01
4:108120	4	108120	3.846385e-01	1.156533e+01
4:115232	4	115232	7.628418e-01	1.180336e+01
4:118276	4	118276	8.857996e-01	1.172864e+01
4:122732	4	122732	8.790531e-01	1.175151e+01
4:130643	4	130643	8.790531e-01	1.175151e+01
4:131247	4	131247	3.846385e-01	1.156533e+01
4:148740	4	148740	8.790531e-01	1.175151e+01
4:155944	4	155944	3.381350e-05	2.410981e+01
4:162874	4	162874	4.885089e-01	1.162473e+01
4:181487	4	181487	4.936553e-01	1.155527e+01
4:186382	4	186382	7.132519e-01	1.169850e+01
4:188166	4	188166	3.702497e-01	1.145443e+01
4:189856	4	189856	7.556898e-01	1.167297e+01
4:214338	4	214338	8.115704e-01	1.173176e+01
4:214595	4	214595	3.846385e-01	1.156533e+01
4:215390	4	215390	1.256838e-01	1.101023e+01
4:224479	4	224479	7.556898e-01	1.167297e+01
4:234984	4	234984	2.969958e-02	1.079508e+01
4:237758	4	237758	1.588356e-02	1.055139e+01
4:241692	4	241692	7.556898e-01	1.167297e+01
4:253527	4	253527	7.841604e-01	1.175178e+01
4:261703	4	261703	7.006662e-01	1.167306e+01
4:264834	4	264834	7.556898e-01	1.167297e+01
4:269719	4	269719	7.556898e-01	1.167297e+01
4:272843	4	272843	4.936553e-01	1.155527e+01
4:280593	4	280593	3.846385e-01	1.156533e+01
4:290454	4	290454	8.198973e-01	1.185763e+01
4:291601	4	291601	7.006662e-01	1.167306e+01
4:293338	4	293338	6.929880e-01	1.173001e+01
4:301974	4	301974	4.457365e-02	1.050958e+01
4:317475	4	317475	7.006662e-01	1.167306e+01
4:323408	4	323408	7.556898e-01	1.167297e+01
4:325260	4	325260	5.584047e-01	1.169897e+01
4:328271	4	328271	7.810968e-01	1.171385e+01
4:364175	4	364175	8.015720e-01	1.167923e+01
4:382692	4	382692	3.846385e-01	1.156533e+01
4:415835	4	415835	7.006662e-01	1.167306e+01
4:422357	4	422357	7.556898e-01	1.167297e+01
4:430712	4	430712	1.256838e-01	1.101023e+01
4:433768	4	433768	4.620858e-01	1.153413e+01
4:456415	4	456415	5.242111e-01	1.172014e+01
4:465273	4	465273	4.620858e-01	1.153413e+01
4:475822	4	475822	6.881557e-01	1.170128e+01
4:481456	4	481456	5.624956e-01	1.164125e+01
4:496983	4	496983	4.620858e-01	1.153413e+01
4:521506	4	521506	5.609632e-01	1.155406e+01
4:523730	4	523730	5.971825e-01	1.162890e+01
4:524323	4	524323	6.562274e-01	1.163633e+01
4:552139	4	552139	4.701660e-01	1.150140e+01
4:552140	4	552140	4.555339e-01	1.151966e+01
4:555446	4	555446	4.931642e-01	1.155287e+01
4:566842	4	566842	6.795359e-01	1.164289e+01
4:569541	4	569541	1.812291e-01	1.121440e+01
4:579040	4	579040	6.562274e-01	1.163633e+01
4:597595	4	597595	6.562274e-01	1.163633e+01
4:602992	4	602992	4.555339e-01	1.151966e+01
4:629440	4	629440	5.463868e-01	1.178670e+01
4:671331	4	671331	4.555339e-01	1.151966e+01
4:673842	4	673842	8.842384e-01	1.174065e+01
4:695767	4	695767	1.305115e-01	1.056640e+01
4:704546	4	704546	4.808328e-01	1.145791e+01
4:704655	4	704655	8.842384e-01	1.174065e+01
4:746126	4	746126	4.187280e-01	1.139483e+01
4:747497	4	747497	8.842384e-01	1.174065e+01
4:775886	4	775886	4.808328e-01	1.145791e+01
4:776818	4	776818	5.802564e-01	1.163748e+01
4:779855	4	779855	6.362732e-01	1.158331e+01
4:786977	4	786977	9.053843e-01	1.174062e+01
4:801589	4	801589	8.842384e-01	1.174065e+01
4:808280	4	808280	2.879257e-03	9.301478e+00
4:809140	4	809140	9.703575e-01	1.173731e+01
4:811240	4	811240	8.842384e-01	1.174065e+01
4:846209	4	846209	8.842384e-01	1.174065e+01
4:848879	4	848879	8.842384e-01	1.174065e+01
4:856143	4	856143	6.107234e-01	1.167209e+01
4:862995	4	862995	8.842384e-01	1.174065e+01
4:872069	4	872069	9.339119e-03	9.983876e+00
4:889987	4	889987	3.837850e-01	1.120090e+01
4:904588	4	904588	6.803388e-01	1.165847e+01
4:923378	4	923378	8.496583e-01	1.172968e+01
4:937543	4	937543	6.011669e-01	1.163663e+01
4:941772	4	941772	9.289327e-01	1.175666e+01
4:951908	4	951908	6.803388e-01	1.165847e+01
4:952831	4	952831	6.885540e-01	1.139261e+01
4:977158	4	977158	6.011669e-01	1.163663e+01
4:985866	4	985866	6.011669e-01	1.163663e+01
4:988957	4	988957	8.591147e-01	1.170243e+01
4:989385	4	989385	1.760294e-02	1.014549e+01
4:994532	4	994532	8.842384e-01	1.174065e+01
4:996357	4	996357	8.842384e-01	1.174065e+01
4:997790	4	997790	9.915634e-01	1.174158e+01
4:999386	4	999386	8.173767e-01	1.178519e+01
4:1003398	4	1003398	7.205828e-01	1.171259e+01
4:1007132	4	1007132	8.173767e-01	1.178519e+01
4:1013326	4	1013326	3.614230e-02	1.034053e+01
4:1016551	4	1016551	6.803388e-01	1.165847e+01
4:1024167	4	1024167	5.820904e-01	1.219011e+01
4:1026338	4	1026338	5.033192e-01	1.176605e+01
4:1026339	4	1026339	8.173767e-01	1.178519e+01
4:1052034	4	1052034	1.256838e-01	1.101023e+01
4:1060042	4	1060042	7.511636e-01	1.175797e+01
4:1064780	4	1064780	4.877778e-01	1.159800e+01
4:1065538	4	1065538	6.803388e-01	1.165847e+01
4:1075757	4	1075757	6.597640e-01	1.166609e+01
4:1082295	4	1082295	7.511636e-01	1.175797e+01
4:1084838	4	1084838	4.877778e-01	1.159800e+01
4:1089196	4	1089196	6.803388e-01	1.165847e+01
4:1091711	4	1091711	8.173767e-01	1.178519e+01
4:1093003	4	1093003	6.011669e-01	1.163663e+01
4:1101295	4	1101295	8.468254e-01	1.177862e+01
4:1101296	4	1101296	8.173767e-01	1.178519e+01
4:1103452	4	1103452	6.803388e-01	1.165847e+01
4:1107325	4	1107325	6.925678e-01	1.175468e+01
4:1108327	4	1108327	4.367628e-01	1.122483e+01
4:1112498	4	1112498	6.011669e-01	1.163663e+01
4:1122923	4	1122923	6.011669e-01	1.163663e+01
4:1152745	4	1152745	8.173767e-01	1.178519e+01
4:1162450	4	1162450	4.666740e-01	1.140241e+01
4:1167690	4	1167690	6.803388e-01	1.165847e+01
4:1187060	4	1187060	4.666740e-01	1.140241e+01
4:1191944	4	1191944	5.687079e-01	1.158003e+01
4:1194164	4	1194164	6.211030e-01	1.166088e+01
4:1197902	4	1197902	5.208392e-01	1.145934e+01
4:1210882	4	1210882	6.211030e-01	1.166088e+01
4:1214410	4	1214410	6.211030e-01	1.166088e+01
4:1223765	4	1223765	6.202312e-01	1.161761e+01
4:1246716	4	1246716	9.339119e-03	9.983876e+00
4:1255626	4	1255626	6.211030e-01	1.166088e+01
4:1277958	4	1277958	5.687079e-01	1.158003e+01
4:1285863	4	1285863	6.211030e-01	1.166088e+01
4:1325638	4	1325638	8.009660e-01	1.179885e+01
4:1337037	4	1337037	6.211030e-01	1.166088e+01
4:1337948	4	1337948	6.647695e-01	1.158891e+01
4:1355830	4	1355830	6.211030e-01	1.166088e+01
4:1379335	4	1379335	7.523474e-01	1.162242e+01
4:1381902	4	1381902	9.627511e-01	1.173966e+01
4:1387853	4	1387853	4.666740e-01	1.140241e+01
4:1398198	4	1398198	8.886835e-01	1.173630e+01
4:1401722	4	1401722	8.686995e-01	1.164323e+01
4:1411752	4	1411752	2.568337e-02	1.045715e+01
4:1415247	4	1415247	6.819672e-01	1.162578e+01
4:1419959	4	1419959	3.772244e-01	1.155091e+01
4:1433299	4	1433299	8.955650e-01	1.174047e+01
4:1462233	4	1462233	9.627511e-01	1.173966e+01
4:1478290	4	1478290	9.627511e-01	1.173966e+01
4:1479228	4	1479228	5.687079e-01	1.158003e+01
4:1507340	4	1507340	6.295473e-01	1.141541e+01
4:1517012	4	1517012	5.687079e-01	1.158003e+01
4:1557830	4	1557830	8.173767e-01	1.178519e+01
4:1565087	4	1565087	9.627511e-01	1.173966e+01
4:1586523	4	1586523	8.173767e-01	1.178519e+01
4:1589390	4	1589390	6.211030e-01	1.166088e+01
4:1596819	4	1596819	9.627511e-01	1.173966e+01
4:1601153	4	1601153	3.225510e-03	9.539055e+00
4:1602777	4	1602777	3.440037e-01	1.137040e+01
4:1603729	4	1603729	9.627511e-01	1.173966e+01
4:1613556	4	1613556	5.687079e-01	1.158003e+01
4:1615803	4	1615803	8.886919e-01	1.172152e+01
4:1615829	4	1615829	6.917661e-01	1.175448e+01
4:1624602	4	1624602	8.886919e-01	1.172152e+01
4:1642067	4	1642067	5.687079e-01	1.158003e+01
4:1642880	4	1642880	8.886919e-01	1.172152e+01
4:1649181	4	1649181	2.108139e-01	1.121748e+01
4:1657866	4	1657866	5.163158e-01	1.216828e+01
4:1658091	4	1658091	3.978484e-04	8.224791e+00
4:1673522	4	1673522	1.721862e-01	1.128903e+01
4:1759184	4	1759184	2.108139e-01	1.121748e+01
4:1759202	4	1759202	7.441327e-01	1.164737e+01
4:1794883	4	1794883	8.886919e-01	1.172152e+01
4:1817995	4	1817995	1.856758e-01	1.124733e+01
4:1821104	4	1821104	4.600357e-04	9.168985e+00
4:1830461	4	1830461	1.856758e-01	1.124733e+01
4:1833314	4	1833314	5.687079e-01	1.158003e+01
4:1866064	4	1866064	1.856758e-01	1.124733e+01
4:1873473	4	1873473	1.856758e-01	1.124733e+01
4:1915681	4	1915681	1.856758e-01	1.124733e+01
4:1931223	4	1931223	4.600357e-04	9.168985e+00
4:1990065	4	1990065	1.825194e-02	9.370434e+00
4:2013610	4	2013610	1.856758e-01	1.124733e+01
4:2014405	4	2014405	6.024515e-01	1.179815e+01
4:2020093	4	2020093	6.196394e-02	1.089824e+01
4:2040138	4	2040138	5.687079e-01	1.158003e+01
4:2051578	4	2051578	1.275859e-01	1.085238e+01
4:2070251	4	2070251	7.141328e-01	1.168104e+01
4:2075795	4	2075795	1.856758e-01	1.124733e+01
4:2076082	4	2076082	8.886919e-01	1.172152e+01
4:2076308	4	2076308	5.360113e-02	1.082326e+01
4:2076618	4	2076618	1.216467e-01	1.076169e+01
4:2077073	4	2077073	8.736631e-01	1.171746e+01
4:2080339	4	2080339	7.441327e-01	1.164737e+01
4:2084731	4	2084731	5.687079e-01	1.158003e+01
4:2095661	4	2095661	1.825194e-02	9.370434e+00
4:2104442	4	2104442	5.687079e-01	1.158003e+01
4:2127461	4	2127461	1.216467e-01	1.076169e+01
4:2172123	4	2172123	1.901477e-01	1.122191e+01
4:2174051	4	2174051	4.936553e-01	1.155527e+01
4:2190818	4	2190818	4.600357e-04	9.168985e+00
4:2191752	4	2191752	2.030539e-01	1.080016e+01
4:2207927	4	2207927	5.621473e-01	1.179934e+01
4:2222451	4	2222451	8.886919e-01	1.172152e+01
4:2229507	4	2229507	5.687079e-01	1.158003e+01
4:2246656	4	2246656	1.901007e-01	1.123431e+01
4:2254665	4	2254665	1.596031e-03	8.154970e+00
4:2255028	4	2255028	6.566141e-01	1.176493e+01
4:2284514	4	2284514	4.957109e-02	1.011968e+01
4:2297120	4	2297120	5.687079e-01	1.158003e+01
4:2313088	4	2313088	5.092708e-01	1.165544e+01
4:2320887	4	2320887	1.856758e-01	1.124733e+01
4:2325898	4	2325898	5.687079e-01	1.158003e+01
4:2332928	4	2332928	5.687079e-01	1.158003e+01
4:2343142	4	2343142	5.707036e-01	1.158839e+01
4:2345000	4	2345000	1.903032e-01	1.125590e+01
4:2347430	4	2347430	1.771750e-01	1.123076e+01
4:2355117	4	2355117	1.856758e-01	1.124733e+01
4:2365753	4	2365753	5.687079e-01	1.158003e+01
4:2381246	4	2381246	5.687079e-01	1.158003e+01
4:2381510	4	2381510	5.687079e-01	1.158003e+01
4:2399659	4	2399659	8.886919e-01	1.172152e+01
4:2416059	4	2416059	9.617054e-01	1.173261e+01
4:2421141	4	2421141	5.687079e-01	1.158003e+01
4:2423663	4	2423663	6.760274e-04	9.443192e+00
4:2427298	4	2427298	4.600357e-04	9.168985e+00
4:2471422	4	2471422	5.687079e-01	1.158003e+01
4:2508682	4	2508682	9.877009e-02	1.057151e+01
4:2567220	4	2567220	4.461085e-01	1.162529e+01
4:2573069	4	2573069	4.136570e-01	1.138532e+01
4:2620142	4	2620142	4.401520e-01	1.138795e+01
4:2654333	4	2654333	5.989179e-01	1.180723e+01
4:2668084	4	2668084	3.626622e-01	1.129525e+01
4:2683725	4	2683725	3.440037e-01	1.137040e+01
4:2696711	4	2696711	5.426994e-01	1.162302e+01
4:2724626	4	2724626	3.374912e-01	1.122184e+01
4:2725653	4	2725653	8.173767e-01	1.178519e+01
4:2734123	4	2734123	3.395717e-01	1.147420e+01
4:2735835	4	2735835	8.129157e-01	1.177277e+01
4:2736641	4	2736641	3.146703e-03	9.054810e+00
4:2745366	4	2745366	2.955739e-01	1.115952e+01
4:2755813	4	2755813	9.553963e-01	1.174014e+01
4:2760489	4	2760489	9.627511e-01	1.173966e+01
4:2767082	4	2767082	3.440037e-01	1.137040e+01
4:2785302	4	2785302	2.163627e-01	1.119740e+01
4:2819834	4	2819834	1.216467e-01	1.076169e+01
4:2856840	4	2856840	1.658458e-01	1.131257e+01
4:2857373	4	2857373	1.856758e-01	1.124733e+01
4:2858453	4	2858453	6.647695e-01	1.158891e+01
4:2882186	4	2882186	1.856758e-01	1.124733e+01
4:2902133	4	2902133	2.041525e-01	1.119610e+01
4:2905464	4	2905464	1.990768e-01	1.122310e+01
4:2907578	4	2907578	1.856758e-01	1.124733e+01
4:2909073	4	2909073	5.859212e-01	1.157559e+01
4:2909999	4	2909999	8.886919e-01	1.172152e+01
4:2913041	4	2913041	4.715635e-01	1.163225e+01
4:2965820	4	2965820	1.717102e-01	1.125797e+01
4:2976202	4	2976202	1.185510e-02	9.496869e+00
4:2983246	4	2983246	1.992184e-01	1.127115e+01
4:2985830	4	2985830	1.721241e-01	1.121386e+01
4:2986501	4	2986501	1.549111e-01	1.129375e+01
4:2986885	4	2986885	1.517789e-01	1.096036e+01
4:2988128	4	2988128	1.689416e-01	1.104824e+01
4:3002551	4	3002551	1.233791e-01	1.080123e+01
4:3004630	4	3004630	2.778212e-01	1.156180e+01
4:3031092	4	3031092	9.796346e-01	1.174810e+01
4:3033398	4	3033398	5.687079e-01	1.158003e+01
4:3041121	4	3041121	1.456090e-01	1.090755e+01
4:3142626	4	3142626	5.687079e-01	1.158003e+01
4:3144568	4	3144568	2.071418e-01	1.122764e+01
4:3170825	4	3170825	1.856758e-01	1.124733e+01
4:3266593	4	3266593	4.423494e-01	1.160071e+01
4:3267008	4	3267008	8.886919e-01	1.172152e+01
4:3271950	4	3271950	1.856758e-01	1.124733e+01
4:3287696	4	3287696	1.233791e-01	1.080123e+01
4:3288736	4	3288736	1.938123e-04	8.114101e+00
4:3302054	4	3302054	1.387423e-04	9.041054e+00
4:3303816	4	3303816	7.881909e-01	1.170725e+01
4:3303818	4	3303818	7.881909e-01	1.170725e+01
4:3303827	4	3303827	8.886919e-01	1.172152e+01
4:3307964	4	3307964	5.687079e-01	1.158003e+01
4:3310348	4	3310348	8.486346e-01	1.171548e+01
4:3318725	4	3318725	8.886919e-01	1.172152e+01
4:3319985	4	3319985	8.886919e-01	1.172152e+01
4:3322485	4	3322485	5.030195e-01	1.160761e+01
4:3322700	4	3322700	5.687079e-01	1.158003e+01
4:3325892	4	3325892	3.063017e-01	1.187804e+01
4:3331694	4	3331694	7.410074e-01	1.192008e+01
4:3344046	4	3344046	4.725580e-01	1.162241e+01
4:3349761	4	3349761	1.763230e-01	1.127924e+01
4:3354447	4	3354447	8.027152e-01	1.170029e+01
4:3357352	4	3357352	8.700632e-01	1.173107e+01
4:3382598	4	3382598	1.856758e-01	1.124733e+01
4:3390948	4	3390948	1.856758e-01	1.124733e+01
4:3393795	4	3393795	7.080483e-01	1.174414e+01
4:3400005	4	3400005	9.374568e-01	1.173177e+01
4:3408185	4	3408185	5.687079e-01	1.158003e+01
4:3420395	4	3420395	8.886919e-01	1.172152e+01
4:3440410	4	3440410	1.233791e-01	1.080123e+01
4:3445426	4	3445426	1.856758e-01	1.124733e+01
4:3473378	4	3473378	8.886919e-01	1.172152e+01
4:3475079	4	3475079	1.781937e-01	1.126013e+01
4:3477977	4	3477977	8.486346e-01	1.171548e+01
4:3477978	4	3477978	8.486346e-01	1.171548e+01
4:3482957	4	3482957	8.886919e-01	1.172152e+01
4:3501437	4	3501437	2.637271e-01	1.097808e+01
4:3503976	4	3503976	1.938123e-04	8.114101e+00
4:3515331	4	3515331	6.647695e-01	1.158891e+01
4:3519710	4	3519710	5.687079e-01	1.158003e+01
4:3519954	4	3519954	1.856758e-01	1.124733e+01
4:3638535	4	3638535	8.886919e-01	1.172152e+01
4:3642630	4	3642630	1.856758e-01	1.124733e+01
4:3642849	4	3642849	1.856758e-01	1.124733e+01
4:3655031	4	3655031	1.856758e-01	1.124733e+01
4:3656826	4	3656826	1.856758e-01	1.124733e+01
4:3657267	4	3657267	1.856758e-01	1.124733e+01
4:3659950	4	3659950	1.856758e-01	1.124733e+01
4:3663206	4	3663206	9.134918e-01	1.172686e+01
4:3668411	4	3668411	6.647695e-01	1.158891e+01
4:3668538	4	3668538	1.856758e-01	1.124733e+01
4:3670092	4	3670092	9.669225e-01	1.173802e+01
4:3674503	4	3674503	2.492139e-02	9.667436e+00
4:3710517	4	3710517	1.856758e-01	1.124733e+01
4:3714045	4	3714045	7.215048e-01	1.115776e+01
4:3716978	4	3716978	5.687079e-01	1.158003e+01
4:3723469	4	3723469	9.679332e-01	1.171528e+01
4:3726986	4	3726986	2.108139e-01	1.121748e+01
4:3769103	4	3769103	5.687079e-01	1.158003e+01
4:3770449	4	3770449	2.071944e-01	1.122945e+01
4:3773177	4	3773177	8.886919e-01	1.172152e+01
4:3776645	4	3776645	1.233791e-01	1.080123e+01
4:3777441	4	3777441	8.389123e-01	1.178952e+01
4:3781782	4	3781782	8.886919e-01	1.172152e+01
4:3785783	4	3785783	1.856758e-01	1.124733e+01
4:3797390	4	3797390	1.856758e-01	1.124733e+01
4:3800680	4	3800680	1.265338e-01	1.087913e+01
4:3806227	4	3806227	1.233791e-01	1.080123e+01
4:3807398	4	3807398	2.155172e-01	1.119573e+01
4:3807463	4	3807463	1.233791e-01	1.080123e+01
4:3808490	4	3808490	5.687079e-01	1.158003e+01
4:3810909	4	3810909	6.702998e-01	1.176954e+01
4:3812593	4	3812593	5.687079e-01	1.158003e+01
4:3814641	4	3814641	5.687079e-01	1.158003e+01
4:3816298	4	3816298	1.441320e-01	1.084679e+01
4:3822953	4	3822953	1.240578e-01	1.252020e+01
4:3826155	4	3826155	6.587175e-01	1.164564e+01
4:3830369	4	3830369	8.886919e-01	1.172152e+01
4:3833022	4	3833022	7.080483e-01	1.174414e+01
4:3834068	4	3834068	5.687079e-01	1.158003e+01
4:3837235	4	3837235	8.633447e-02	1.101808e+01
4:3858611	4	3858611	2.658945e-01	1.112823e+01
4:3858722	4	3858722	8.886919e-01	1.172152e+01
4:3858777	4	3858777	2.022597e-01	1.119447e+01
4:3859230	4	3859230	3.471655e-01	1.104616e+01
4:3860556	4	3860556	8.633447e-02	1.101808e+01
4:3861737	4	3861737	9.332132e-01	1.173941e+01
4:3863060	4	3863060	8.886919e-01	1.172152e+01
4:3879112	4	3879112	1.233791e-01	1.080123e+01
4:3879789	4	3879789	5.687079e-01	1.158003e+01
4:3880779	4	3880779	1.233791e-01	1.080123e+01
4:3889221	4	3889221	1.856758e-01	1.124733e+01
4:3905164	4	3905164	4.780537e-07	1.184374e+01
4:3913884	4	3913884	1.573028e-01	1.084743e+01
4:3919721	4	3919721	4.412104e-04	9.168784e+00
4:3930576	4	3930576	4.613597e-01	1.156144e+01
4:3936052	4	3936052	8.728309e-01	1.176377e+01
4:4015808	4	4015808	1.918644e-02	9.460548e+00
4:4047814	4	4047814	4.565836e-01	1.170848e+01
4:4052151	4	4052151	8.886919e-01	1.172152e+01
4:4052152	4	4052152	8.886919e-01	1.172152e+01
4:4078214	4	4078214	2.456108e-04	8.278559e+00
4:4084842	4	4084842	1.938123e-04	8.114101e+00
4:4104368	4	4104368	4.600357e-04	9.168985e+00
4:4105938	4	4105938	5.822796e-01	1.153500e+01
4:4111249	4	4111249	6.252538e-01	1.198981e+01
4:4117187	4	4117187	5.822796e-01	1.153500e+01
4:4123770	4	4123770	5.822796e-01	1.153500e+01
4:4127011	4	4127011	8.886919e-01	1.172152e+01
4:4127907	4	4127907	5.822796e-01	1.153500e+01
4:4131692	4	4131692	5.426994e-01	1.162302e+01
4:4151641	4	4151641	9.134918e-01	1.172686e+01
4:4166489	4	4166489	6.024515e-01	1.179815e+01
4:4187324	4	4187324	4.600357e-04	9.168985e+00
4:4190568	4	4190568	4.124674e-01	1.155329e+01
4:4192745	4	4192745	5.477146e-01	1.169965e+01
4:4192753	4	4192753	5.477146e-01	1.169965e+01
4:4192756	4	4192756	5.477146e-01	1.169965e+01
4:4198228	4	4198228	5.376752e-01	1.156062e+01
4:4603835	4	4603835	8.728309e-01	1.176377e+01
4:4803037	4	4803037	8.886919e-01	1.172152e+01
4:4844050	4	4844050	3.180220e-03	9.221190e+00
4:4846840	4	4846840	1.938123e-04	8.114101e+00
4:4865245	4	4865245	1.233791e-01	1.080123e+01
4:4865975	4	4865975	4.465057e-01	1.153967e+01
4:4869082	4	4869082	6.770867e-02	1.098479e+01
4:4872828	4	4872828	8.886919e-01	1.172152e+01
4:4914922	4	4914922	5.822796e-01	1.153500e+01
4:4933535	4	4933535	1.233791e-01	1.080123e+01
4:4944276	4	4944276	5.822796e-01	1.153500e+01
4:5140694	4	5140694	6.770867e-02	1.098479e+01
4:5153453	4	5153453	4.408684e-02	9.050756e+00
4:5153798	4	5153798	7.752897e-01	1.161068e+01
4:5159006	4	5159006	2.632210e-02	1.032114e+01
4:5180808	4	5180808	4.509658e-01	1.157513e+01
4:5182021	4	5182021	6.862757e-01	1.156042e+01
4:5194567	4	5194567	2.498147e-01	1.130763e+01
4:5224185	4	5224185	5.982377e-01	1.154543e+01
4:5224783	4	5224783	1.186122e-02	1.269373e+01
4:5252331	4	5252331	9.617054e-01	1.173261e+01
4:5265734	4	5265734	2.292799e-01	1.087831e+01
4:5271660	4	5271660	4.394477e-01	1.152527e+01
4:5285845	4	5285845	7.997001e-01	1.187670e+01
4:5287114	4	5287114	8.671350e-01	1.170675e+01
4:5287870	4	5287870	2.606025e-01	1.123961e+01
4:5290914	4	5290914	2.727960e-01	1.130727e+01
4:5294917	4	5294917	3.291985e-03	9.925954e+00
4:5313300	4	5313300	8.431935e-02	1.095523e+01
4:5320839	4	5320839	8.140122e-01	1.171695e+01
4:5359266	4	5359266	8.886919e-01	1.172152e+01
4:5361420	4	5361420	8.886919e-01	1.172152e+01
4:5368786	4	5368786	7.025895e-01	1.173274e+01
4:5407851	4	5407851	8.886919e-01	1.172152e+01
4:5437706	4	5437706	6.770867e-02	1.098479e+01
4:5439405	4	5439405	4.202375e-01	1.130361e+01
4:5452399	4	5452399	8.886919e-01	1.172152e+01
4:5452779	4	5452779	8.886919e-01	1.172152e+01
4:5454132	4	5454132	8.888201e-01	1.171394e+01
4:5455509	4	5455509	9.763964e-03	1.024341e+01
4:5466966	4	5466966	3.132129e-01	1.146461e+01
4:5467131	4	5467131	6.782788e-01	1.173874e+01
4:5473401	4	5473401	2.995594e-01	1.129385e+01
4:5474140	4	5474140	8.671350e-01	1.170675e+01
4:5474891	4	5474891	9.346780e-01	1.172743e+01
4:5475273	4	5475273	9.271090e-02	1.096247e+01
4:5480274	4	5480274	8.886919e-01	1.172152e+01
4:5480449	4	5480449	8.886919e-01	1.172152e+01
4:5517270	4	5517270	7.106640e-01	1.170577e+01
4:5519975	4	5519975	8.886919e-01	1.172152e+01
4:5520094	4	5520094	9.063491e-01	1.171479e+01
4:5524317	4	5524317	5.982127e-01	1.182001e+01
4:5527538	4	5527538	1.514690e-03	9.064954e+00
4:5528809	4	5528809	2.476468e-01	1.118468e+01
4:5537312	4	5537312	8.671350e-01	1.170675e+01
4:5551741	4	5551741	6.770867e-02	1.098479e+01
4:5555467	4	5555467	9.711321e-01	1.174215e+01
4:5565268	4	5565268	2.606025e-01	1.123961e+01
4:5581376	4	5581376	8.886919e-01	1.172152e+01
4:5595057	4	5595057	8.671350e-01	1.170675e+01
4:5596627	4	5596627	2.606025e-01	1.123961e+01
4:5596701	4	5596701	8.886919e-01	1.172152e+01
4:5596881	4	5596881	8.671350e-01	1.170675e+01
4:5597007	4	5597007	4.997616e-01	1.168521e+01
4:5620708	4	5620708	2.606025e-01	1.123961e+01
4:5642290	4	5642290	9.134918e-01	1.172686e+01
4:5650465	4	5650465	5.426994e-01	1.162302e+01
4:5650466	4	5650466	5.426994e-01	1.162302e+01
4:5670921	4	5670921	7.083421e-01	1.175023e+01
4:5711742	4	5711742	8.886919e-01	1.172152e+01
4:5738240	4	5738240	6.127171e-02	1.023871e+01
4:5751514	4	5751514	8.046997e-01	1.171150e+01
4:5757463	4	5757463	6.738478e-01	1.171482e+01
4:5758915	4	5758915	8.671350e-01	1.170675e+01
4:5761227	4	5761227	8.749286e-04	8.282916e+00
4:5765657	4	5765657	6.782012e-01	1.176219e+01
4:5794082	4	5794082	8.115663e-01	1.168383e+01
4:5821314	4	5821314	1.840081e-01	1.104134e+01
4:5828121	4	5828121	7.308520e-01	1.171557e+01
4:5834934	4	5834934	6.770867e-02	1.098479e+01
4:5845108	4	5845108	8.193500e-01	1.169760e+01
4:5846476	4	5846476	9.711321e-01	1.174215e+01
4:6012757	4	6012757	4.618715e-01	1.144692e+01
4:6028375	4	6028375	4.108129e-04	8.453728e+00
4:6031123	4	6031123	4.509854e-01	1.170853e+01
4:6033489	4	6033489	3.229839e-01	1.133947e+01
4:6036652	4	6036652	4.294857e-01	1.159973e+01
4:6094300	4	6094300	1.686283e-03	9.280988e+00
4:6120811	4	6120811	1.696071e-01	1.136754e+01
4:6137806	4	6137806	4.600357e-04	9.168985e+00
4:6143445	4	6143445	5.500083e-01	1.153784e+01
4:6151082	4	6151082	1.696071e-01	1.136754e+01
4:6162413	4	6162413	5.314911e-01	1.165473e+01
4:6185780	4	6185780	1.645732e-01	1.130854e+01
4:6186705	4	6186705	2.265342e-03	9.355684e+00
4:6189908	4	6189908	1.696071e-01	1.136754e+01
4:6203897	4	6203897	1.696071e-01	1.136754e+01
4:6207197	4	6207197	2.121137e-04	8.206288e+00
4:6207198	4	6207198	2.121137e-04	8.206288e+00
4:6207995	4	6207995	1.645732e-01	1.130854e+01
4:6210071	4	6210071	2.904411e-01	1.120128e+01
4:6210134	4	6210134	6.082321e-04	9.314593e+00
4:6226759	4	6226759	2.099897e-02	9.541891e+00
4:6233278	4	6233278	5.693702e-01	1.146018e+01
4:6267055	4	6267055	6.026550e-01	1.155848e+01
4:6303139	4	6303139	1.755676e-01	1.132189e+01
4:6303887	4	6303887	2.658911e-01	1.124488e+01
4:6308937	4	6308937	6.026550e-01	1.155848e+01
4:6312255	4	6312255	1.641779e-01	1.130084e+01
4:6312412	4	6312412	5.068703e-01	1.116001e+01
4:6334743	4	6334743	1.226434e-01	1.094656e+01
4:6364223	4	6364223	6.024515e-01	1.179815e+01
4:6407149	4	6407149	7.019986e-01	1.163696e+01
4:6433125	4	6433125	2.048162e-01	1.125762e+01
4:6455919	4	6455919	1.059361e-03	8.981145e+00
4:6464095	4	6464095	1.922975e-01	1.128479e+01
4:6497406	4	6497406	4.568560e-02	8.623448e+00
4:6512960	4	6512960	9.887819e-02	1.057548e+01
4:6518234	4	6518234	9.887819e-02	1.057548e+01
4:6519798	4	6519798	3.047188e-01	1.165833e+01
4:6546013	4	6546013	4.944195e-01	1.155036e+01
4:6546143	4	6546143	4.566312e-01	1.147845e+01
4:6576074	4	6576074	9.132205e-01	1.172450e+01
4:6576971	4	6576971	5.083149e-01	1.153718e+01
4:6593413	4	6593413	1.922975e-01	1.128479e+01
4:6616893	4	6616893	1.922975e-01	1.128479e+01
4:6670594	4	6670594	4.319058e-01	1.152991e+01
4:6683261	4	6683261	4.319058e-01	1.152991e+01
4:6685132	4	6685132	2.462839e-01	1.125268e+01
4:6693407	4	6693407	5.197270e-01	1.152742e+01
4:6703039	4	6703039	3.828613e-02	1.135585e+01
4:6711553	4	6711553	1.922975e-01	1.128479e+01
4:6723820	4	6723820	7.428178e-01	1.171273e+01
4:6737477	4	6737477	1.922975e-01	1.128479e+01
4:6749152	4	6749152	1.922975e-01	1.128479e+01
4:6756428	4	6756428	6.978923e-01	1.174428e+01
4:6767484	4	6767484	7.871004e-01	1.168792e+01
4:6772289	4	6772289	6.488307e-01	1.175771e+01
4:6787717	4	6787717	9.327832e-02	1.117262e+01
4:6801755	4	6801755	6.488307e-01	1.175771e+01
4:6802480	4	6802480	8.078329e-02	1.108447e+01
4:6841826	4	6841826	8.213574e-01	1.174534e+01
4:6847791	4	6847791	4.212564e-02	1.055968e+01
4:6859549	4	6859549	3.362231e-01	1.132366e+01
4:6896499	4	6896499	8.213574e-01	1.174534e+01
4:6903534	4	6903534	6.488307e-01	1.175771e+01
4:6916040	4	6916040	6.488307e-01	1.175771e+01
4:6929948	4	6929948	6.488307e-01	1.175771e+01
4:6943069	4	6943069	9.287424e-02	1.093474e+01
4:6952743	4	6952743	6.341798e-01	1.175286e+01
4:6973836	4	6973836	5.094945e-01	1.170759e+01
4:7009957	4	7009957	2.960250e-01	1.145535e+01
4:7036645	4	7036645	2.960250e-01	1.145535e+01
4:7038184	4	7038184	5.127358e-01	1.163125e+01
4:7043927	4	7043927	6.026639e-01	1.159171e+01
4:7063120	4	7063120	4.846221e-01	1.165479e+01
4:7078315	4	7078315	3.992084e-01	1.168200e+01
4:7092939	4	7092939	5.094945e-01	1.170759e+01
4:7092943	4	7092943	5.094945e-01	1.170759e+01
4:7114552	4	7114552	7.983448e-01	1.167545e+01
4:7124688	4	7124688	6.474823e-01	1.166095e+01
4:7143693	4	7143693	9.972833e-01	1.174012e+01
4:7164423	4	7164423	5.658205e-01	1.171681e+01
4:7200201	4	7200201	6.488307e-01	1.175771e+01
4:7208728	4	7208728	4.529239e-01	1.165678e+01
4:7218353	4	7218353	2.960250e-01	1.145535e+01
4:7238866	4	7238866	1.809346e-01	1.186589e+01
4:7263881	4	7263881	3.891928e-01	1.154545e+01
4:7330681	4	7330681	2.960250e-01	1.145535e+01
4:7345965	4	7345965	4.791988e-01	1.155778e+01
4:7349098	4	7349098	2.960250e-01	1.145535e+01
4:7369196	4	7369196	8.203890e-01	1.169423e+01
4:7390240	4	7390240	6.488307e-01	1.175771e+01
4:7426001	4	7426001	2.960250e-01	1.145535e+01
4:7460239	4	7460239	5.404239e-01	1.160950e+01
4:7461640	4	7461640	2.960250e-01	1.145535e+01
4:7466384	4	7466384	1.406441e-01	1.130319e+01
4:7491620	4	7491620	6.488307e-01	1.175771e+01
4:7518872	4	7518872	2.785175e-01	1.153973e+01
4:7544477	4	7544477	1.306805e-01	1.102271e+01
4:7554570	4	7554570	5.428520e-01	1.172015e+01
4:7578025	4	7578025	3.997642e-01	1.167762e+01
4:7581954	4	7581954	3.076974e-01	1.146729e+01
4:7592682	4	7592682	9.191477e-01	1.187851e+01
4:7606583	4	7606583	1.233958e-01	1.100022e+01
4:7613792	4	7613792	7.152318e-01	1.172214e+01
4:7617466	4	7617466	5.867526e-01	1.158561e+01
4:7657061	4	7657061	7.198249e-01	1.177411e+01
4:7686761	4	7686761	1.324155e-01	1.109137e+01
4:7707699	4	7707699	6.588209e-01	1.176852e+01
4:7752275	4	7752275	4.846221e-01	1.165479e+01
4:7758803	4	7758803	5.867526e-01	1.158561e+01
4:7771611	4	7771611	1.155042e-01	1.104344e+01
4:7776436	4	7776436	4.936553e-01	1.155527e+01
4:7830393	4	7830393	1.155042e-01	1.104344e+01
4:7855484	4	7855484	7.664911e-01	1.178409e+01
4:7856015	4	7856015	8.658870e-01	1.174501e+01
4:7860536	4	7860536	8.051743e-01	1.175315e+01
4:7865954	4	7865954	5.432601e-01	1.165161e+01
4:7880948	4	7880948	1.155042e-01	1.104344e+01
4:7891630	4	7891630	7.298569e-01	1.174280e+01
4:7945507	4	7945507	8.521078e-01	1.176710e+01
4:7975721	4	7975721	8.848519e-01	1.175508e+01
4:7988679	4	7988679	6.228587e-03	9.953891e+00
4:7992959	4	7992959	1.155042e-01	1.104344e+01
4:8014928	4	8014928	6.119583e-01	1.161093e+01
4:8021210	4	8021210	8.749405e-01	1.175983e+01
4:8068725	4	8068725	4.034494e-01	1.145159e+01
4:8082884	4	8082884	8.094103e-01	1.167009e+01
4:8121933	4	8121933	8.749405e-01	1.175983e+01
4:8134813	4	8134813	2.845708e-02	1.061210e+01
4:8141812	4	8141812	2.094999e-01	1.127967e+01
4:8142323	4	8142323	4.770827e-01	1.168284e+01
4:8170116	4	8170116	8.749405e-01	1.175983e+01
4:8184645	4	8184645	2.614045e-01	1.124695e+01
4:8255757	4	8255757	2.614045e-01	1.124695e+01
4:8257876	4	8257876	2.614045e-01	1.124695e+01
4:8286995	4	8286995	5.827859e-01	1.165980e+01
4:8296464	4	8296464	1.155042e-01	1.104344e+01
4:8308548	4	8308548	5.331000e-01	1.167350e+01
4:8330024	4	8330024	8.291466e-04	1.146725e+01
4:8330403	4	8330403	3.974054e-01	1.147212e+01
4:8357252	4	8357252	8.749405e-01	1.175983e+01
4:8368433	4	8368433	1.155042e-01	1.104344e+01
4:8372007	4	8372007	8.077511e-01	1.174555e+01
4:8373489	4	8373489	2.855872e-01	1.128834e+01
4:8382451	4	8382451	2.614045e-01	1.124695e+01
4:8429758	4	8429758	6.366600e-01	1.159636e+01
4:8431779	4	8431779	5.331000e-01	1.167350e+01
4:8441783	4	8441783	3.974054e-01	1.147212e+01
4:8450033	4	8450033	5.495475e-01	1.159601e+01
4:8450555	4	8450555	6.411338e-01	1.154491e+01
4:8453280	4	8453280	8.749405e-01	1.175983e+01
4:8458318	4	8458318	5.827859e-01	1.165980e+01
4:8468304	4	8468304	9.035997e-01	1.180017e+01
4:8480083	4	8480083	3.974054e-01	1.147212e+01
4:8502475	4	8502475	2.125898e-01	1.078679e+01
4:8520682	4	8520682	1.155042e-01	1.104344e+01
4:8522547	4	8522547	1.155042e-01	1.104344e+01
4:8523645	4	8523645	1.081443e-02	1.018021e+01
4:8614880	4	8614880	1.518249e-02	1.015858e+01
4:8637147	4	8637147	6.119583e-01	1.161093e+01
4:8644058	4	8644058	3.688307e-01	1.153623e+01
4:8649044	4	8649044	8.229261e-03	1.004624e+01
4:8680435	4	8680435	2.614045e-01	1.124695e+01
4:8682519	4	8682519	5.827859e-01	1.165980e+01
4:8721138	4	8721138	5.827859e-01	1.165980e+01
4:8754501	4	8754501	1.155042e-01	1.104344e+01
4:8766803	4	8766803	5.827859e-01	1.165980e+01
4:8768051	4	8768051	8.077511e-01	1.174555e+01
4:8768315	4	8768315	1.155042e-01	1.104344e+01
4:8816593	4	8816593	9.153041e-01	1.171523e+01
4:8826028	4	8826028	8.670179e-01	1.169804e+01
4:8834329	4	8834329	4.462406e-01	1.139559e+01
4:8858395	4	8858395	1.153486e-01	1.099386e+01
4:8873853	4	8873853	5.331000e-01	1.167350e+01
4:8925120	4	8925120	8.749405e-01	1.175983e+01
4:8933101	4	8933101	6.029531e-01	1.156732e+01
4:8943017	4	8943017	6.073501e-01	1.180745e+01
4:8985347	4	8985347	6.726551e-01	1.166138e+01
4:9011194	4	9011194	7.502989e-02	1.045735e+01
4:9018968	4	9018968	7.880537e-01	1.185094e+01
4:9048970	4	9048970	3.076974e-01	1.146729e+01
4:9059972	4	9059972	4.663211e-01	1.149420e+01
4:9100427	4	9100427	7.771664e-01	1.183411e+01
4:9112487	4	9112487	2.960250e-01	1.145535e+01
4:9113084	4	9113084	2.960250e-01	1.145535e+01
4:9127372	4	9127372	7.491801e-01	1.165168e+01
4:9141622	4	9141622	2.960250e-01	1.145535e+01
4:9189183	4	9189183	3.702497e-01	1.145443e+01
4:9191683	4	9191683	3.738174e-01	1.146610e+01
4:9202451	4	9202451	2.704567e-01	1.152416e+01
4:9206662	4	9206662	2.960250e-01	1.145535e+01
4:9214521	4	9214521	8.607038e-01	1.175351e+01
4:9214771	4	9214771	2.960250e-01	1.145535e+01
4:9215228	4	9215228	2.960250e-01	1.145535e+01
4:9217699	4	9217699	2.312668e-01	1.140915e+01
4:9236366	4	9236366	5.331000e-01	1.167350e+01
4:9242422	4	9242422	2.312668e-01	1.140915e+01
4:9247853	4	9247853	9.507176e-01	1.177048e+01
4:9256470	4	9256470	8.734925e-01	1.171810e+01
4:9275083	4	9275083	3.371461e-01	1.147720e+01
4:9278178	4	9278178	3.702497e-01	1.145443e+01
4:9291488	4	9291488	2.960250e-01	1.145535e+01
4:9295354	4	9295354	2.960250e-01	1.145535e+01
4:9297747	4	9297747	2.960250e-01	1.145535e+01
4:9304794	4	9304794	6.672928e-01	1.172794e+01
4:9308594	4	9308594	3.702497e-01	1.145443e+01
4:9325730	4	9325730	2.960250e-01	1.145535e+01
4:9344448	4	9344448	2.960250e-01	1.145535e+01
4:9345638	4	9345638	2.960250e-01	1.145535e+01
4:9356784	4	9356784	2.960250e-01	1.145535e+01
4:9384410	4	9384410	2.578788e-01	1.146361e+01
4:9384885	4	9384885	2.312668e-01	1.140915e+01
4:9399591	4	9399591	4.112742e-01	1.146564e+01
4:9405396	4	9405396	6.672928e-01	1.172794e+01
4:9421194	4	9421194	4.521814e-01	1.165655e+01
4:9423455	4	9423455	3.702497e-01	1.145443e+01
4:9481277	4	9481277	3.702497e-01	1.145443e+01
4:9505751	4	9505751	2.704567e-01	1.152416e+01
4:9553248	4	9553248	3.614250e-01	1.145307e+01
4:9559795	4	9559795	2.816344e-01	1.144979e+01
4:9598718	4	9598718	3.702497e-01	1.145443e+01
4:9610284	4	9610284	7.532522e-01	1.170427e+01
4:9627458	4	9627458	2.960250e-01	1.145535e+01
4:9628134	4	9628134	2.960250e-01	1.145535e+01
4:9648225	4	9648225	3.139170e-01	1.160959e+01
4:9651360	4	9651360	2.527932e-01	1.140769e+01
4:9658438	4	9658438	3.592537e-01	1.148946e+01
4:9665156	4	9665156	3.414326e-01	1.148233e+01
4:9665570	4	9665570	2.960250e-01	1.145535e+01
4:9674357	4	9674357	3.702497e-01	1.145443e+01
4:9689108	4	9689108	7.191503e-01	1.175468e+01
4:9692919	4	9692919	2.960250e-01	1.145535e+01
4:9696632	4	9696632	7.191503e-01	1.175468e+01
4:9704269	4	9704269	2.398378e-01	1.132035e+01
4:9705151	4	9705151	7.820707e-01	1.166260e+01
4:9747605	4	9747605	2.960250e-01	1.145535e+01
4:9770351	4	9770351	8.278710e-01	1.171384e+01
4:9817475	4	9817475	4.363483e-01	1.185407e+01
4:9819551	4	9819551	5.843384e-01	1.164879e+01
4:9819572	4	9819572	2.398378e-01	1.132035e+01
4:9832310	4	9832310	3.702497e-01	1.145443e+01
4:9832835	4	9832835	3.702497e-01	1.145443e+01
4:9844291	4	9844291	7.191503e-01	1.175468e+01
4:9844517	4	9844517	3.702497e-01	1.145443e+01
4:9847367	4	9847367	3.702497e-01	1.145443e+01
4:9858192	4	9858192	2.960250e-01	1.145535e+01
4:9908903	4	9908903	7.820707e-01	1.166260e+01
4:9915652	4	9915652	3.702497e-01	1.145443e+01
4:9926289	4	9926289	5.269280e-01	1.179772e+01
4:9971955	4	9971955	2.960250e-01	1.145535e+01
4:10004550	4	10004550	4.501193e-01	1.159727e+01
4:10006948	4	10006948	2.304660e-01	1.152464e+01
4:10037009	4	10037009	7.382152e-01	1.177703e+01
4:10098322	4	10098322	6.847332e-01	1.176639e+01
4:10162352	4	10162352	9.882631e-01	1.173757e+01
4:10192803	4	10192803	5.331000e-01	1.167350e+01
4:10219412	4	10219412	5.331000e-01	1.167350e+01
4:10227369	4	10227369	1.175659e-01	1.102887e+01
4:10250963	4	10250963	5.856347e-01	1.172011e+01
4:10268947	4	10268947	8.589727e-01	1.174559e+01
4:10270112	4	10270112	3.975148e-01	1.090868e+01
4:10289966	4	10289966	6.122107e-01	1.153695e+01
4:10316662	4	10316662	9.450203e-01	1.172567e+01
4:10318905	4	10318905	6.122107e-01	1.153695e+01
4:10374157	4	10374157	1.175659e-01	1.102887e+01
4:10390232	4	10390232	5.856347e-01	1.172011e+01
4:10399362	4	10399362	1.175659e-01	1.102887e+01
4:10405447	4	10405447	1.273731e-02	9.336826e+00
4:10408143	4	10408143	5.856347e-01	1.172011e+01
4:10412443	4	10412443	1.175659e-01	1.102887e+01
4:10420088	4	10420088	5.856347e-01	1.172011e+01
4:10440605	4	10440605	3.733818e-01	1.228816e+01
4:10465422	4	10465422	8.716932e-01	1.175476e+01
4:10470057	4	10470057	1.175659e-01	1.102887e+01
4:10478016	4	10478016	8.147806e-01	1.176424e+01
4:10571338	4	10571338	2.960250e-01	1.145535e+01
4:10577998	4	10577998	5.856347e-01	1.172011e+01
4:10674062	4	10674062	1.175659e-01	1.102887e+01
4:10726004	4	10726004	7.572289e-02	1.089966e+01
4:10776037	4	10776037	6.686315e-01	1.160020e+01
4:10885246	4	10885246	5.856347e-01	1.172011e+01
4:10909705	4	10909705	9.729857e-01	1.173124e+01
4:10928555	4	10928555	2.529045e-01	1.131587e+01
4:10956537	4	10956537	6.686315e-01	1.160020e+01
4:10979412	4	10979412	3.556956e-01	1.145988e+01
4:10979413	4	10979413	3.309948e-01	1.142770e+01
4:10979443	4	10979443	2.428793e-01	1.133648e+01
4:11019261	4	11019261	4.009883e-02	1.061621e+01
4:11124729	4	11124729	9.551736e-01	1.173013e+01
4:11216682	4	11216682	7.155398e-01	1.167136e+01
4:11222919	4	11222919	1.175659e-01	1.102887e+01
4:11222920	4	11222920	1.175659e-01	1.102887e+01
4:11223877	4	11223877	3.702497e-01	1.145443e+01
4:11254563	4	11254563	1.175659e-01	1.102887e+01
4:11255279	4	11255279	2.398378e-01	1.132035e+01
4:11263666	4	11263666	1.175659e-01	1.102887e+01
4:11285273	4	11285273	1.175659e-01	1.102887e+01
4:11323866	4	11323866	8.139568e-01	1.168729e+01
4:11435125	4	11435125	3.736220e-01	1.190669e+01
4:11459414	4	11459414	7.174316e-01	1.167385e+01
4:11465435	4	11465435	6.414315e-01	1.165563e+01
4:11466308	4	11466308	7.159325e-01	1.171848e+01
4:11499493	4	11499493	1.943076e-02	1.052596e+01
4:11513076	4	11513076	2.757867e-01	1.117470e+01
4:11529274	4	11529274	4.816227e-02	1.071236e+01
4:11535350	4	11535350	4.816227e-02	1.071236e+01
4:11539566	4	11539566	2.757867e-01	1.117470e+01
4:11546204	4	11546204	1.083386e-01	1.107795e+01
4:11553407	4	11553407	8.261782e-02	1.101661e+01
4:11557652	4	11557652	6.853487e-01	1.166166e+01
4:11618739	4	11618739	3.340438e-01	1.144448e+01
4:11620531	4	11620531	4.428506e-01	1.126726e+01
4:11637699	4	11637699	1.175659e-01	1.102887e+01
4:11637960	4	11637960	9.765123e-01	1.173869e+01
4:11645292	4	11645292	1.772120e-01	1.133898e+01
4:11648787	4	11648787	8.707304e-02	1.206111e+01
4:11671638	4	11671638	7.649099e-01	1.173380e+01
4:11672208	4	11672208	1.175659e-01	1.102887e+01
4:11672948	4	11672948	2.630337e-01	1.113325e+01
4:11717783	4	11717783	1.175659e-01	1.102887e+01
4:11756241	4	11756241	4.050930e-01	1.150232e+01
4:11761022	4	11761022	4.454519e-01	1.143351e+01
4:11769233	4	11769233	5.982075e-02	1.079488e+01
4:11778027	4	11778027	9.103666e-01	1.172974e+01
4:11796565	4	11796565	8.232968e-02	1.098603e+01
4:11803152	4	11803152	4.816227e-02	1.071236e+01
4:11811660	4	11811660	4.930292e-01	1.160527e+01
4:11859830	4	11859830	9.531474e-02	1.107362e+01
4:11896553	4	11896553	4.876890e-01	1.139836e+01
4:11897653	4	11897653	4.816227e-02	1.071236e+01
4:11914197	4	11914197	9.103666e-01	1.172974e+01
4:11937372	4	11937372	6.152254e-01	1.169205e+01
4:12004100	4	12004100	8.873117e-01	1.172704e+01
4:12029113	4	12029113	4.816227e-02	1.071236e+01
4:12041804	4	12041804	9.720641e-01	1.173619e+01
4:12049721	4	12049721	6.045306e-01	1.161384e+01
4:12061862	4	12061862	8.232968e-02	1.098603e+01
4:12093143	4	12093143	6.857633e-01	1.179387e+01
4:12093690	4	12093690	5.092082e-01	1.146522e+01
4:12112811	4	12112811	4.816227e-02	1.071236e+01
4:12144966	4	12144966	7.064690e-02	1.056017e+01
4:12145210	4	12145210	7.956612e-01	1.174837e+01
4:12182835	4	12182835	6.152254e-01	1.169205e+01
4:12186385	4	12186385	6.152254e-01	1.169205e+01
4:12186732	4	12186732	4.816227e-02	1.071236e+01
4:12245279	4	12245279	1.225911e-01	1.135361e+01
4:12255899	4	12255899	6.520233e-02	1.069463e+01
4:12265153	4	12265153	1.734481e-01	1.130342e+01
4:12318013	4	12318013	3.116663e-02	1.056575e+01
4:12329234	4	12329234	5.603706e-01	1.166037e+01
4:12362780	4	12362780	4.816227e-02	1.071236e+01
4:12365668	4	12365668	4.816227e-02	1.071236e+01
4:12385220	4	12385220	8.460232e-01	1.176693e+01
4:12420151	4	12420151	8.460232e-01	1.176693e+01
4:12433166	4	12433166	8.237802e-01	1.168765e+01
4:12483145	4	12483145	7.270226e-01	1.176884e+01
4:12513095	4	12513095	4.936553e-01	1.155527e+01
4:12534242	4	12534242	4.936553e-01	1.155527e+01
4:12540451	4	12540451	7.270226e-01	1.176884e+01
4:12545739	4	12545739	8.026171e-01	1.167287e+01
4:12553604	4	12553604	5.256454e-02	1.055719e+01
4:12556041	4	12556041	8.460232e-01	1.176693e+01
4:12573555	4	12573555	8.065649e-01	1.167752e+01
4:12586281	4	12586281	8.714565e-01	1.170537e+01
4:12587815	4	12587815	7.386335e-01	1.180645e+01
4:12599340	4	12599340	4.294332e-01	1.177181e+01
4:12607078	4	12607078	3.116663e-02	1.056575e+01
4:12608380	4	12608380	8.714565e-01	1.170537e+01
4:12633158	4	12633158	4.936553e-01	1.155527e+01
4:12647353	4	12647353	9.283893e-01	1.171864e+01
4:12686625	4	12686625	4.196977e-01	1.137689e+01
4:12720631	4	12720631	4.936553e-01	1.155527e+01
4:12723064	4	12723064	4.574412e-01	1.201446e+01
4:12751599	4	12751599	4.936553e-01	1.155527e+01
4:12754447	4	12754447	8.460232e-01	1.176693e+01
4:12757386	4	12757386	1.925672e-01	1.081606e+01
4:12765010	4	12765010	4.936553e-01	1.155527e+01
4:12767706	4	12767706	9.271859e-01	1.171999e+01
4:12776155	4	12776155	8.020455e-01	1.172227e+01
4:12801817	4	12801817	4.936553e-01	1.155527e+01
4:12851655	4	12851655	4.632055e-01	1.146506e+01
4:12863502	4	12863502	7.751364e-01	1.179924e+01
4:12869194	4	12869194	9.075127e-03	9.908932e+00
4:12874182	4	12874182	3.116663e-02	1.056575e+01
4:12896351	4	12896351	3.095650e-01	1.135614e+01
4:12939485	4	12939485	6.745292e-01	1.163524e+01
4:12950226	4	12950226	9.343456e-01	1.173007e+01
4:12959493	4	12959493	4.468675e-01	1.153519e+01
4:12975854	4	12975854	5.973785e-03	9.739212e+00
4:13094271	4	13094271	9.343456e-01	1.173007e+01
4:13117099	4	13117099	4.936553e-01	1.155527e+01
4:13119899	4	13119899	9.343456e-01	1.173007e+01
4:13122861	4	13122861	5.103690e-01	1.156606e+01
4:13130317	4	13130317	2.621828e-01	1.137566e+01
4:13131721	4	13131721	4.936553e-01	1.155527e+01
4:13160904	4	13160904	3.116663e-02	1.056575e+01
4:13168343	4	13168343	4.936553e-01	1.155527e+01
4:13174862	4	13174862	9.343456e-01	1.173007e+01
4:13176903	4	13176903	2.633290e-01	1.126227e+01
4:13188187	4	13188187	4.936553e-01	1.155527e+01
4:13193289	4	13193289	4.936553e-01	1.155527e+01
4:13198496	4	13198496	1.806005e-03	9.592060e+00
4:13257072	4	13257072	9.973981e-01	1.174147e+01
4:13268558	4	13268558	7.499966e-01	1.166607e+01
4:13300182	4	13300182	1.838734e-01	1.106211e+01
4:13316666	4	13316666	8.576650e-01	1.175320e+01
4:13371428	4	13371428	1.715605e-01	1.126384e+01
4:13378300	4	13378300	1.715605e-01	1.126384e+01
4:13400391	4	13400391	8.355132e-01	1.170100e+01
4:13413114	4	13413114	6.563949e-01	1.163553e+01
4:13476211	4	13476211	2.098572e-01	1.039895e+01
4:13479534	4	13479534	9.034850e-01	1.173917e+01
4:13490990	4	13490990	7.499966e-01	1.166607e+01
4:13512120	4	13512120	1.650444e-01	1.127948e+01
4:13516763	4	13516763	1.621448e-01	1.107486e+01
4:13532861	4	13532861	1.605035e-01	1.099783e+01
4:13533270	4	13533270	2.930922e-01	1.112997e+01
4:13591338	4	13591338	1.715605e-01	1.126384e+01
4:13595622	4	13595622	1.715605e-01	1.126384e+01
4:13720756	4	13720756	3.508388e-02	1.038124e+01
4:13733459	4	13733459	1.605035e-01	1.099783e+01
4:13744977	4	13744977	1.605035e-01	1.099783e+01
4:13748089	4	13748089	6.752592e-01	1.156715e+01
4:13751852	4	13751852	7.796295e-01	1.164840e+01
4:13766582	4	13766582	9.034850e-01	1.173917e+01
4:13771190	4	13771190	1.715605e-01	1.126384e+01
4:13799476	4	13799476	2.629033e-01	1.118986e+01
4:13802449	4	13802449	3.622398e-05	2.464570e+01
4:13808399	4	13808399	1.605035e-01	1.099783e+01
4:13812922	4	13812922	5.840957e-01	1.156640e+01
4:13815807	4	13815807	7.499966e-01	1.166607e+01
4:13832792	4	13832792	1.855362e-01	1.114265e+01
4:13843771	4	13843771	8.355132e-01	1.170100e+01
4:13885220	4	13885220	9.805816e-01	1.174426e+01
4:13886866	4	13886866	2.950991e-01	1.127717e+01
4:13902466	4	13902466	4.072901e-01	1.146543e+01
4:13922923	4	13922923	5.929359e-01	1.156548e+01
4:13954138	4	13954138	2.282229e-01	1.136161e+01
4:13969864	4	13969864	5.929359e-01	1.156548e+01
4:13980453	4	13980453	9.805816e-01	1.174426e+01
4:13990382	4	13990382	7.081168e-01	1.157392e+01
4:14009127	4	14009127	9.805816e-01	1.174426e+01
4:14009317	4	14009317	8.563606e-01	1.178896e+01
4:14038902	4	14038902	1.106611e-01	1.015182e+01
4:14046311	4	14046311	1.715605e-01	1.126384e+01
4:14050973	4	14050973	4.908465e-01	1.173065e+01
4:14054281	4	14054281	2.180062e-01	1.126365e+01
4:14063780	4	14063780	9.075127e-03	9.908932e+00
4:14085645	4	14085645	8.690128e-01	1.172784e+01
4:14161109	4	14161109	5.551517e-01	1.161809e+01
4:14185291	4	14185291	8.666965e-01	1.168736e+01
4:14230755	4	14230755	3.582761e-02	8.635571e+00
4:14264902	4	14264902	8.411479e-01	1.172171e+01
4:14266961	4	14266961	4.277989e-01	1.150208e+01
4:14273904	4	14273904	1.876959e-01	1.119981e+01
4:14310749	4	14310749	8.411479e-01	1.172171e+01
4:14338523	4	14338523	9.034850e-01	1.173917e+01
4:14363324	4	14363324	1.078766e-02	9.954031e+00
4:14393894	4	14393894	5.047026e-01	1.154545e+01
4:14394113	4	14394113	8.411479e-01	1.172171e+01
4:14440970	4	14440970	4.133772e-01	1.145117e+01
4:14505255	4	14505255	3.968168e-02	1.010290e+01
4:14558176	4	14558176	8.983346e-01	1.173735e+01
4:14562780	4	14562780	1.123278e-01	1.082462e+01
4:14569323	4	14569323	1.995257e-02	9.334032e+00
4:14576678	4	14576678	7.589176e-01	1.170269e+01
4:14594796	4	14594796	7.577927e-01	1.174386e+01
4:14609400	4	14609400	3.738174e-01	1.146610e+01
4:14638719	4	14638719	7.761401e-01	1.159386e+01
4:14665707	4	14665707	3.711327e-03	9.558341e+00
4:14666803	4	14666803	2.258088e-01	1.116024e+01
4:14682687	4	14682687	9.034850e-01	1.173917e+01
4:14682862	4	14682862	8.082521e-01	1.175961e+01
4:14687513	4	14687513	8.411479e-01	1.172171e+01
4:14712737	4	14712737	1.272357e-02	9.365967e+00
4:14720554	4	14720554	2.510197e-01	1.152222e+01
4:14727166	4	14727166	4.771333e-01	1.135885e+01
4:14742831	4	14742831	3.633621e-01	1.136785e+01
4:14765038	4	14765038	7.589176e-01	1.170269e+01
4:14791209	4	14791209	9.034850e-01	1.173917e+01
4:14798313	4	14798313	4.516186e-01	1.158291e+01
4:14805397	4	14805397	9.373074e-01	1.173215e+01
4:14814627	4	14814627	4.976376e-01	1.153544e+01
4:14835487	4	14835487	7.917152e-01	1.169868e+01
4:14843689	4	14843689	7.589176e-01	1.170269e+01
4:14907050	4	14907050	2.042135e-02	1.029683e+01
4:14908131	4	14908131	3.633621e-01	1.136785e+01
4:14909633	4	14909633	2.443315e-01	1.113640e+01
4:14937203	4	14937203	7.522764e-01	1.174678e+01
4:14940358	4	14940358	4.979652e-01	1.153229e+01
4:14986668	4	14986668	1.233958e-01	1.100022e+01
4:14994922	4	14994922	9.034850e-01	1.173917e+01
4:15002578	4	15002578	8.326163e-01	1.171862e+01
4:15039436	4	15039436	3.673677e-01	1.136874e+01
4:15046431	4	15046431	2.689339e-02	1.038007e+01
4:15060349	4	15060349	3.673677e-01	1.136874e+01
4:15062326	4	15062326	1.233958e-01	1.100022e+01
4:15088037	4	15088037	5.331000e-01	1.167350e+01
4:15108892	4	15108892	5.806209e-01	1.148716e+01
4:15116542	4	15116542	8.326163e-01	1.171862e+01
4:15118839	4	15118839	3.673677e-01	1.136874e+01
4:15129259	4	15129259	8.326163e-01	1.171862e+01
4:15132628	4	15132628	4.842418e-01	1.152431e+01
4:15140245	4	15140245	2.450283e-01	1.113458e+01
4:15158152	4	15158152	2.689339e-02	1.038007e+01
4:15164222	4	15164222	3.377096e-01	1.142769e+01
4:15230494	4	15230494	8.326163e-01	1.171862e+01
4:15232175	4	15232175	8.326163e-01	1.171862e+01
4:15253893	4	15253893	9.034850e-01	1.173917e+01
4:15271345	4	15271345	5.772049e-01	1.167371e+01
4:15271367	4	15271367	4.447213e-01	1.161578e+01
4:15271439	4	15271439	7.794105e-01	1.184169e+01
4:15271454	4	15271454	6.078152e-01	1.199131e+01
4:15271466	4	15271466	6.181558e-01	1.197100e+01
4:15273493	4	15273493	1.233958e-01	1.100022e+01
4:15281473	4	15281473	2.836138e-02	1.045457e+01
4:15286055	4	15286055	8.326163e-01	1.171862e+01
4:15289422	4	15289422	7.451538e-01	1.174879e+01
4:15292218	4	15292218	5.331000e-01	1.167350e+01
4:15314533	4	15314533	3.673677e-01	1.136874e+01
4:15325050	4	15325050	6.320203e-01	1.175494e+01
4:15327267	4	15327267	7.293365e-02	1.036007e+01
4:15331217	4	15331217	4.021017e-01	1.163481e+01
4:15360768	4	15360768	6.822711e-02	1.030788e+01
4:15364637	4	15364637	6.822711e-02	1.030788e+01
4:15386712	4	15386712	9.853509e-01	1.174192e+01
4:15391367	4	15391367	4.936553e-01	1.155527e+01
4:15410633	4	15410633	1.383794e-01	1.057956e+01
4:15423320	4	15423320	2.963945e-01	1.116505e+01
4:15435947	4	15435947	2.213035e-01	1.118802e+01
4:15457774	4	15457774	8.361636e-01	1.173416e+01
4:15464033	4	15464033	4.267621e-01	1.137382e+01
4:15492283	4	15492283	7.074398e-01	1.169678e+01
4:15493521	4	15493521	8.361636e-01	1.173416e+01
4:15496635	4	15496635	3.116588e-01	1.123233e+01
4:15499853	4	15499853	9.515168e-01	1.174897e+01
4:15516041	4	15516041	9.949648e-01	1.175009e+01
4:15543797	4	15543797	5.744015e-01	1.163159e+01
4:15547486	4	15547486	5.331000e-01	1.167350e+01
4:15582411	4	15582411	8.650742e-01	1.172041e+01
4:15590462	4	15590462	7.876566e-01	1.170144e+01
4:15597274	4	15597274	3.116588e-01	1.123233e+01
4:15613532	4	15613532	4.089386e-01	1.153138e+01
4:15632124	4	15632124	5.426994e-01	1.162302e+01
4:15671445	4	15671445	2.864734e-02	1.061723e+01
4:15706122	4	15706122	5.014184e-01	1.157986e+01
4:15712365	4	15712365	1.423628e-02	1.026180e+01
4:15738921	4	15738921	5.305447e-01	1.161263e+01
4:15764423	4	15764423	5.305447e-01	1.161263e+01
4:15799027	4	15799027	7.462020e-01	1.169623e+01
4:15809016	4	15809016	5.305447e-01	1.161263e+01
4:15820234	4	15820234	9.594496e-01	1.176862e+01
4:15838198	4	15838198	5.305447e-01	1.161263e+01
4:15858171	4	15858171	3.558597e-01	1.130648e+01
4:15874762	4	15874762	5.130038e-02	1.044142e+01
4:15906225	4	15906225	6.024515e-01	1.179815e+01
4:15906749	4	15906749	5.717439e-01	1.166857e+01
4:15910847	4	15910847	3.171986e-01	1.145225e+01
4:15919355	4	15919355	8.361636e-01	1.173416e+01
4:15944278	4	15944278	1.035426e-01	1.095401e+01
4:15957788	4	15957788	1.035426e-01	1.095401e+01
4:15971129	4	15971129	6.558008e-03	8.265790e+00
4:15972536	4	15972536	1.122802e-01	1.094919e+01
4:15972552	4	15972552	1.122802e-01	1.094919e+01
4:15974337	4	15974337	1.035426e-01	1.095401e+01
4:16026863	4	16026863	2.104224e-03	8.158478e+00
4:16077555	4	16077555	1.497013e-01	1.115003e+01
4:16096142	4	16096142	1.497013e-01	1.115003e+01
4:16115855	4	16115855	1.497013e-01	1.115003e+01
4:16123749	4	16123749	1.071908e-02	9.655286e+00
4:16125696	4	16125696	6.672304e-03	8.302614e+00
4:16130477	4	16130477	1.035426e-01	1.095401e+01
4:16143966	4	16143966	1.497013e-01	1.115003e+01
4:16196820	4	16196820	1.497013e-01	1.115003e+01
4:16215751	4	16215751	1.383144e-01	1.116227e+01
4:16244063	4	16244063	1.080330e-01	1.001331e+01
4:16251907	4	16251907	5.853340e-05	7.120666e+00
4:16265597	4	16265597	4.162647e-02	1.056908e+01
4:16287377	4	16287377	2.920614e-01	1.054145e+01
4:16290089	4	16290089	7.615552e-02	1.098480e+01
4:16291397	4	16291397	1.233958e-01	1.100022e+01
4:16349863	4	16349863	1.233958e-01	1.100022e+01
4:16399949	4	16399949	2.636888e-03	9.523846e+00
4:16402511	4	16402511	1.973571e-02	1.046522e+01
4:16418950	4	16418950	2.221103e-01	1.114413e+01
4:16421982	4	16421982	1.973571e-02	1.046522e+01
4:16422732	4	16422732	7.615552e-02	1.098480e+01
4:16437853	4	16437853	3.020775e-02	1.067717e+01
4:16451256	4	16451256	6.862927e-05	8.478625e+00
4:16471484	4	16471484	1.973571e-02	1.046522e+01
4:16490966	4	16490966	2.636888e-03	9.523846e+00
4:16490967	4	16490967	6.720285e-03	9.385661e+00
4:16511027	4	16511027	1.988391e-01	1.117726e+01
4:16513220	4	16513220	2.636888e-03	9.523846e+00
4:16521592	4	16521592	4.090308e-03	9.583102e+00
4:16555010	4	16555010	8.361636e-01	1.173416e+01
4:16565164	4	16565164	1.233958e-01	1.100022e+01
4:16572771	4	16572771	2.797817e-01	1.189080e+01
4:16584361	4	16584361	2.636888e-03	9.523846e+00
4:16589179	4	16589179	1.988391e-01	1.117726e+01
4:16606703	4	16606703	1.988391e-01	1.117726e+01
4:16615396	4	16615396	2.636888e-03	9.523846e+00
4:16617398	4	16617398	2.636888e-03	9.523846e+00
4:16672793	4	16672793	6.660167e-03	7.766803e+00
4:16672939	4	16672939	1.973571e-02	1.046522e+01
4:16674293	4	16674293	2.636888e-03	9.523846e+00
4:16684577	4	16684577	2.636888e-03	9.523846e+00
4:16726512	4	16726512	1.594441e-01	1.093951e+01
4:16732845	4	16732845	2.891254e-02	1.023234e+01
4:16746153	4	16746153	1.973571e-02	1.046522e+01
4:16747246	4	16747246	2.201636e-03	9.694493e+00
4:16766409	4	16766409	2.636888e-03	9.523846e+00
4:16771059	4	16771059	2.636888e-03	9.523846e+00
4:16779970	4	16779970	2.636888e-03	9.523846e+00
4:16780524	4	16780524	5.502759e-01	1.167284e+01
4:16795289	4	16795289	1.233958e-01	1.100022e+01
4:16830855	4	16830855	1.148663e-02	9.344760e+00
4:16840103	4	16840103	6.862927e-05	8.478625e+00
4:16841857	4	16841857	2.636888e-03	9.523846e+00
4:16851989	4	16851989	2.636888e-03	9.523846e+00
4:16861061	4	16861061	5.890137e-05	8.027233e+00
4:16868605	4	16868605	5.426994e-01	1.162302e+01
4:16877288	4	16877288	1.973571e-02	1.046522e+01
4:16885138	4	16885138	4.592899e-02	1.066069e+01
4:16890703	4	16890703	2.565125e-02	1.037909e+01
4:16890792	4	16890792	1.383144e-01	1.116227e+01
4:16891579	4	16891579	1.818128e-05	8.059109e+00
4:16897123	4	16897123	2.579477e-02	9.535022e+00
4:16931765	4	16931765	1.146523e-01	1.100330e+01
4:16944277	4	16944277	2.636888e-03	9.523846e+00
4:16946351	4	16946351	7.160425e-02	1.085487e+01
4:16965035	4	16965035	1.020976e-01	1.114614e+01
4:16975591	4	16975591	2.636888e-03	9.523846e+00
4:17048934	4	17048934	2.636888e-03	9.523846e+00
4:17057261	4	17057261	9.564610e-02	1.127538e+01
4:17085467	4	17085467	1.973571e-02	1.046522e+01
4:17095821	4	17095821	8.057763e-03	9.341798e+00
4:17116015	4	17116015	2.512774e-01	1.038565e+01
4:17129243	4	17129243	2.636888e-03	9.523846e+00
4:17134526	4	17134526	8.696907e-04	7.992129e+00
4:17157346	4	17157346	4.592899e-02	1.066069e+01
4:17201819	4	17201819	1.481221e-01	1.112637e+01
4:17216351	4	17216351	4.592899e-02	1.066069e+01
4:17224411	4	17224411	2.636888e-03	9.523846e+00
4:17225181	4	17225181	1.254471e-01	1.107697e+01
4:17226888	4	17226888	1.233958e-01	1.100022e+01
4:17256325	4	17256325	8.659701e-01	1.168586e+01
4:17266122	4	17266122	3.742054e-01	1.148636e+01
4:17266927	4	17266927	1.509206e-02	1.038989e+01
4:17282104	4	17282104	1.233958e-01	1.100022e+01
4:17283108	4	17283108	1.233958e-01	1.100022e+01
4:17287409	4	17287409	8.424161e-01	1.168126e+01
4:17303761	4	17303761	1.973571e-02	1.046522e+01
4:17304026	4	17304026	1.132436e-01	1.056739e+01
4:17310617	4	17310617	1.973571e-02	1.046522e+01
4:17320887	4	17320887	2.636888e-03	9.523846e+00
4:17322746	4	17322746	1.973571e-02	1.046522e+01
4:17340993	4	17340993	5.941794e-03	9.403415e+00
4:17351502	4	17351502	1.020976e-01	1.114614e+01
4:17358620	4	17358620	5.941794e-03	9.403415e+00
4:17374209	4	17374209	2.636888e-03	9.523846e+00
4:17383939	4	17383939	3.613256e-01	1.144881e+01
4:17408187	4	17408187	1.020976e-01	1.114614e+01
4:17414703	4	17414703	3.541473e-01	1.147623e+01
4:17450910	4	17450910	8.951389e-02	1.122929e+01
4:17457702	4	17457702	1.233958e-01	1.100022e+01
4:17457705	4	17457705	1.233958e-01	1.100022e+01
4:17457708	4	17457708	1.233958e-01	1.100022e+01
4:17457720	4	17457720	1.233958e-01	1.100022e+01
4:17460865	4	17460865	8.361636e-01	1.173416e+01
4:17466219	4	17466219	3.494704e-01	1.146391e+01
4:17475107	4	17475107	4.592899e-02	1.066069e+01
4:17492194	4	17492194	2.636888e-03	9.523846e+00
4:17492682	4	17492682	1.973571e-02	1.046522e+01
4:17498008	4	17498008	1.973571e-02	1.046522e+01
4:17508287	4	17508287	4.936553e-01	1.155527e+01
4:17520078	4	17520078	8.300251e-02	1.110176e+01
4:17529053	4	17529053	3.494704e-01	1.146391e+01
4:17549574	4	17549574	4.055778e-02	1.081627e+01
4:17567284	4	17567284	1.233958e-01	1.100022e+01
4:17568011	4	17568011	9.622149e-02	1.120224e+01
4:17568734	4	17568734	3.494704e-01	1.146391e+01
4:17598354	4	17598354	1.973571e-02	1.046522e+01
4:17618742	4	17618742	1.973571e-02	1.046522e+01
4:17620390	4	17620390	1.383144e-01	1.116227e+01
4:17623492	4	17623492	1.020976e-01	1.114614e+01
4:17673696	4	17673696	1.973571e-02	1.046522e+01
4:17675035	4	17675035	5.941794e-03	9.403415e+00
4:17687702	4	17687702	6.561542e-03	9.407881e+00
4:17722624	4	17722624	2.636888e-03	9.523846e+00
4:17744486	4	17744486	5.522259e-02	9.157483e+00
4:17748866	4	17748866	1.082595e-01	1.102033e+01
4:17761412	4	17761412	7.734447e-01	1.171071e+01
4:17769859	4	17769859	5.015924e-01	1.159538e+01
4:17781086	4	17781086	4.592899e-02	1.066069e+01
4:17782045	4	17782045	1.067850e-01	9.761256e+00
4:17796999	4	17796999	7.995076e-02	1.125106e+01
4:17816549	4	17816549	1.233958e-01	1.100022e+01
4:17826291	4	17826291	8.300251e-02	1.110176e+01
4:17844632	4	17844632	5.941794e-03	9.403415e+00
4:17848424	4	17848424	2.512774e-01	1.038565e+01
4:17860990	4	17860990	2.234865e-01	1.127708e+01
4:17864734	4	17864734	1.460800e-01	1.104794e+01
4:17872483	4	17872483	1.866496e-01	1.061608e+01
4:17893326	4	17893326	1.020976e-01	1.114614e+01
4:17910049	4	17910049	3.494704e-01	1.146391e+01
4:17925254	4	17925254	1.905616e-01	1.096458e+01
4:17944430	4	17944430	1.506362e-02	8.997265e+00
4:17945509	4	17945509	4.131487e-01	1.157760e+01
4:17974196	4	17974196	2.657955e-02	9.247120e+00
4:17975769	4	17975769	3.031011e-01	1.143299e+01
4:17983254	4	17983254	3.031011e-01	1.143299e+01
4:17984898	4	17984898	1.383144e-01	1.116227e+01
4:17998065	4	17998065	4.750272e-01	1.163367e+01
4:18004997	4	18004997	4.575932e-01	1.155478e+01
4:18008230	4	18008230	4.131487e-01	1.157760e+01
4:18011047	4	18011047	1.973571e-02	1.046522e+01
4:18032443	4	18032443	3.031011e-01	1.143299e+01
4:18044239	4	18044239	1.103584e-01	1.128440e+01
4:18049835	4	18049835	1.020976e-01	1.114614e+01
4:18064041	4	18064041	1.981034e-02	9.999273e+00
4:18070087	4	18070087	5.700617e-01	1.149402e+01
4:18087882	4	18087882	3.031011e-01	1.143299e+01
4:18103042	4	18103042	4.131487e-01	1.157760e+01
4:18113149	4	18113149	4.750272e-01	1.163367e+01
4:18137987	4	18137987	4.972182e-01	1.164419e+01
4:18147770	4	18147770	9.924366e-01	1.173863e+01
4:18155225	4	18155225	3.977739e-01	1.172435e+01
4:18158915	4	18158915	4.131487e-01	1.157760e+01
4:18173876	4	18173876	1.981034e-02	9.999273e+00
4:18178483	4	18178483	1.613651e-02	1.035668e+01
4:18182264	4	18182264	1.020976e-01	1.114614e+01
4:18191195	4	18191195	4.131487e-01	1.157760e+01
4:18207457	4	18207457	5.103237e-01	1.169580e+01
4:18215887	4	18215887	1.383144e-01	1.116227e+01
4:18233834	4	18233834	2.809143e-04	9.014827e+00
4:18240430	4	18240430	4.750272e-01	1.163367e+01
4:18255017	4	18255017	3.421256e-01	1.140297e+01
4:18256063	4	18256063	7.615552e-02	1.098480e+01
4:18256274	4	18256274	2.062579e-03	9.468069e+00
4:18269580	4	18269580	4.750272e-01	1.163367e+01
4:18269581	4	18269581	4.750272e-01	1.163367e+01
4:18275353	4	18275353	3.031011e-01	1.143299e+01
4:18306313	4	18306313	3.031011e-01	1.143299e+01
4:18310318	4	18310318	2.062579e-03	9.468069e+00
4:18325829	4	18325829	2.062579e-03	9.468069e+00
4:18348474	4	18348474	7.804601e-01	1.148016e+01
4:18349979	4	18349979	4.131487e-01	1.157760e+01
4:18349980	4	18349980	4.131487e-01	1.157760e+01
4:18357943	4	18357943	1.020976e-01	1.114614e+01
4:18362146	4	18362146	4.229184e-01	1.158395e+01
4:18364241	4	18364241	4.229184e-01	1.158395e+01
4:18366533	4	18366533	1.069960e-02	9.814515e+00
4:18368987	4	18368987	1.981034e-02	9.999273e+00
4:18394200	4	18394200	1.383144e-01	1.116227e+01
4:18408266	4	18408266	2.939443e-01	1.141897e+01
4:18424805	4	18424805	1.383144e-01	1.116227e+01
4:18427967	4	18427967	6.383121e-02	1.086113e+01
4:18431477	4	18431477	4.131487e-01	1.157760e+01
4:18434381	4	18434381	4.429478e-01	1.157634e+01
4:18436953	4	18436953	4.602846e-01	1.170727e+01
4:18437323	4	18437323	2.809143e-04	9.014827e+00
4:18440951	4	18440951	5.763824e-03	9.654312e+00
4:18449175	4	18449175	1.973571e-02	1.046522e+01
4:18471659	4	18471659	2.062579e-03	9.468069e+00
4:18474736	4	18474736	1.020976e-01	1.114614e+01
4:18482370	4	18482370	2.062579e-03	9.468069e+00
4:18482619	4	18482619	4.567930e-01	1.156448e+01
4:18485367	4	18485367	3.925805e-01	1.139995e+01
4:18486752	4	18486752	4.072555e-01	1.159454e+01
4:18489943	4	18489943	1.383144e-01	1.116227e+01
4:18522359	4	18522359	3.761350e-01	1.156772e+01
4:18522360	4	18522360	8.181487e-01	1.177374e+01
4:18542847	4	18542847	1.602699e-01	1.115145e+01
4:18542909	4	18542909	1.383144e-01	1.116227e+01
4:18561024	4	18561024	3.494704e-01	1.146391e+01
4:18564508	4	18564508	1.561654e-02	9.379439e+00
5:745	5	745	1.904773e-01	1.117703e+01
5:8191	5	8191	1.719497e-01	1.127140e+01
5:19500	5	19500	6.165906e-01	1.157222e+01
5:27711	5	27711	2.101767e-01	1.105735e+01
5:31492	5	31492	3.702497e-01	1.145443e+01
5:35105	5	35105	1.904773e-01	1.117703e+01
5:44138	5	44138	8.149424e-01	1.172287e+01
5:80567	5	80567	5.331000e-01	1.167350e+01
5:84429	5	84429	8.801027e-01	1.177789e+01
5:85973	5	85973	6.191213e-01	1.161432e+01
5:86583	5	86583	7.392677e-01	1.173514e+01
5:87501	5	87501	3.068507e-01	1.113846e+01
5:103139	5	103139	7.392677e-01	1.173514e+01
5:118591	5	118591	2.050797e-03	9.775294e+00
5:131083	5	131083	2.317843e-01	1.150177e+01
5:142440	5	142440	3.702497e-01	1.145443e+01
5:151930	5	151930	6.231366e-01	1.162451e+01
5:157091	5	157091	2.542706e-01	1.145052e+01
5:209445	5	209445	7.392677e-01	1.173514e+01
5:218585	5	218585	8.789979e-01	1.170041e+01
5:244222	5	244222	4.867550e-01	1.147174e+01
5:257220	5	257220	6.850822e-01	1.163055e+01
5:258152	5	258152	4.696469e-01	1.145246e+01
5:276471	5	276471	7.392677e-01	1.173514e+01
5:277868	5	277868	2.361008e-01	1.149893e+01
5:280271	5	280271	2.916523e-01	1.141859e+01
5:284996	5	284996	7.042526e-01	1.187701e+01
5:286015	5	286015	6.231366e-01	1.162451e+01
5:286276	5	286276	4.696469e-01	1.145246e+01
5:287202	5	287202	4.696469e-01	1.145246e+01
5:295227	5	295227	3.702497e-01	1.145443e+01
5:313051	5	313051	5.426994e-01	1.162302e+01
5:313204	5	313204	4.227825e-01	1.156107e+01
5:317024	5	317024	6.863564e-01	1.173338e+01
5:318317	5	318317	4.134514e-01	1.150936e+01
5:368292	5	368292	4.696469e-01	1.145246e+01
5:378413	5	378413	6.886241e-01	1.173358e+01
5:389587	5	389587	5.468275e-01	1.159713e+01
5:399491	5	399491	4.696469e-01	1.145246e+01
5:399886	5	399886	4.696469e-01	1.145246e+01
5:504474	5	504474	4.696469e-01	1.145246e+01
5:507752	5	507752	4.035730e-02	1.075007e+01
5:514803	5	514803	8.088230e-01	1.171456e+01
5:536857	5	536857	2.649614e-01	1.129100e+01
5:542122	5	542122	8.374959e-01	1.171025e+01
5:545526	5	545526	8.409378e-01	1.170042e+01
5:556063	5	556063	8.088230e-01	1.171456e+01
5:556065	5	556065	8.088230e-01	1.171456e+01
5:565439	5	565439	7.624487e-01	1.181525e+01
5:567201	5	567201	3.702497e-01	1.145443e+01
5:569657	5	569657	7.708716e-01	1.175659e+01
5:574060	5	574060	4.943372e-01	1.142904e+01
5:583252	5	583252	7.392677e-01	1.173514e+01
5:583310	5	583310	3.702497e-01	1.145443e+01
5:584186	5	584186	6.112878e-03	1.016548e+01
5:588918	5	588918	4.696469e-01	1.145246e+01
5:596281	5	596281	9.504847e-01	1.173912e+01
5:596858	5	596858	6.293639e-01	1.157842e+01
5:604906	5	604906	2.790501e-01	1.144667e+01
5:605292	5	605292	2.861691e-02	1.074813e+01
5:614812	5	614812	2.827956e-04	8.630003e+00
5:619213	5	619213	1.714391e-04	8.717541e+00
5:656032	5	656032	3.356474e-02	1.079337e+01
5:660650	5	660650	5.786509e-02	1.078987e+01
5:667416	5	667416	9.521514e-01	1.173887e+01
5:669320	5	669320	2.861691e-02	1.074813e+01
5:676177	5	676177	3.356474e-02	1.079337e+01
5:676549	5	676549	2.855447e-01	1.142908e+01
5:686582	5	686582	9.662768e-01	1.173852e+01
5:692461	5	692461	4.696469e-01	1.145246e+01
5:698166	5	698166	5.016205e-01	1.169246e+01
5:712310	5	712310	8.862063e-01	1.174602e+01
5:723284	5	723284	2.032943e-04	8.749976e+00
5:725208	5	725208	3.187831e-03	9.744403e+00
5:725288	5	725288	4.696469e-01	1.145246e+01
5:738478	5	738478	2.318443e-01	1.137668e+01
5:767025	5	767025	2.032943e-04	8.749976e+00
5:767876	5	767876	3.356474e-02	1.079337e+01
5:777515	5	777515	8.088230e-01	1.171456e+01
5:789477	5	789477	2.598051e-04	8.666657e+00
5:789570	5	789570	1.592035e-02	1.019302e+01
5:790576	5	790576	8.391706e-01	1.172121e+01
5:791652	5	791652	2.032943e-04	8.749976e+00
5:832614	5	832614	8.721261e-01	1.171630e+01
5:838669	5	838669	5.426994e-01	1.162302e+01
5:842092	5	842092	8.088230e-01	1.171456e+01
5:844576	5	844576	1.583371e-01	1.117420e+01
5:898687	5	898687	1.592035e-02	1.019302e+01
5:906997	5	906997	4.696469e-01	1.145246e+01
5:925975	5	925975	2.032943e-04	8.749976e+00
5:937531	5	937531	1.971251e-02	1.033892e+01
5:947105	5	947105	8.088230e-01	1.171456e+01
5:972452	5	972452	3.209648e-01	1.195777e+01
5:985100	5	985100	1.498305e-01	1.103264e+01
5:990572	5	990572	6.007712e-01	1.216783e+01
5:1021095	5	1021095	9.133842e-01	1.173693e+01
5:1031480	5	1031480	4.696469e-01	1.145246e+01
5:1034012	5	1034012	5.138670e-01	1.166557e+01
5:1034013	5	1034013	5.331000e-01	1.167350e+01
5:1076084	5	1076084	4.696469e-01	1.145246e+01
5:1076810	5	1076810	4.696469e-01	1.145246e+01
5:1078603	5	1078603	5.331000e-01	1.167350e+01
5:1090466	5	1090466	9.903908e-01	1.174121e+01
5:1091443	5	1091443	5.331000e-01	1.167350e+01
5:1099381	5	1099381	7.641221e-01	1.177751e+01
5:1102153	5	1102153	8.970615e-01	1.173536e+01
5:1106810	5	1106810	7.666772e-01	1.172294e+01
5:1111115	5	1111115	5.426994e-01	1.162302e+01
5:1111121	5	1111121	4.648162e-01	1.168381e+01
5:1111123	5	1111123	5.426994e-01	1.162302e+01
5:1111710	5	1111710	5.382667e-01	1.168228e+01
5:1115951	5	1115951	5.331000e-01	1.167350e+01
5:1116294	5	1116294	5.790455e-01	1.153205e+01
5:1118305	5	1118305	6.837149e-02	1.023240e+01
5:1127097	5	1127097	2.876126e-02	1.055268e+01
5:1129322	5	1129322	7.584814e-01	1.167158e+01
5:1132830	5	1132830	4.696469e-01	1.145246e+01
5:1132831	5	1132831	4.696469e-01	1.145246e+01
5:1142031	5	1142031	7.391678e-01	1.172243e+01
5:1155085	5	1155085	3.725803e-01	1.199542e+01
5:1197576	5	1197576	3.326410e-02	1.059342e+01
5:1202862	5	1202862	6.208427e-01	1.171349e+01
5:1202899	5	1202899	5.453825e-01	1.176582e+01
5:1202906	5	1202906	5.648847e-01	1.177610e+01
5:1202923	5	1202923	5.648847e-01	1.177610e+01
5:1202925	5	1202925	5.648847e-01	1.177610e+01
5:1202938	5	1202938	5.648847e-01	1.177610e+01
5:1202947	5	1202947	7.739461e-01	1.173019e+01
5:1202949	5	1202949	7.645485e-01	1.173595e+01
5:1202953	5	1202953	6.961973e-01	1.189473e+01
5:1202956	5	1202956	7.739461e-01	1.173019e+01
5:1202981	5	1202981	8.789136e-01	1.176690e+01
5:1209765	5	1209765	8.088230e-01	1.171456e+01
5:1211275	5	1211275	4.696469e-01	1.145246e+01
5:1211373	5	1211373	7.519219e-01	1.170595e+01
5:1215700	5	1215700	8.088230e-01	1.171456e+01
5:1217301	5	1217301	4.696469e-01	1.145246e+01
5:1220400	5	1220400	7.391678e-01	1.172243e+01
5:1226150	5	1226150	2.032943e-04	8.749976e+00
5:1230199	5	1230199	1.971251e-02	1.033892e+01
5:1230424	5	1230424	7.391678e-01	1.172243e+01
5:1230794	5	1230794	5.331000e-01	1.167350e+01
5:1234146	5	1234146	7.391678e-01	1.172243e+01
5:1235862	5	1235862	7.391678e-01	1.172243e+01
5:1239376	5	1239376	7.391678e-01	1.172243e+01
5:1246588	5	1246588	8.088230e-01	1.171456e+01
5:1270068	5	1270068	5.331000e-01	1.167350e+01
5:1301752	5	1301752	1.971251e-02	1.033892e+01
5:1304933	5	1304933	4.696469e-01	1.145246e+01
5:1307544	5	1307544	5.331000e-01	1.167350e+01
5:1312787	5	1312787	3.374223e-02	9.785828e+00
5:1316606	5	1316606	7.163134e-01	1.170163e+01
5:1346866	5	1346866	5.331000e-01	1.167350e+01
5:1364495	5	1364495	4.696469e-01	1.145246e+01
5:1370188	5	1370188	9.784627e-01	1.174220e+01
5:1376154	5	1376154	8.540756e-01	1.158440e+01
5:1400937	5	1400937	8.664821e-01	1.173409e+01
5:1402003	5	1402003	9.341283e-01	1.174887e+01
5:1408153	5	1408153	8.512933e-01	1.175471e+01
5:1408161	5	1408161	9.784627e-01	1.174220e+01
5:1408172	5	1408172	9.784627e-01	1.174220e+01
5:1408183	5	1408183	9.784627e-01	1.174220e+01
5:1414046	5	1414046	9.592962e-01	1.173877e+01
5:1414047	5	1414047	9.784627e-01	1.174220e+01
5:1423733	5	1423733	8.433859e-01	1.172450e+01
5:1426906	5	1426906	5.331000e-01	1.167350e+01
5:1428557	5	1428557	5.069157e-01	1.169273e+01
5:1432905	5	1432905	7.731694e-01	1.171627e+01
5:1436260	5	1436260	4.696469e-01	1.145246e+01
5:1455648	5	1455648	9.893650e-03	1.003331e+01
5:1467178	5	1467178	4.779567e-01	1.153433e+01
5:1472802	5	1472802	9.784627e-01	1.174220e+01
5:1488025	5	1488025	7.762700e-01	1.181695e+01
5:1495591	5	1495591	7.713734e-01	1.169647e+01
5:1501699	5	1501699	8.433859e-01	1.172450e+01
5:1518725	5	1518725	8.433859e-01	1.172450e+01
5:1530066	5	1530066	2.032943e-04	8.749976e+00
5:1536448	5	1536448	4.945941e-01	1.197673e+01
5:1545443	5	1545443	8.483441e-01	1.175124e+01
5:1550303	5	1550303	2.662988e-04	8.688041e+00
5:1557557	5	1557557	7.163134e-01	1.170163e+01
5:1576668	5	1576668	7.343397e-01	1.178951e+01
5:1582990	5	1582990	4.696469e-01	1.145246e+01
5:1583756	5	1583756	9.620301e-01	1.174281e+01
5:1602648	5	1602648	5.331000e-01	1.167350e+01
5:1618105	5	1618105	9.784627e-01	1.174220e+01
5:1620281	5	1620281	8.433859e-01	1.172450e+01
5:1625880	5	1625880	8.270108e-03	9.977235e+00
5:1628640	5	1628640	9.784627e-01	1.174220e+01
5:1632686	5	1632686	7.731694e-01	1.171627e+01
5:1640472	5	1640472	4.552566e-03	8.756446e+00
5:1655733	5	1655733	7.642431e-01	1.169911e+01
5:1672645	5	1672645	8.433859e-01	1.172450e+01
5:1676189	5	1676189	1.948660e-02	9.219460e+00
5:1677305	5	1677305	9.784627e-01	1.174220e+01
5:1683652	5	1683652	4.386542e-01	1.143685e+01
5:1690989	5	1690989	5.331000e-01	1.167350e+01
5:1695495	5	1695495	6.832631e-01	1.193604e+01
5:1709405	5	1709405	2.174764e-04	8.723901e+00
5:1732662	5	1732662	7.163134e-01	1.170163e+01
5:1734414	5	1734414	9.893650e-03	1.003331e+01
5:1735171	5	1735171	4.696469e-01	1.145246e+01
5:1742451	5	1742451	5.331000e-01	1.167350e+01
5:1747432	5	1747432	7.163134e-01	1.170163e+01
5:1748046	5	1748046	7.418885e-01	1.167804e+01
5:1749128	5	1749128	6.504706e-01	1.164570e+01
5:1772208	5	1772208	8.270108e-03	9.977235e+00
5:1789955	5	1789955	6.504706e-01	1.164570e+01
5:1792276	5	1792276	2.657773e-02	9.724781e+00
5:1810405	5	1810405	9.893650e-03	1.003331e+01
5:1816466	5	1816466	5.331000e-01	1.167350e+01
5:1818981	5	1818981	5.331000e-01	1.167350e+01
5:1826902	5	1826902	6.806976e-03	9.678431e+00
5:1833571	5	1833571	9.893650e-03	1.003331e+01
5:1842809	5	1842809	6.504706e-01	1.164570e+01
5:1851519	5	1851519	6.504706e-01	1.164570e+01
5:1867005	5	1867005	4.243409e-04	8.676483e+00
5:1876385	5	1876385	1.976957e-02	1.063076e+01
5:1892893	5	1892893	4.243409e-04	8.676483e+00
5:1899557	5	1899557	7.163134e-01	1.170163e+01
5:1902249	5	1902249	6.504706e-01	1.164570e+01
5:1905564	5	1905564	7.163134e-01	1.170163e+01
5:1911803	5	1911803	4.696469e-01	1.145246e+01
5:1922498	5	1922498	6.504706e-01	1.164570e+01
5:1923944	5	1923944	4.696469e-01	1.145246e+01
5:1938316	5	1938316	8.175315e-01	1.156167e+01
5:1938396	5	1938396	7.006166e-01	1.170783e+01
5:1939647	5	1939647	6.504706e-01	1.164570e+01
5:1942288	5	1942288	2.112120e-02	1.052392e+01
5:1983637	5	1983637	1.426244e-02	8.788749e+00
5:1985050	5	1985050	6.889018e-01	1.162729e+01
5:1988755	5	1988755	2.064582e-03	9.132730e+00
5:1990859	5	1990859	1.254412e-03	9.162589e+00
5:2010904	5	2010904	4.696469e-01	1.145246e+01
5:2021486	5	2021486	6.231366e-01	1.162451e+01
5:2062557	5	2062557	6.231366e-01	1.162451e+01
5:2076471	5	2076471	2.756594e-05	7.189542e+00
5:2079369	5	2079369	4.696469e-01	1.145246e+01
5:2101855	5	2101855	4.635141e-01	1.142811e+01
5:2113211	5	2113211	7.039984e-01	1.162248e+01
5:2153350	5	2153350	4.242019e-01	1.139442e+01
5:2163462	5	2163462	2.787247e-01	1.126092e+01
5:2253477	5	2253477	6.434725e-01	1.160737e+01
5:2279698	5	2279698	6.889018e-01	1.162729e+01
5:2287506	5	2287506	4.696469e-01	1.145246e+01
5:2308776	5	2308776	2.662225e-01	1.114267e+01
5:2315945	5	2315945	8.503314e-06	6.963065e+00
5:2359852	5	2359852	5.331000e-01	1.167350e+01
5:2395466	5	2395466	9.048999e-01	1.176997e+01
5:2395892	5	2395892	6.889018e-01	1.162729e+01
5:2396186	5	2396186	4.637717e-01	1.159429e+01
5:2425525	5	2425525	3.170953e-01	1.115337e+01
5:2427385	5	2427385	3.222051e-01	1.137700e+01
5:2443737	5	2443737	4.696469e-01	1.145246e+01
5:2473175	5	2473175	2.662225e-01	1.114267e+01
5:2544903	5	2544903	1.581361e-02	9.318695e+00
5:2567603	5	2567603	3.506727e-02	9.649929e+00
5:2575743	5	2575743	6.231366e-01	1.162451e+01
5:2582698	5	2582698	3.880148e-03	9.654638e+00
5:2592754	5	2592754	5.426994e-01	1.162302e+01
5:2617959	5	2617959	4.696469e-01	1.145246e+01
5:2632098	5	2632098	8.088230e-01	1.171456e+01
5:2634637	5	2634637	8.088230e-01	1.171456e+01
5:2636244	5	2636244	9.048999e-01	1.176997e+01
5:2655381	5	2655381	8.088230e-01	1.171456e+01
5:2670908	5	2670908	8.088230e-01	1.171456e+01
5:2674662	5	2674662	4.696469e-01	1.145246e+01
5:2699342	5	2699342	6.886241e-01	1.173358e+01
5:2711104	5	2711104	4.696469e-01	1.145246e+01
5:2726389	5	2726389	8.088230e-01	1.171456e+01
5:2739452	5	2739452	2.504728e-04	8.653951e+00
5:2750374	5	2750374	1.027522e-03	9.139183e+00
5:2777177	5	2777177	2.406979e-01	1.131826e+01
5:2798000	5	2798000	4.696469e-01	1.145246e+01
5:2801556	5	2801556	4.696469e-01	1.145246e+01
5:2810520	5	2810520	2.577709e-01	1.123085e+01
5:2844517	5	2844517	8.088230e-01	1.171456e+01
5:2920659	5	2920659	2.577709e-01	1.123085e+01
5:2955458	5	2955458	8.163624e-04	9.073112e+00
5:2957217	5	2957217	5.576267e-01	1.173512e+01
5:2970623	5	2970623	2.598051e-04	8.666657e+00
5:2972469	5	2972469	2.032943e-04	8.749976e+00
5:3017505	5	3017505	3.222051e-01	1.137700e+01
5:3031274	5	3031274	2.083341e-01	1.097864e+01
5:3031275	5	3031275	2.181152e-01	1.088388e+01
5:3038039	5	3038039	6.163492e-01	1.145590e+01
5:3050287	5	3050287	2.406979e-01	1.131826e+01
5:3095307	5	3095307	8.088230e-01	1.171456e+01
5:3098881	5	3098881	2.577709e-01	1.123085e+01
5:3149027	5	3149027	7.724615e-01	1.170924e+01
5:3166858	5	3166858	4.931094e-02	1.013155e+01
5:3176873	5	3176873	1.816780e-03	8.101034e+00
5:3184775	5	3184775	3.844343e-02	1.021935e+01
5:3195672	5	3195672	8.088230e-01	1.171456e+01
5:3241125	5	3241125	2.577709e-01	1.123085e+01
5:3254505	5	3254505	4.507870e-01	1.147717e+01
5:3255021	5	3255021	4.931094e-02	1.013155e+01
5:3299932	5	3299932	4.696469e-01	1.145246e+01
5:3314802	5	3314802	2.962547e-01	1.128571e+01
5:3316334	5	3316334	8.970615e-01	1.173536e+01
5:3345297	5	3345297	4.931094e-02	1.013155e+01
5:3352157	5	3352157	8.970615e-01	1.173536e+01
5:3364564	5	3364564	2.577709e-01	1.123085e+01
5:3394771	5	3394771	9.384620e-01	1.173861e+01
5:3403989	5	3403989	9.755193e-01	1.173788e+01
5:3405048	5	3405048	2.577709e-01	1.123085e+01
5:3423143	5	3423143	2.577709e-01	1.123085e+01
5:3479952	5	3479952	8.970615e-01	1.173536e+01
5:3485586	5	3485586	4.696469e-01	1.145246e+01
5:3486418	5	3486418	1.989324e-03	7.786303e+00
5:3526622	5	3526622	4.681263e-01	1.161631e+01
5:3549927	5	3549927	4.696469e-01	1.145246e+01
5:3566931	5	3566931	8.430244e-01	1.156620e+01
5:3581156	5	3581156	9.264764e-01	1.173906e+01
5:3638339	5	3638339	7.401363e-01	1.178066e+01
5:3643340	5	3643340	2.878145e-01	1.127515e+01
5:3669044	5	3669044	4.696009e-01	1.164520e+01
5:3678355	5	3678355	2.878145e-01	1.127515e+01
5:3680210	5	3680210	2.448812e-02	9.636444e+00
5:3692520	5	3692520	7.401363e-01	1.178066e+01
5:3698381	5	3698381	7.401363e-01	1.178066e+01
5:3699366	5	3699366	4.952337e-01	1.164010e+01
5:3730912	5	3730912	6.593161e-01	1.182106e+01
5:3738464	5	3738464	4.149732e-01	1.127815e+01
5:3750902	5	3750902	9.264764e-01	1.173906e+01
5:3751096	5	3751096	7.401363e-01	1.178066e+01
5:3769549	5	3769549	9.183426e-01	1.173624e+01
5:3780603	5	3780603	7.209268e-01	1.180088e+01
5:3786819	5	3786819	4.002471e-01	1.157145e+01
5:3792260	5	3792260	7.401363e-01	1.178066e+01
5:3847223	5	3847223	9.470726e-01	1.174011e+01
5:3885407	5	3885407	2.517610e-01	1.120924e+01
5:3890734	5	3890734	4.952337e-01	1.164010e+01
5:3910339	5	3910339	7.420098e-01	1.163149e+01
5:3925632	5	3925632	7.401363e-01	1.178066e+01
5:3965810	5	3965810	9.264764e-01	1.173906e+01
5:3968602	5	3968602	4.202252e-02	1.006042e+01
5:3971290	5	3971290	8.060619e-01	1.173426e+01
5:4030257	5	4030257	2.187535e-01	1.118292e+01
5:4035040	5	4035040	7.263091e-01	1.178003e+01
5:4069865	5	4069865	7.401363e-01	1.178066e+01
5:4082115	5	4082115	2.259994e-01	1.140902e+01
5:4096762	5	4096762	3.726403e-01	1.140534e+01
5:4122419	5	4122419	5.331000e-01	1.167350e+01
5:4132448	5	4132448	4.002471e-01	1.157145e+01
5:4134686	5	4134686	7.280546e-01	1.179285e+01
5:4145846	5	4145846	5.153555e-01	1.199199e+01
5:4165724	5	4165724	4.240074e-01	1.125849e+01
5:4167847	5	4167847	7.401363e-01	1.178066e+01
5:4178320	5	4178320	7.401363e-01	1.178066e+01
5:4198568	5	4198568	7.401363e-01	1.178066e+01
5:4229094	5	4229094	1.582649e-02	9.305665e+00
5:4235245	5	4235245	9.264764e-01	1.173906e+01
5:4276619	5	4276619	9.680144e-01	1.175239e+01
5:4277384	5	4277384	8.640845e-01	1.175686e+01
5:4281769	5	4281769	5.357166e-01	1.157746e+01
5:4385716	5	4385716	6.695631e-01	1.181380e+01
5:4422824	5	4422824	7.705208e-01	1.176948e+01
5:4439641	5	4439641	8.758643e-01	1.172469e+01
5:4439945	5	4439945	2.259994e-01	1.140902e+01
5:4477333	5	4477333	8.758643e-01	1.172469e+01
5:4490067	5	4490067	8.195383e-01	1.173220e+01
5:4503135	5	4503135	9.264764e-01	1.173906e+01
5:4514344	5	4514344	8.758643e-01	1.172469e+01
5:4536260	5	4536260	8.758643e-01	1.172469e+01
5:4536861	5	4536861	8.758643e-01	1.172469e+01
5:4560154	5	4560154	9.264764e-01	1.173906e+01
5:4561249	5	4561249	8.758643e-01	1.172469e+01
5:4565049	5	4565049	7.599636e-01	1.175374e+01
5:4636770	5	4636770	2.032943e-04	8.749976e+00
5:4645164	5	4645164	9.787257e-01	1.174200e+01
5:4661745	5	4661745	9.416567e-01	1.174596e+01
5:4680080	5	4680080	9.373178e-01	1.175433e+01
5:4688653	5	4688653	9.532753e-01	1.175129e+01
5:4743869	5	4743869	2.517610e-01	1.120924e+01
5:4759757	5	4759757	8.544053e-01	1.176429e+01
5:4760091	5	4760091	1.023114e-03	9.113867e+00
5:4760092	5	4760092	1.023114e-03	9.113867e+00
5:4765876	5	4765876	9.416567e-01	1.174596e+01
5:4766360	5	4766360	9.416567e-01	1.174596e+01
5:4783642	5	4783642	5.331000e-01	1.167350e+01
5:4798852	5	4798852	2.906082e-01	1.133858e+01
5:4806902	5	4806902	9.416567e-01	1.174596e+01
5:4816558	5	4816558	2.517610e-01	1.120924e+01
5:4823629	5	4823629	7.477530e-01	1.176221e+01
5:4826165	5	4826165	9.264764e-01	1.173906e+01
5:4836491	5	4836491	9.532753e-01	1.175129e+01
5:4849653	5	4849653	9.416567e-01	1.174596e+01
5:4854889	5	4854889	2.988289e-01	1.141912e+01
5:4856867	5	4856867	7.128125e-01	1.178207e+01
5:4888566	5	4888566	9.264764e-01	1.173906e+01
5:4894805	5	4894805	9.416567e-01	1.174596e+01
5:4918012	5	4918012	9.416567e-01	1.174596e+01
5:4918226	5	4918226	9.816365e-01	1.174076e+01
5:4922675	5	4922675	9.416567e-01	1.174596e+01
5:4923706	5	4923706	2.517610e-01	1.120924e+01
5:4927853	5	4927853	4.997334e-02	1.012416e+01
5:4936691	5	4936691	3.517899e-01	1.148636e+01
5:4937347	5	4937347	7.631536e-01	1.177973e+01
5:4947407	5	4947407	2.517610e-01	1.120924e+01
5:4956396	5	4956396	2.517610e-01	1.120924e+01
5:4957922	5	4957922	9.243740e-01	1.175915e+01
5:4981128	5	4981128	9.264764e-01	1.173906e+01
5:4997223	5	4997223	7.470788e-01	1.176283e+01
5:5012060	5	5012060	8.289344e-01	1.175624e+01
5:5022995	5	5022995	9.532753e-01	1.175129e+01
5:5023361	5	5023361	9.416567e-01	1.174596e+01
5:5037014	5	5037014	9.416567e-01	1.174596e+01
5:5058039	5	5058039	4.658667e-02	1.025687e+01
5:5072779	5	5072779	9.532753e-01	1.175129e+01
5:5086564	5	5086564	1.661195e-03	9.485163e+00
5:5099030	5	5099030	7.205133e-01	1.174419e+01
5:5102718	5	5102718	2.989907e-01	1.130709e+01
5:5105521	5	5105521	6.672950e-01	1.168573e+01
5:5144084	5	5144084	4.773972e-01	1.180524e+01
5:5155964	5	5155964	1.021354e-01	1.075205e+01
5:5159259	5	5159259	8.171621e-01	1.172920e+01
5:5164039	5	5164039	5.331000e-01	1.167350e+01
5:5177008	5	5177008	8.171621e-01	1.172920e+01
5:5194063	5	5194063	8.494709e-01	1.173141e+01
5:5224423	5	5224423	1.671924e-02	9.302780e+00
5:5224988	5	5224988	5.137999e-01	1.154361e+01
5:5231746	5	5231746	9.532753e-01	1.175129e+01
5:5231881	5	5231881	8.171621e-01	1.172920e+01
5:5235140	5	5235140	9.532753e-01	1.175129e+01
5:5235190	5	5235190	7.795533e-01	1.177447e+01
5:5238025	5	5238025	6.711884e-01	1.171935e+01
5:5263894	5	5263894	1.296629e-01	1.074242e+01
5:5266455	5	5266455	7.526479e-01	1.161655e+01
5:5287424	5	5287424	8.608256e-01	1.172619e+01
5:5319858	5	5319858	9.532753e-01	1.175129e+01
5:5327455	5	5327455	5.624337e-01	1.158747e+01
5:5333681	5	5333681	9.866642e-01	1.173826e+01
5:5344714	5	5344714	9.532753e-01	1.175129e+01
5:5348627	5	5348627	8.608256e-01	1.172619e+01
5:5359549	5	5359549	7.442076e-01	1.180671e+01
5:5360980	5	5360980	5.266654e-01	1.168562e+01
5:5372134	5	5372134	7.016774e-01	1.163919e+01
5:5377816	5	5377816	9.532753e-01	1.175129e+01
5:5399382	5	5399382	9.532753e-01	1.175129e+01
5:5445575	5	5445575	5.624337e-01	1.158747e+01
5:5449663	5	5449663	9.532753e-01	1.175129e+01
5:5450138	5	5450138	8.608256e-01	1.172619e+01
5:5451064	5	5451064	5.661599e-01	1.158084e+01
5:5466003	5	5466003	9.220227e-01	1.173839e+01
5:5485876	5	5485876	5.963947e-01	1.179571e+01
5:5506119	5	5506119	8.261755e-01	1.169346e+01
5:5513107	5	5513107	7.613424e-01	1.173753e+01
5:5532644	5	5532644	9.532753e-01	1.175129e+01
5:5556798	5	5556798	9.532753e-01	1.175129e+01
5:5567074	5	5567074	8.248025e-01	1.168961e+01
5:5574964	5	5574964	4.952005e-01	1.143810e+01
5:5656824	5	5656824	4.893382e-01	1.232522e+01
5:5658381	5	5658381	2.409565e-01	1.146420e+01
5:5668085	5	5668085	9.532753e-01	1.175129e+01
5:5705106	5	5705106	4.906407e-01	1.171658e+01
5:5717407	5	5717407	7.224153e-01	1.170955e+01
5:5718204	5	5718204	8.663853e-01	1.169373e+01
5:5723950	5	5723950	5.847048e-01	1.154155e+01
5:5735581	5	5735581	6.733598e-01	1.155717e+01
5:5743264	5	5743264	6.144560e-01	1.168124e+01
5:5746701	5	5746701	7.684814e-01	1.176190e+01
5:5754658	5	5754658	9.373178e-01	1.175433e+01
5:5773675	5	5773675	8.671489e-01	1.178992e+01
5:5779161	5	5779161	7.619679e-01	1.175747e+01
5:5811463	5	5811463	8.640845e-01	1.175686e+01
5:5843297	5	5843297	4.798104e-01	1.147266e+01
5:5851479	5	5851479	9.226141e-01	1.174377e+01
5:5866706	5	5866706	9.394459e-01	1.173964e+01
5:5878021	5	5878021	5.406996e-01	1.180737e+01
5:5888825	5	5888825	4.027970e-01	1.135843e+01
5:5950587	5	5950587	9.394459e-01	1.173964e+01
5:5973154	5	5973154	8.147325e-01	1.168048e+01
5:5982205	5	5982205	9.447773e-01	1.173959e+01
5:5982236	5	5982236	9.226141e-01	1.174377e+01
5:5983221	5	5983221	2.409565e-01	1.146420e+01
5:6002342	5	6002342	8.136563e-01	1.170659e+01
5:6045251	5	6045251	9.226141e-01	1.174377e+01
5:6114530	5	6114530	9.226141e-01	1.174377e+01
5:6121219	5	6121219	9.394459e-01	1.173964e+01
5:6122378	5	6122378	9.532753e-01	1.175129e+01
5:6136893	5	6136893	8.737707e-01	1.174949e+01
5:6139580	5	6139580	9.226141e-01	1.174377e+01
5:6156142	5	6156142	9.394459e-01	1.173964e+01
5:6159890	5	6159890	8.125941e-01	1.170249e+01
5:6188074	5	6188074	9.226141e-01	1.174377e+01
5:6189196	5	6189196	8.147325e-01	1.168048e+01
5:6196343	5	6196343	4.727035e-01	1.155540e+01
5:6218889	5	6218889	8.640845e-01	1.175686e+01
5:6229347	5	6229347	9.226141e-01	1.174377e+01
5:6232719	5	6232719	5.402294e-01	1.159307e+01
5:6264368	5	6264368	9.394459e-01	1.173964e+01
5:6265358	5	6265358	9.432976e-01	1.174048e+01
5:6280650	5	6280650	9.532753e-01	1.175129e+01
5:6299176	5	6299176	2.283283e-01	1.119612e+01
5:6304940	5	6304940	9.226141e-01	1.174377e+01
5:6314906	5	6314906	9.226141e-01	1.174377e+01
5:6315077	5	6315077	9.226141e-01	1.174377e+01
5:6362924	5	6362924	3.600345e-01	1.153516e+01
5:6364335	5	6364335	7.799370e-03	1.013378e+01
5:6388927	5	6388927	5.847048e-01	1.154155e+01
5:6398529	5	6398529	9.394459e-01	1.173964e+01
5:6400886	5	6400886	9.215317e-01	1.174082e+01
5:6414925	5	6414925	9.394459e-01	1.173964e+01
5:6423949	5	6423949	9.226141e-01	1.174377e+01
5:6424009	5	6424009	1.781734e-01	1.128951e+01
5:6432501	5	6432501	6.136251e-01	1.165643e+01
5:6468402	5	6468402	4.873064e-01	1.161728e+01
5:6479649	5	6479649	5.847048e-01	1.154155e+01
5:6504610	5	6504610	6.335322e-02	1.056698e+01
5:6511829	5	6511829	6.109126e-02	1.122394e+01
5:6556337	5	6556337	9.226141e-01	1.174377e+01
5:6566181	5	6566181	6.208724e-01	1.154888e+01
5:6577033	5	6577033	5.847048e-01	1.154155e+01
5:6601667	5	6601667	5.587474e-01	1.152984e+01
5:6619615	5	6619615	5.540647e-02	1.025129e+01
5:6621086	5	6621086	2.209551e-01	1.117338e+01
5:6643201	5	6643201	9.394459e-01	1.173964e+01
5:6650135	5	6650135	5.847048e-01	1.154155e+01
5:6651875	5	6651875	2.154438e-01	1.118509e+01
5:6683308	5	6683308	6.448829e-01	1.191877e+01
5:6743582	5	6743582	8.868416e-01	1.174125e+01
5:6747725	5	6747725	9.394459e-01	1.173964e+01
5:6788464	5	6788464	9.411554e-01	1.175555e+01
5:6804462	5	6804462	5.847048e-01	1.154155e+01
5:6823529	5	6823529	5.847048e-01	1.154155e+01
5:6831567	5	6831567	9.532753e-01	1.175129e+01
5:6872281	5	6872281	9.199674e-02	1.070173e+01
5:6876882	5	6876882	5.615546e-01	1.163511e+01
5:6890975	5	6890975	5.540647e-02	1.025129e+01
5:6903154	5	6903154	4.517736e-01	1.161877e+01
5:6946349	5	6946349	4.688719e-01	1.155598e+01
5:6971527	5	6971527	9.199674e-02	1.070173e+01
5:6986139	5	6986139	2.167599e-01	1.098932e+01
5:6988085	5	6988085	5.847048e-01	1.154155e+01
5:6999196	5	6999196	5.180936e-01	1.150085e+01
5:7010262	5	7010262	1.230211e-01	1.089607e+01
5:7010294	5	7010294	5.909392e-01	1.164827e+01
5:7012464	5	7012464	5.847048e-01	1.154155e+01
5:7073476	5	7073476	2.582247e-01	1.113055e+01
5:7086606	5	7086606	7.793367e-01	1.170123e+01
5:7096108	5	7096108	9.199674e-02	1.070173e+01
5:7111637	5	7111637	9.199674e-02	1.070173e+01
5:7115941	5	7115941	2.071332e-02	1.025451e+01
5:7130154	5	7130154	5.590566e-01	1.153134e+01
5:7131171	5	7131171	3.985192e-02	1.005019e+01
5:7132071	5	7132071	5.847048e-01	1.154155e+01
5:7139585	5	7139585	1.082614e-03	9.215970e+00
5:7140592	5	7140592	3.985192e-02	1.005019e+01
5:7158992	5	7158992	7.793367e-01	1.170123e+01
5:7171168	5	7171168	5.615546e-01	1.163511e+01
5:7179094	5	7179094	6.128221e-02	1.053115e+01
5:7181441	5	7181441	2.684576e-01	1.116426e+01
5:7184368	5	7184368	6.128221e-02	1.053115e+01
5:7190541	5	7190541	6.118475e-01	1.164959e+01
5:7205224	5	7205224	9.644038e-02	1.082073e+01
5:7214644	5	7214644	6.128221e-02	1.053115e+01
5:7222138	5	7222138	6.517729e-01	1.169992e+01
5:7223434	5	7223434	6.517729e-01	1.169992e+01
5:7229333	5	7229333	6.128221e-02	1.053115e+01
5:7232762	5	7232762	6.128221e-02	1.053115e+01
5:7233704	5	7233704	5.331000e-01	1.167350e+01
5:7239335	5	7239335	7.961725e-01	1.173725e+01
5:7255833	5	7255833	6.057760e-02	1.058261e+01
5:7262330	5	7262330	8.062520e-01	1.168229e+01
5:7270492	5	7270492	6.464106e-01	1.168385e+01
5:7275135	5	7275135	6.128221e-02	1.053115e+01
5:7287701	5	7287701	2.030622e-01	1.106071e+01
5:7306444	5	7306444	9.961197e-01	1.174109e+01
5:7319742	5	7319742	6.012654e-01	1.164420e+01
5:7326055	5	7326055	6.247328e-01	1.160520e+01
5:7346032	5	7346032	1.118303e-01	1.071276e+01
5:7354354	5	7354354	3.371405e-01	1.145688e+01
5:7371274	5	7371274	5.391922e-01	1.167287e+01
5:7371784	5	7371784	1.295948e-02	1.007361e+01
5:7377210	5	7377210	8.913755e-01	1.173413e+01
5:7385002	5	7385002	1.072784e-01	1.075628e+01
5:7411895	5	7411895	3.654621e-02	9.306933e+00
5:7418792	5	7418792	5.331000e-01	1.167350e+01
5:7421081	5	7421081	5.519511e-01	1.168736e+01
5:7425853	5	7425853	4.987625e-02	1.022094e+01
5:7437754	5	7437754	8.790040e-03	9.657520e+00
5:7449771	5	7449771	5.519511e-01	1.168736e+01
5:7462806	5	7462806	6.024515e-01	1.179815e+01
5:7463087	5	7463087	8.790040e-03	9.657520e+00
5:7477243	5	7477243	5.331000e-01	1.167350e+01
5:7500492	5	7500492	1.713635e-01	1.101093e+01
5:7509942	5	7509942	5.519511e-01	1.168736e+01
5:7552471	5	7552471	5.242111e-01	1.172014e+01
5:7554316	5	7554316	1.493041e-02	9.603995e+00
5:7559993	5	7559993	2.155864e-02	1.032015e+01
5:7574525	5	7574525	6.631679e-01	1.170331e+01
5:7578213	5	7578213	9.176518e-01	1.174021e+01
5:7582828	5	7582828	8.790040e-03	9.657520e+00
5:7588211	5	7588211	5.519511e-01	1.168736e+01
5:7593259	5	7593259	1.345591e-01	1.089706e+01
5:7628584	5	7628584	5.005557e-01	1.171024e+01
5:7628585	5	7628585	5.519511e-01	1.168736e+01
5:7633300	5	7633300	3.631185e-01	1.138503e+01
5:7634062	5	7634062	3.120598e-02	1.022018e+01
5:7640175	5	7640175	1.628717e-01	1.085863e+01
5:7653027	5	7653027	2.103923e-01	1.099849e+01
5:7661173	5	7661173	1.235450e-01	1.068392e+01
5:7662460	5	7662460	2.708713e-01	1.073057e+01
5:7677363	5	7677363	9.731008e-01	1.174367e+01
5:7682702	5	7682702	5.331000e-01	1.167350e+01
5:7689195	5	7689195	9.403678e-01	1.174012e+01
5:7694310	5	7694310	5.331000e-01	1.167350e+01
5:7714397	5	7714397	6.613342e-01	1.170796e+01
5:7733721	5	7733721	5.331000e-01	1.167350e+01
5:7753148	5	7753148	6.265407e-01	1.191040e+01
5:7758247	5	7758247	7.284488e-01	1.170351e+01
5:7765179	5	7765179	6.613342e-01	1.170796e+01
5:7766720	5	7766720	5.331000e-01	1.167350e+01
5:7777862	5	7777862	7.867942e-01	1.169864e+01
5:7778628	5	7778628	5.331000e-01	1.167350e+01
5:7780818	5	7780818	9.176518e-01	1.174021e+01
5:7805281	5	7805281	4.421453e-01	1.161124e+01
5:7805398	5	7805398	4.421453e-01	1.161124e+01
5:7815337	5	7815337	6.094430e-01	1.170008e+01
5:7826171	5	7826171	4.714732e-01	1.121520e+01
5:7835646	5	7835646	8.096533e-01	1.177070e+01
5:7846012	5	7846012	6.235641e-01	1.171908e+01
5:7846255	5	7846255	5.692791e-01	1.167929e+01
5:7871140	5	7871140	8.640845e-01	1.175686e+01
5:7880861	5	7880861	6.105321e-01	1.169089e+01
5:7894418	5	7894418	9.615387e-01	1.173726e+01
5:7909524	5	7909524	4.026110e-01	1.142251e+01
5:7915230	5	7915230	7.832800e-01	1.172994e+01
5:7918177	5	7918177	7.832800e-01	1.172994e+01
5:7934892	5	7934892	2.025904e-01	1.095875e+01
5:7935015	5	7935015	8.640845e-01	1.175686e+01
5:7938403	5	7938403	4.421453e-01	1.161124e+01
5:7939711	5	7939711	5.920891e-02	1.056884e+01
5:7972522	5	7972522	5.178677e-02	1.057350e+01
5:8003053	5	8003053	7.284488e-01	1.170351e+01
5:8005217	5	8005217	6.633936e-02	1.061133e+01
5:8009535	5	8009535	4.421453e-01	1.161124e+01
5:8020917	5	8020917	9.615387e-01	1.173726e+01
5:8023999	5	8023999	9.493280e-01	1.174331e+01
5:8041352	5	8041352	2.035619e-01	1.038259e+01
5:8044609	5	8044609	1.207159e-01	1.097181e+01
5:8057760	5	8057760	9.615387e-01	1.173726e+01
5:8066596	5	8066596	1.746422e-01	1.136121e+01
5:8081951	5	8081951	3.541128e-01	1.128650e+01
5:8122769	5	8122769	9.300782e-01	1.174615e+01
5:8137379	5	8137379	5.920891e-02	1.056884e+01
5:8146863	5	8146863	5.920891e-02	1.056884e+01
5:8156686	5	8156686	1.294932e-01	1.059599e+01
5:8158607	5	8158607	3.351011e-02	9.866878e+00
5:8189649	5	8189649	6.696194e-01	1.170427e+01
5:8189650	5	8189650	6.696194e-01	1.170427e+01
5:8217638	5	8217638	9.176518e-01	1.174021e+01
5:8220598	5	8220598	9.344415e-02	1.094172e+01
5:8237875	5	8237875	1.442837e-01	1.121500e+01
5:8251724	5	8251724	6.501023e-01	1.169672e+01
5:8252691	5	8252691	9.277780e-01	1.173541e+01
5:8276847	5	8276847	5.920891e-02	1.056884e+01
5:8291373	5	8291373	9.277780e-01	1.173541e+01
5:8306540	5	8306540	5.920891e-02	1.056884e+01
5:8340786	5	8340786	5.920891e-02	1.056884e+01
5:8348136	5	8348136	9.277780e-01	1.173541e+01
5:8349921	5	8349921	7.893060e-02	1.033319e+01
5:8359252	5	8359252	9.509569e-01	1.174204e+01
5:8359940	5	8359940	9.277780e-01	1.173541e+01
5:8360175	5	8360175	5.920891e-02	1.056884e+01
5:8360991	5	8360991	9.403678e-01	1.174012e+01
5:8379183	5	8379183	9.403678e-01	1.174012e+01
5:8384864	5	8384864	1.129571e-01	1.037652e+01
5:8392163	5	8392163	9.403678e-01	1.174012e+01
5:8403443	5	8403443	5.920891e-02	1.056884e+01
5:8406997	5	8406997	9.568151e-01	1.175082e+01
5:8419522	5	8419522	7.893060e-02	1.033319e+01
5:8429953	5	8429953	5.920891e-02	1.056884e+01
5:8438226	5	8438226	2.626574e-01	1.116815e+01
5:8438244	5	8438244	7.548461e-03	9.723861e+00
5:8444302	5	8444302	5.920891e-02	1.056884e+01
5:8444852	5	8444852	9.762963e-01	1.174231e+01
5:8450680	5	8450680	6.041380e-02	1.050974e+01
5:8465810	5	8465810	6.686408e-01	1.124636e+01
5:8471959	5	8471959	8.705679e-01	1.172900e+01
5:8478292	5	8478292	3.668448e-01	1.109873e+01
5:8487152	5	8487152	1.208104e-01	1.059150e+01
5:8496081	5	8496081	9.277780e-01	1.173541e+01
5:8521618	5	8521618	9.277780e-01	1.173541e+01
5:8525879	5	8525879	9.277780e-01	1.173541e+01
5:8538728	5	8538728	9.277780e-01	1.173541e+01
5:8548434	5	8548434	5.920891e-02	1.056884e+01
5:8551748	5	8551748	9.277780e-01	1.173541e+01
5:8575129	5	8575129	1.973571e-02	1.046522e+01
5:8587512	5	8587512	7.753569e-01	1.163680e+01
5:8588780	5	8588780	9.277780e-01	1.173541e+01
5:8589108	5	8589108	1.723789e-01	1.057569e+01
5:8608649	5	8608649	9.338428e-02	1.032431e+01
5:8619609	5	8619609	6.770780e-02	1.016983e+01
5:8623483	5	8623483	6.732306e-02	1.013438e+01
5:8636208	5	8636208	9.762963e-01	1.174231e+01
5:8640453	5	8640453	4.753282e-01	1.133660e+01
5:8643446	5	8643446	9.855452e-01	1.173937e+01
5:8648473	5	8648473	7.631537e-02	1.024717e+01
5:8651775	5	8651775	8.705679e-01	1.172900e+01
5:8654131	5	8654131	6.431190e-02	1.006889e+01
5:8667397	5	8667397	7.893876e-01	1.184799e+01
5:8670261	5	8670261	9.277780e-01	1.173541e+01
5:8670521	5	8670521	9.277780e-01	1.173541e+01
5:8674939	5	8674939	8.259353e-01	1.171085e+01
5:8680890	5	8680890	9.277780e-01	1.173541e+01
5:8689310	5	8689310	5.920891e-02	1.056884e+01
5:8689348	5	8689348	9.277780e-01	1.173541e+01
5:8689751	5	8689751	5.920891e-02	1.056884e+01
5:8691692	5	8691692	8.900159e-01	1.172665e+01
5:8698951	5	8698951	4.490288e-01	1.130745e+01
5:8709990	5	8709990	9.366198e-01	1.173503e+01
5:8715658	5	8715658	9.277780e-01	1.173541e+01
5:8726481	5	8726481	5.920891e-02	1.056884e+01
5:8736226	5	8736226	7.624385e-02	9.583079e+00
5:8740668	5	8740668	4.766407e-01	1.156068e+01
5:8788207	5	8788207	2.778054e-01	1.141487e+01
5:8794897	5	8794897	1.904576e-02	9.398003e+00
5:8805933	5	8805933	9.723752e-03	9.507621e+00
5:8805934	5	8805934	9.277780e-01	1.173541e+01
5:8810743	5	8810743	9.277780e-01	1.173541e+01
5:8831829	5	8831829	9.957201e-01	1.174037e+01
5:8833336	5	8833336	9.277780e-01	1.173541e+01
5:8837778	5	8837778	8.658538e-03	9.081366e+00
5:8839704	5	8839704	4.149092e-01	1.150110e+01
5:8861329	5	8861329	4.649282e-01	1.148201e+01
5:8862744	5	8862744	3.455431e-01	1.158555e+01
5:8869030	5	8869030	2.631606e-01	1.113648e+01
5:8883200	5	8883200	3.513971e-02	1.015500e+01
5:8896129	5	8896129	2.778054e-01	1.141487e+01
5:8898979	5	8898979	1.176380e-01	1.087647e+01
5:8911761	5	8911761	1.325116e-01	1.084928e+01
5:8922741	5	8922741	7.791122e-02	1.037512e+01
5:8924267	5	8924267	4.766407e-01	1.156068e+01
5:8937407	5	8937407	9.074478e-02	1.026296e+01
5:8975640	5	8975640	2.778054e-01	1.141487e+01
5:9012083	5	9012083	8.001902e-01	1.163493e+01
5:9013688	5	9013688	2.631606e-01	1.113648e+01
5:9029511	5	9029511	3.360342e-01	1.115938e+01
5:9046619	5	9046619	9.778051e-01	1.176205e+01
5:9048186	5	9048186	3.581968e-02	1.007603e+01
5:9050396	5	9050396	4.766407e-01	1.156068e+01
5:9050398	5	9050398	6.155302e-01	1.155496e+01
5:9056699	5	9056699	3.040146e-01	1.118029e+01
5:9062982	5	9062982	3.455431e-01	1.158555e+01
5:9084730	5	9084730	2.631606e-01	1.113648e+01
5:9104347	5	9104347	2.631606e-01	1.113648e+01
5:9172092	5	9172092	3.513971e-02	1.015500e+01
5:9181529	5	9181529	3.360342e-01	1.115938e+01
5:9192925	5	9192925	3.455431e-01	1.158555e+01
5:9193954	5	9193954	1.980489e-01	1.082978e+01
5:9207207	5	9207207	3.513971e-02	1.015500e+01
5:9219781	5	9219781	2.802538e-01	1.136965e+01
5:9223229	5	9223229	8.579908e-01	1.177731e+01
5:9225805	5	9225805	2.126715e-03	8.413533e+00
5:9235533	5	9235533	6.061823e-03	8.627410e+00
5:9249904	5	9249904	2.631606e-01	1.113648e+01
5:9249964	5	9249964	3.455431e-01	1.158555e+01
5:9254460	5	9254460	4.149092e-01	1.150110e+01
5:9254790	5	9254790	3.903855e-01	1.147485e+01
5:9264155	5	9264155	2.631606e-01	1.113648e+01
5:9266665	5	9266665	2.849225e-01	1.164368e+01
5:9280484	5	9280484	4.775358e-02	1.001409e+01
5:9281098	5	9281098	3.455431e-01	1.158555e+01
5:9284097	5	9284097	3.021397e-01	1.120680e+01
5:9288080	5	9288080	3.455431e-01	1.158555e+01
5:9289314	5	9289314	4.766407e-01	1.156068e+01
5:9291285	5	9291285	3.455431e-01	1.158555e+01
5:9301278	5	9301278	3.188252e-01	1.162991e+01
5:9302375	5	9302375	3.455431e-01	1.158555e+01
5:9318856	5	9318856	3.455431e-01	1.158555e+01
5:9322763	5	9322763	5.548540e-01	1.138244e+01
5:9322981	5	9322981	4.321480e-01	1.151872e+01
5:9324402	5	9324402	2.460151e-01	1.112714e+01
5:9334478	5	9334478	2.631606e-01	1.113648e+01
5:9342013	5	9342013	3.335317e-01	1.138729e+01
5:9343810	5	9343810	3.358866e-01	1.156095e+01
5:9344957	5	9344957	4.006116e-01	1.158086e+01
5:9345772	5	9345772	2.778054e-01	1.141487e+01
5:9348515	5	9348515	6.567402e-01	1.168342e+01
5:9353917	5	9353917	3.953087e-01	1.150830e+01
5:9355511	5	9355511	1.321272e-01	1.021137e+01
5:9375073	5	9375073	2.631606e-01	1.113648e+01
5:9402892	5	9402892	7.214511e-01	1.169384e+01
5:9410981	5	9410981	3.325029e-01	1.114936e+01
5:9421886	5	9421886	4.006116e-01	1.158086e+01
5:9423962	5	9423962	9.114481e-01	1.171700e+01
5:9429569	5	9429569	3.961566e-01	1.115984e+01
5:9429773	5	9429773	4.385870e-01	1.151315e+01
5:9442164	5	9442164	2.631606e-01	1.113648e+01
5:9446494	5	9446494	3.455431e-01	1.158555e+01
5:9455317	5	9455317	2.631606e-01	1.113648e+01
5:9456617	5	9456617	1.203641e-01	1.038347e+01
5:9460201	5	9460201	5.051200e-01	1.157831e+01
5:9460483	5	9460483	3.330395e-01	1.163031e+01
5:9515009	5	9515009	2.778054e-01	1.141487e+01
5:9557442	5	9557442	1.203641e-01	1.038347e+01
5:9574427	5	9574427	4.321480e-01	1.151872e+01
5:9579801	5	9579801	1.593794e-02	8.632795e+00
5:9583012	5	9583012	1.203641e-01	1.038347e+01
5:9588203	5	9588203	4.766407e-01	1.156068e+01
5:9594159	5	9594159	2.631606e-01	1.113648e+01
5:9594257	5	9594257	5.039855e-01	1.155140e+01
5:9598128	5	9598128	1.890434e-02	8.752755e+00
5:9610716	5	9610716	1.427068e-01	1.084808e+01
5:9615328	5	9615328	2.631606e-01	1.113648e+01
5:9616087	5	9616087	2.631606e-01	1.113648e+01
5:9637196	5	9637196	4.006116e-01	1.158086e+01
5:9646686	5	9646686	4.661081e-03	8.861383e+00
5:9649901	5	9649901	3.258267e-01	1.052628e+01
5:9665627	5	9665627	4.377623e-01	1.171433e+01
5:9684385	5	9684385	3.455431e-01	1.158555e+01
5:9704776	5	9704776	4.006116e-01	1.158086e+01
5:9704876	5	9704876	2.631606e-01	1.113648e+01
5:9707764	5	9707764	4.006116e-01	1.158086e+01
5:9711253	5	9711253	4.766407e-01	1.156068e+01
5:9721566	5	9721566	4.394684e-01	1.136628e+01
5:9729689	5	9729689	2.631606e-01	1.113648e+01
5:9772504	5	9772504	2.778054e-01	1.141487e+01
5:9776546	5	9776546	3.455431e-01	1.158555e+01
5:9788317	5	9788317	4.766407e-01	1.156068e+01
5:9795543	5	9795543	2.778054e-01	1.141487e+01
5:9805438	5	9805438	4.006116e-01	1.158086e+01
5:9809364	5	9809364	1.175417e-01	1.044091e+01
5:9811341	5	9811341	2.778054e-01	1.141487e+01
5:9815893	5	9815893	4.661081e-03	8.861383e+00
5:9822220	5	9822220	2.778054e-01	1.141487e+01
5:9823318	5	9823318	9.800325e-02	1.000124e+01
5:9825532	5	9825532	2.631606e-01	1.113648e+01
5:9828663	5	9828663	6.408990e-03	8.289968e+00
5:9829401	5	9829401	4.006116e-01	1.158086e+01
5:9833465	5	9833465	3.455431e-01	1.158555e+01
5:9836374	5	9836374	5.093339e-02	9.679143e+00
5:9842760	5	9842760	4.006116e-01	1.158086e+01
5:9844782	5	9844782	6.408990e-03	8.289968e+00
5:9856483	5	9856483	3.217285e-01	1.153139e+01
5:9866244	5	9866244	3.040962e-01	1.143946e+01
5:9889107	5	9889107	3.611880e-01	1.160508e+01
5:9897897	5	9897897	3.394188e-01	1.168387e+01
5:9898280	5	9898280	4.544868e-01	1.147296e+01
5:9911219	5	9911219	4.535453e-01	1.151324e+01
5:9914773	5	9914773	4.006116e-01	1.158086e+01
5:9916144	5	9916144	3.253866e-01	1.168856e+01
5:9934251	5	9934251	3.319168e-01	1.160019e+01
5:9938351	5	9938351	6.408990e-03	8.289968e+00
5:9940658	5	9940658	2.778054e-01	1.141487e+01
5:9950748	5	9950748	5.093339e-02	9.679143e+00
5:9951150	5	9951150	4.006116e-01	1.158086e+01
5:9951236	5	9951236	2.778054e-01	1.141487e+01
5:9955276	5	9955276	1.777877e-02	8.840637e+00
5:9956363	5	9956363	3.217285e-01	1.153139e+01
5:9956724	5	9956724	2.402187e-02	9.132954e+00
5:9957543	5	9957543	5.093339e-02	9.679143e+00
5:9962874	5	9962874	4.666451e-01	1.159392e+01
5:9965573	5	9965573	4.535453e-01	1.151324e+01
5:9979362	5	9979362	3.455431e-01	1.158555e+01
5:9980052	5	9980052	7.606896e-03	8.752673e+00
5:9982615	5	9982615	5.331000e-01	1.167350e+01
5:9994604	5	9994604	8.033217e-03	8.286995e+00
5:9995938	5	9995938	4.006116e-01	1.158086e+01
5:10005362	5	10005362	4.370799e-01	1.147175e+01
5:10016520	5	10016520	4.006116e-01	1.158086e+01
5:10036358	5	10036358	5.753986e-01	1.164381e+01
5:10039243	5	10039243	4.006116e-01	1.158086e+01
5:10096905	5	10096905	2.385966e-01	1.104184e+01
5:10097156	5	10097156	3.455431e-01	1.158555e+01
5:10099148	5	10099148	2.631606e-01	1.113648e+01
5:10104934	5	10104934	5.614888e-01	1.166485e+01
5:10106540	5	10106540	7.554917e-01	1.157238e+01
5:10115972	5	10115972	2.778054e-01	1.141487e+01
5:10116087	5	10116087	3.027219e-01	1.135857e+01
5:10116692	5	10116692	4.006116e-01	1.158086e+01
5:10121501	5	10121501	4.006116e-01	1.158086e+01
5:10123033	5	10123033	4.321480e-01	1.151872e+01
5:10132560	5	10132560	7.547910e-01	1.161219e+01
5:10173752	5	10173752	4.006116e-01	1.158086e+01
5:10178764	5	10178764	3.217285e-01	1.153139e+01
5:10184792	5	10184792	3.989625e-01	1.137086e+01
5:10188335	5	10188335	3.217285e-01	1.153139e+01
5:10222628	5	10222628	2.631606e-01	1.113648e+01
5:10224835	5	10224835	3.217285e-01	1.153139e+01
5:10226471	5	10226471	1.233958e-01	1.100022e+01
5:10227512	5	10227512	1.233958e-01	1.100022e+01
5:10228088	5	10228088	1.258291e-01	1.126860e+01
5:10228862	5	10228862	4.051339e-01	1.156774e+01
5:10258821	5	10258821	3.662677e-01	1.156426e+01
5:10260761	5	10260761	1.088750e-02	8.701504e+00
5:10262599	5	10262599	2.778054e-01	1.141487e+01
5:10274890	5	10274890	4.006116e-01	1.158086e+01
5:10290262	5	10290262	1.337753e-01	1.097470e+01
5:10313403	5	10313403	1.832581e-02	1.003511e+01
5:10321428	5	10321428	5.426994e-01	1.162302e+01
5:10354269	5	10354269	6.662833e-01	1.184120e+01
5:10354313	5	10354313	7.102351e-01	1.169760e+01
5:10354399	5	10354399	1.825033e-01	1.106939e+01
5:10355504	5	10355504	4.315947e-01	1.143428e+01
5:10383628	5	10383628	6.647052e-01	1.160422e+01
5:10386274	5	10386274	1.233958e-01	1.100022e+01
5:10391844	5	10391844	2.631606e-01	1.113648e+01
5:10398834	5	10398834	5.416193e-01	1.160917e+01
5:10420537	5	10420537	2.631606e-01	1.113648e+01
5:10422604	5	10422604	4.006116e-01	1.158086e+01
5:10428192	5	10428192	3.325029e-01	1.114936e+01
5:10428679	5	10428679	1.233958e-01	1.100022e+01
5:10476190	5	10476190	2.631606e-01	1.113648e+01
5:10476705	5	10476705	4.124573e-01	1.156579e+01
5:10483433	5	10483433	4.006116e-01	1.158086e+01
5:10489594	5	10489594	3.312733e-02	9.318873e+00
5:10492775	5	10492775	4.165498e-01	1.178145e+01
5:10502081	5	10502081	5.252703e-01	1.155884e+01
5:10502347	5	10502347	2.631606e-01	1.113648e+01
5:10510722	5	10510722	5.331000e-01	1.167350e+01
5:10512061	5	10512061	5.416193e-01	1.160917e+01
5:10543355	5	10543355	3.966938e-01	1.156707e+01
5:10549396	5	10549396	9.496655e-01	1.174601e+01
5:10550037	5	10550037	5.416193e-01	1.160917e+01
5:10561668	5	10561668	4.703404e-01	1.158279e+01
5:10561676	5	10561676	4.703404e-01	1.158279e+01
5:10562012	5	10562012	4.006116e-01	1.158086e+01
5:10565623	5	10565623	2.631606e-01	1.113648e+01
5:10566519	5	10566519	5.491542e-01	1.157542e+01
5:10579211	5	10579211	2.631606e-01	1.113648e+01
5:10580055	5	10580055	5.416193e-01	1.160917e+01
5:10592763	5	10592763	4.006116e-01	1.158086e+01
5:10596781	5	10596781	3.455431e-01	1.158555e+01
5:10612423	5	10612423	3.739475e-01	1.162373e+01
5:10619752	5	10619752	4.696469e-01	1.145246e+01
5:10619848	5	10619848	5.416193e-01	1.160917e+01
5:10622783	5	10622783	5.007433e-01	1.153109e+01
5:10627900	5	10627900	5.304234e-02	1.038417e+01
5:10627967	5	10627967	4.006116e-01	1.158086e+01
5:10628711	5	10628711	1.681386e-01	1.105750e+01
5:10631484	5	10631484	4.696469e-01	1.145246e+01
5:10639319	5	10639319	8.546129e-01	1.184864e+01
5:10642874	5	10642874	4.124573e-01	1.156579e+01
5:10643912	5	10643912	5.416193e-01	1.160917e+01
5:10645981	5	10645981	5.252703e-01	1.155884e+01
5:10653549	5	10653549	7.740247e-01	1.189859e+01
5:10654301	5	10654301	8.540756e-01	1.158440e+01
5:10660466	5	10660466	4.006116e-01	1.158086e+01
5:10663678	5	10663678	3.343741e-01	1.150280e+01
5:10668588	5	10668588	4.696469e-01	1.145246e+01
5:10670773	5	10670773	4.548592e-01	1.155622e+01
5:10671962	5	10671962	2.760982e-01	1.106984e+01
5:10684593	5	10684593	4.696469e-01	1.145246e+01
5:10687022	5	10687022	5.416193e-01	1.160917e+01
5:10691513	5	10691513	3.455431e-01	1.158555e+01
5:10696314	5	10696314	6.729852e-02	9.991179e+00
5:10703579	5	10703579	5.416193e-01	1.160917e+01
5:10706533	5	10706533	3.562594e-01	1.158894e+01
5:10710422	5	10710422	4.696469e-01	1.145246e+01
5:10710506	5	10710506	3.732944e-01	1.157932e+01
5:10721885	5	10721885	7.441725e-02	9.997502e+00
5:10725484	5	10725484	4.006116e-01	1.158086e+01
5:10729964	5	10729964	4.998457e-01	1.169884e+01
5:10735193	5	10735193	4.711488e-01	1.118524e+01
5:10743233	5	10743233	2.988250e-01	1.158248e+01
5:10744540	5	10744540	6.506347e-01	1.165046e+01
5:10744881	5	10744881	5.593462e-01	1.207223e+01
5:10750524	5	10750524	7.441725e-02	9.997502e+00
5:10752764	5	10752764	4.006116e-01	1.158086e+01
5:10756741	5	10756741	3.222051e-01	1.137700e+01
5:10783961	5	10783961	1.233958e-01	1.100022e+01
5:10798909	5	10798909	4.006116e-01	1.158086e+01
5:10805652	5	10805652	7.283226e-01	1.166940e+01
5:10805658	5	10805658	4.980609e-01	1.169184e+01
5:10819804	5	10819804	4.711488e-01	1.118524e+01
5:10823373	5	10823373	3.887169e-01	1.154855e+01
5:10824090	5	10824090	4.696469e-01	1.145246e+01
5:10835708	5	10835708	4.006116e-01	1.158086e+01
5:10888136	5	10888136	4.006116e-01	1.158086e+01
5:10892214	5	10892214	2.760982e-01	1.106984e+01
5:10893351	5	10893351	5.416193e-01	1.160917e+01
5:10899292	5	10899292	9.264432e-01	1.168279e+01
5:10903374	5	10903374	8.640845e-01	1.175686e+01
5:10909264	5	10909264	4.731649e-01	1.160688e+01
5:10909468	5	10909468	2.242615e-01	1.078812e+01
5:10910582	5	10910582	2.935151e-02	9.887146e+00
5:10912857	5	10912857	4.321480e-01	1.151872e+01
5:10935752	5	10935752	7.393516e-01	1.169528e+01
5:10942953	5	10942953	4.696469e-01	1.145246e+01
5:10954543	5	10954543	8.640845e-01	1.175686e+01
5:10960264	5	10960264	2.048662e-01	1.101876e+01
5:10962243	5	10962243	5.252703e-01	1.155884e+01
5:10964074	5	10964074	5.930071e-01	1.146895e+01
5:10964249	5	10964249	4.696469e-01	1.145246e+01
5:10966701	5	10966701	2.760982e-01	1.106984e+01
5:10968386	5	10968386	4.696469e-01	1.145246e+01
5:10969339	5	10969339	4.580923e-01	1.120778e+01
5:10971972	5	10971972	8.976449e-01	1.169845e+01
5:10976111	5	10976111	5.252703e-01	1.155884e+01
5:10985428	5	10985428	7.279239e-01	1.160172e+01
5:10986814	5	10986814	4.696469e-01	1.145246e+01
5:10993386	5	10993386	2.478857e-01	1.130592e+01
5:10994324	5	10994324	3.799279e-01	1.118680e+01
5:10995238	5	10995238	5.416193e-01	1.160917e+01
5:10999683	5	10999683	2.760982e-01	1.106984e+01
5:11000323	5	11000323	5.235412e-01	1.146030e+01
5:11028254	5	11028254	4.006116e-01	1.158086e+01
5:11028651	5	11028651	1.798271e-01	1.016892e+01
5:11032719	5	11032719	4.696469e-01	1.145246e+01
5:11032720	5	11032720	4.943372e-01	1.142904e+01
5:11038358	5	11038358	4.006116e-01	1.158086e+01
5:11041692	5	11041692	2.760982e-01	1.106984e+01
5:11046857	5	11046857	5.467735e-01	1.155205e+01
5:11049755	5	11049755	1.219652e-01	1.022053e+01
5:11050924	5	11050924	7.441725e-02	9.997502e+00
5:11055888	5	11055888	2.390918e-01	1.079548e+01
5:11056341	5	11056341	2.859922e-01	1.128051e+01
5:11059446	5	11059446	5.331000e-01	1.167350e+01
5:11062477	5	11062477	3.648458e-01	1.158763e+01
5:11062479	5	11062479	4.006116e-01	1.158086e+01
5:11067020	5	11067020	3.966938e-01	1.156707e+01
5:11071850	5	11071850	5.105673e-01	1.165224e+01
5:11073984	5	11073984	2.855748e-01	1.122755e+01
5:11074754	5	11074754	3.455431e-01	1.158555e+01
5:11076870	5	11076870	4.303257e-01	1.150922e+01
5:11077478	5	11077478	2.639777e-01	1.096658e+01
5:11085751	5	11085751	6.046444e-01	1.154838e+01
5:11092075	5	11092075	1.713462e-01	1.112777e+01
5:11094329	5	11094329	3.740219e-01	1.074341e+01
5:11096355	5	11096355	4.431335e-01	1.160871e+01
5:11097313	5	11097313	3.497961e-01	1.164392e+01
5:11098735	5	11098735	9.048999e-01	1.176997e+01
5:11102460	5	11102460	4.696469e-01	1.145246e+01
5:11114063	5	11114063	4.696469e-01	1.145246e+01
5:11114105	5	11114105	1.111822e-01	1.003084e+01
5:11127023	5	11127023	4.696469e-01	1.145246e+01
5:11137040	5	11137040	4.161288e-01	1.151476e+01
5:11137766	5	11137766	5.626549e-01	1.153108e+01
5:11157875	5	11157875	4.006116e-01	1.158086e+01
5:11169343	5	11169343	3.151669e-01	1.042275e+01
5:11180981	5	11180981	6.167989e-01	1.157224e+01
5:11194277	5	11194277	7.441725e-02	9.997502e+00
5:11198602	5	11198602	2.242615e-01	1.078812e+01
5:11198751	5	11198751	5.537487e-01	1.165345e+01
5:11199152	5	11199152	3.326985e-01	1.168813e+01
5:11212875	5	11212875	8.939561e-01	1.178225e+01
5:11213165	5	11213165	5.331000e-01	1.167350e+01
5:11220571	5	11220571	4.006116e-01	1.158086e+01
5:11269057	5	11269057	2.242615e-01	1.078812e+01
5:11270185	5	11270185	7.441725e-02	9.997502e+00
5:11275857	5	11275857	4.006116e-01	1.158086e+01
5:11277686	5	11277686	3.953087e-01	1.150830e+01
5:11279679	5	11279679	2.242615e-01	1.078812e+01
5:11280296	5	11280296	5.416193e-01	1.160917e+01
5:11282061	5	11282061	4.696469e-01	1.145246e+01
5:11284482	5	11284482	2.733242e-01	1.102460e+01
5:11287060	5	11287060	4.006116e-01	1.158086e+01
5:11287440	5	11287440	5.991197e-01	1.151551e+01
5:11295522	5	11295522	4.006116e-01	1.158086e+01
5:11307862	5	11307862	2.242615e-01	1.078812e+01
5:11307926	5	11307926	4.696469e-01	1.145246e+01
5:11308967	5	11308967	7.581652e-01	1.193241e+01
5:11311053	5	11311053	5.971565e-01	1.215956e+01
5:11314023	5	11314023	4.696469e-01	1.145246e+01
5:11332608	5	11332608	3.703578e-01	1.109164e+01
5:11335396	5	11335396	2.760982e-01	1.106984e+01
5:11341641	5	11341641	4.429050e-01	1.124910e+01
5:11341925	5	11341925	4.696469e-01	1.145246e+01
5:11342502	5	11342502	4.006116e-01	1.158086e+01
5:11353299	5	11353299	8.767632e-01	1.166672e+01
5:11357141	5	11357141	2.760982e-01	1.106984e+01
5:11361787	5	11361787	3.935536e-01	1.161909e+01
5:11364291	5	11364291	4.696469e-01	1.145246e+01
5:11387356	5	11387356	9.824749e-01	1.175043e+01
5:11404796	5	11404796	9.410222e-01	1.173241e+01
5:11408613	5	11408613	2.855748e-01	1.122755e+01
5:11412709	5	11412709	4.696469e-01	1.145246e+01
5:11416587	5	11416587	4.514959e-01	1.167427e+01
5:11416588	5	11416588	4.695665e-01	1.165745e+01
5:11429651	5	11429651	4.696469e-01	1.145246e+01
5:11431027	5	11431027	3.138643e-01	1.028033e+01
5:11432415	5	11432415	4.696469e-01	1.145246e+01
5:11432590	5	11432590	4.006116e-01	1.158086e+01
5:11436225	5	11436225	4.696469e-01	1.145246e+01
5:11436763	5	11436763	3.988771e-01	1.156517e+01
5:11439656	5	11439656	4.499144e-01	1.127019e+01
5:11448936	5	11448936	1.923047e-01	1.076703e+01
5:11454041	5	11454041	4.006116e-01	1.158086e+01
5:11470292	5	11470292	4.006116e-01	1.158086e+01
5:11477965	5	11477965	7.441725e-02	9.997502e+00
5:11481916	5	11481916	4.006116e-01	1.158086e+01
5:11487539	5	11487539	5.252703e-01	1.155884e+01
5:11488048	5	11488048	4.481215e-01	1.155525e+01
5:11507796	5	11507796	4.006116e-01	1.158086e+01
5:11509888	5	11509888	5.252703e-01	1.155884e+01
5:11521331	5	11521331	1.825033e-01	1.106939e+01
5:11526673	5	11526673	4.696469e-01	1.145246e+01
5:11528489	5	11528489	2.760982e-01	1.106984e+01
5:11528528	5	11528528	4.180273e-01	1.152538e+01
5:11533600	5	11533600	1.310680e-01	9.772926e+00
5:11535030	5	11535030	2.723509e-01	1.094678e+01
5:11536805	5	11536805	5.252703e-01	1.155884e+01
5:11543389	5	11543389	4.006116e-01	1.158086e+01
5:11546807	5	11546807	5.252703e-01	1.155884e+01
5:11548077	5	11548077	7.441725e-02	9.997502e+00
5:11557473	5	11557473	5.252703e-01	1.155884e+01
5:11570990	5	11570990	4.006116e-01	1.158086e+01
5:11579636	5	11579636	4.304063e-01	1.142388e+01
5:11594956	5	11594956	6.384370e-01	1.165937e+01
5:11614508	5	11614508	3.223484e-01	1.121158e+01
5:11614509	5	11614509	3.223484e-01	1.121158e+01
5:11621628	5	11621628	4.696469e-01	1.145246e+01
5:11631938	5	11631938	5.252703e-01	1.155884e+01
5:11632842	5	11632842	4.006116e-01	1.158086e+01
5:11637476	5	11637476	4.006116e-01	1.158086e+01
5:11637527	5	11637527	4.006116e-01	1.158086e+01
5:11644968	5	11644968	3.988771e-01	1.156517e+01
5:11646650	5	11646650	7.652770e-01	1.161652e+01
5:11650109	5	11650109	5.416193e-01	1.160917e+01
5:11666535	5	11666535	4.006116e-01	1.158086e+01
5:11666860	5	11666860	4.696469e-01	1.145246e+01
5:11809554	5	11809554	4.006116e-01	1.158086e+01
5:11822347	5	11822347	6.748696e-01	1.158721e+01
5:12080891	5	12080891	4.006116e-01	1.158086e+01
5:12080893	5	12080893	4.006116e-01	1.158086e+01
5:12086123	5	12086123	5.663955e-01	1.158674e+01
5:12089317	5	12089317	1.399650e-02	9.350889e+00
5:12093692	5	12093692	4.696469e-01	1.145246e+01
5:12096469	5	12096469	2.700148e-01	1.124641e+01
5:12096929	5	12096929	3.455431e-01	1.158555e+01
5:12156706	5	12156706	4.224627e-01	1.151348e+01
5:12156923	5	12156923	9.618063e-01	1.173640e+01
5:12166982	5	12166982	4.028965e-01	1.155482e+01
5:12181182	5	12181182	3.465380e-01	1.164884e+01
5:12181610	5	12181610	2.390918e-01	1.079548e+01
5:12181773	5	12181773	3.465380e-01	1.164884e+01
5:12182102	5	12182102	4.006116e-01	1.158086e+01
5:12195967	5	12195967	1.644473e-01	1.098441e+01
5:12196909	5	12196909	3.679277e-01	1.156601e+01
5:12208446	5	12208446	5.252703e-01	1.155884e+01
5:12210506	5	12210506	5.113813e-01	1.151932e+01
5:12212919	5	12212919	9.047246e-01	1.177482e+01
5:12219437	5	12219437	4.862400e-01	1.157741e+01
5:12219533	5	12219533	2.974575e-01	1.119239e+01
5:12223013	5	12223013	4.259910e-01	1.170018e+01
5:12223441	5	12223441	4.696469e-01	1.145246e+01
5:12225781	5	12225781	4.006116e-01	1.158086e+01
5:12227624	5	12227624	4.696469e-01	1.145246e+01
5:12247362	5	12247362	7.882166e-01	1.151499e+01
5:12249919	5	12249919	6.024515e-01	1.179815e+01
5:12251943	5	12251943	6.647052e-01	1.160422e+01
5:12255101	5	12255101	3.831618e-01	1.161314e+01
5:12263800	5	12263800	5.252703e-01	1.155884e+01
5:12266178	5	12266178	1.914693e-01	1.107731e+01
5:12270341	5	12270341	5.416193e-01	1.160917e+01
5:12285782	5	12285782	3.887169e-01	1.154855e+01
5:12302557	5	12302557	5.252703e-01	1.155884e+01
5:12303270	5	12303270	4.696469e-01	1.145246e+01
5:12314730	5	12314730	4.006116e-01	1.158086e+01
5:12323500	5	12323500	1.919701e-01	1.021721e+01
5:12324007	5	12324007	4.696469e-01	1.145246e+01
5:12326123	5	12326123	4.124573e-01	1.156579e+01
5:12350953	5	12350953	4.696469e-01	1.145246e+01
5:12354031	5	12354031	5.617920e-01	1.158400e+01
5:12354526	5	12354526	4.696469e-01	1.145246e+01
5:12355288	5	12355288	5.416193e-01	1.160917e+01
5:12358524	5	12358524	2.845284e-01	1.090757e+01
5:12358965	5	12358965	4.006116e-01	1.158086e+01
5:12368088	5	12368088	4.734903e-01	1.159417e+01
5:12371011	5	12371011	4.006116e-01	1.158086e+01
5:12371523	5	12371523	1.825033e-01	1.106939e+01
5:12377263	5	12377263	4.006116e-01	1.158086e+01
5:12377378	5	12377378	5.416193e-01	1.160917e+01
5:12378824	5	12378824	4.969963e-01	1.171496e+01
5:12381340	5	12381340	3.806464e-01	1.099383e+01
5:12390350	5	12390350	5.252703e-01	1.155884e+01
5:12395509	5	12395509	4.303257e-01	1.150922e+01
5:12420337	5	12420337	2.678128e-01	1.106853e+01
5:12422122	5	12422122	4.006116e-01	1.158086e+01
5:12551804	5	12551804	3.678278e-01	1.149252e+01
5:12591120	5	12591120	5.252703e-01	1.155884e+01
5:12591851	5	12591851	2.855748e-01	1.122755e+01
5:12605853	5	12605853	3.330395e-01	1.163031e+01
5:12609111	5	12609111	4.006116e-01	1.158086e+01
5:12609916	5	12609916	3.222051e-01	1.137700e+01
5:12610536	5	12610536	4.006116e-01	1.158086e+01
5:12614497	5	12614497	4.006116e-01	1.158086e+01
5:12618658	5	12618658	4.006116e-01	1.158086e+01
5:12619445	5	12619445	4.696469e-01	1.145246e+01
5:12655928	5	12655928	4.006116e-01	1.158086e+01
5:12712347	5	12712347	3.465380e-01	1.164884e+01
5:12720553	5	12720553	2.390918e-01	1.079548e+01
5:12724665	5	12724665	5.416193e-01	1.160917e+01
5:12725442	5	12725442	4.696469e-01	1.145246e+01
5:12727825	5	12727825	2.242615e-01	1.078812e+01
5:12729281	5	12729281	4.696469e-01	1.145246e+01
5:12738713	5	12738713	5.591888e-01	1.158370e+01
5:12753103	5	12753103	9.640557e-01	1.171472e+01
5:12771864	5	12771864	9.264432e-01	1.168279e+01
5:12891726	5	12891726	4.731649e-01	1.160688e+01
5:12893094	5	12893094	4.006116e-01	1.158086e+01
5:12896846	5	12896846	2.760982e-01	1.106984e+01
5:12901145	5	12901145	4.696469e-01	1.145246e+01
5:12904324	5	12904324	2.845284e-01	1.090757e+01
5:12912115	5	12912115	8.009298e-01	1.190518e+01
5:12919765	5	12919765	4.696469e-01	1.145246e+01
5:12922969	5	12922969	3.455431e-01	1.158555e+01
5:12933756	5	12933756	7.339348e-01	1.193688e+01
5:12938480	5	12938480	4.006116e-01	1.158086e+01
5:12939098	5	12939098	6.475527e-01	1.210697e+01
5:12952913	5	12952913	5.252703e-01	1.155884e+01
5:12958022	5	12958022	6.201754e-01	1.146230e+01
5:12959127	5	12959127	5.416193e-01	1.160917e+01
5:12964476	5	12964476	3.885034e-01	1.163200e+01
5:12964788	5	12964788	2.845284e-01	1.090757e+01
5:12971598	5	12971598	6.212496e-01	1.163603e+01
5:12983797	5	12983797	2.760982e-01	1.106984e+01
5:12985069	5	12985069	4.696469e-01	1.145246e+01
5:12994395	5	12994395	2.855748e-01	1.122755e+01
5:12995239	5	12995239	1.913824e-01	1.123333e+01
5:13017885	5	13017885	4.696469e-01	1.145246e+01
5:13027456	5	13027456	4.262807e-01	1.159128e+01
5:13063031	5	13063031	5.857278e-01	1.166383e+01
5:13066400	5	13066400	5.857278e-01	1.166383e+01
5:13094099	5	13094099	5.303718e-01	1.159509e+01
5:13095204	5	13095204	9.802836e-01	1.170168e+01
5:13096669	5	13096669	7.481593e-01	1.191778e+01
5:13113643	5	13113643	3.438033e-01	1.119485e+01
5:13117285	5	13117285	5.857278e-01	1.166383e+01
5:13123432	5	13123432	7.460977e-01	1.166775e+01
5:13129100	5	13129100	4.696469e-01	1.145246e+01
5:13130167	5	13130167	4.696469e-01	1.145246e+01
5:13132856	5	13132856	8.546129e-01	1.184864e+01
5:13136298	5	13136298	5.416193e-01	1.160917e+01
5:13138633	5	13138633	2.845284e-01	1.090757e+01
5:13138636	5	13138636	5.857278e-01	1.166383e+01
5:13149945	5	13149945	7.088734e-01	1.167877e+01
5:13159839	5	13159839	4.696469e-01	1.145246e+01
5:13160702	5	13160702	3.104550e-01	1.130504e+01
5:13161666	5	13161666	4.974966e-01	1.143885e+01
5:13163871	5	13163871	2.845284e-01	1.090757e+01
5:13169608	5	13169608	4.696469e-01	1.145246e+01
5:13182150	5	13182150	5.857278e-01	1.166383e+01
5:13182256	5	13182256	5.857278e-01	1.166383e+01
5:13185360	5	13185360	4.696469e-01	1.145246e+01
5:13328592	5	13328592	4.927417e-01	1.172083e+01
5:13345336	5	13345336	5.857278e-01	1.166383e+01
5:13354511	5	13354511	4.696469e-01	1.145246e+01
5:13355990	5	13355990	6.292030e-01	1.174399e+01
5:13362281	5	13362281	1.287666e-01	1.058761e+01
5:13382493	5	13382493	5.549926e-01	1.161767e+01
5:13386597	5	13386597	3.687146e-01	1.142781e+01
5:13395627	5	13395627	5.857278e-01	1.166383e+01
5:13395996	5	13395996	5.248957e-01	1.170541e+01
5:13409254	5	13409254	5.068563e-01	1.166723e+01
5:13409664	5	13409664	4.696469e-01	1.145246e+01
5:13419063	5	13419063	4.370799e-01	1.147175e+01
5:13437704	5	13437704	6.353137e-01	1.169990e+01
5:13465328	5	13465328	3.217285e-01	1.153139e+01
5:13467775	5	13467775	3.023093e-01	1.116783e+01
5:13473047	5	13473047	6.824494e-01	1.163429e+01
5:13489221	5	13489221	5.860240e-01	1.161197e+01
5:13489458	5	13489458	1.580149e-01	1.054069e+01
5:13493053	5	13493053	5.857278e-01	1.166383e+01
5:13495165	5	13495165	5.857278e-01	1.166383e+01
5:13515839	5	13515839	2.778054e-01	1.141487e+01
5:13518088	5	13518088	4.696469e-01	1.145246e+01
5:13525843	5	13525843	3.474405e-01	1.154756e+01
5:13527227	5	13527227	3.953343e-02	9.682320e+00
5:13535308	5	13535308	4.696469e-01	1.145246e+01
5:13535309	5	13535309	4.696469e-01	1.145246e+01
5:13553529	5	13553529	4.277490e-01	1.141668e+01
5:13558623	5	13558623	4.696469e-01	1.145246e+01
5:13565067	5	13565067	6.479446e-01	1.164673e+01
5:13572209	5	13572209	6.406252e-03	9.648602e+00
5:13573026	5	13573026	1.465564e-01	1.054348e+01
5:13577538	5	13577538	3.119236e-01	1.145441e+01
5:13591691	5	13591691	2.535355e-01	1.135365e+01
5:13594359	5	13594359	4.696469e-01	1.145246e+01
5:13600573	5	13600573	4.696469e-01	1.145246e+01
5:13614484	5	13614484	2.293065e-01	1.138673e+01
5:13635102	5	13635102	3.027219e-01	1.135857e+01
5:13635358	5	13635358	2.118737e-01	1.137328e+01
5:13637900	5	13637900	6.896680e-01	1.165807e+01
5:13641318	5	13641318	2.293065e-01	1.138673e+01
5:13647828	5	13647828	3.227437e-01	1.135781e+01
5:13654595	5	13654595	5.291831e-01	1.146777e+01
5:13661386	5	13661386	4.983939e-01	1.147810e+01
5:13680682	5	13680682	2.293065e-01	1.138673e+01
5:13682140	5	13682140	2.293065e-01	1.138673e+01
5:13683836	5	13683836	2.778054e-01	1.141487e+01
5:13685997	5	13685997	6.479446e-01	1.164673e+01
5:13687874	5	13687874	1.465564e-01	1.054348e+01
5:13690093	5	13690093	4.696469e-01	1.145246e+01
5:13695169	5	13695169	4.696469e-01	1.145246e+01
5:13696949	5	13696949	6.548478e-01	1.147330e+01
5:13710179	5	13710179	1.891014e-01	1.091878e+01
5:13713613	5	13713613	5.626558e-01	1.168167e+01
5:13713792	5	13713792	7.063825e-02	1.109581e+01
5:13714970	5	13714970	2.293065e-01	1.138673e+01
5:13725667	5	13725667	2.222457e-01	1.136660e+01
5:13732957	5	13732957	2.554795e-01	1.136858e+01
5:13754419	5	13754419	2.293065e-01	1.138673e+01
5:13762713	5	13762713	4.696469e-01	1.145246e+01
5:13763375	5	13763375	1.891014e-01	1.091878e+01
5:13766156	5	13766156	2.293065e-01	1.138673e+01
5:13775234	5	13775234	1.891014e-01	1.091878e+01
5:13775756	5	13775756	5.743237e-03	9.439487e+00
5:13818603	5	13818603	7.599174e-01	1.177762e+01
5:13821895	5	13821895	4.386542e-01	1.143685e+01
5:13835907	5	13835907	5.854856e-01	1.166537e+01
5:13837645	5	13837645	4.696469e-01	1.145246e+01
5:13855443	5	13855443	1.194173e-01	1.109167e+01
5:13902378	5	13902378	6.479446e-01	1.164673e+01
5:13936057	5	13936057	1.194173e-01	1.109167e+01
5:13937141	5	13937141	4.696469e-01	1.145246e+01
5:13940138	5	13940138	4.608679e-01	1.136536e+01
5:13940894	5	13940894	7.323323e-03	9.402918e+00
5:13944330	5	13944330	1.891014e-01	1.091878e+01
5:13946076	5	13946076	4.696469e-01	1.145246e+01
5:13946329	5	13946329	1.905377e-01	1.093921e+01
5:13946874	5	13946874	1.658353e-01	1.077577e+01
5:13948448	5	13948448	6.479446e-01	1.164673e+01
5:13948701	5	13948701	4.696469e-01	1.145246e+01
5:13955615	5	13955615	6.479446e-01	1.164673e+01
5:14012743	5	14012743	1.453870e-04	8.814439e+00
5:14016393	5	14016393	1.194173e-01	1.109167e+01
5:14029883	5	14029883	9.765482e-02	1.109078e+01
5:14077741	5	14077741	5.562794e-01	1.192272e+01
5:14077892	5	14077892	9.927667e-02	1.034608e+01
5:14080730	5	14080730	4.696469e-01	1.145246e+01
5:14114529	5	14114529	2.032943e-04	8.749976e+00
5:14117342	5	14117342	4.959745e-02	1.030710e+01
5:14185050	5	14185050	1.159600e-02	9.508010e+00
5:14188808	5	14188808	4.946878e-01	1.201747e+01
5:14198843	5	14198843	5.335970e-01	1.143161e+01
5:14212964	5	14212964	8.540756e-01	1.158440e+01
5:14229669	5	14229669	2.117812e-01	1.107161e+01
5:14232038	5	14232038	9.830473e-01	1.173744e+01
5:14232116	5	14232116	1.457247e-04	8.645065e+00
5:14232118	5	14232118	7.088734e-01	1.167877e+01
5:14238572	5	14238572	8.863042e-01	1.171644e+01
5:14244602	5	14244602	5.331000e-01	1.167350e+01
5:14245155	5	14245155	6.173964e-03	9.375650e+00
5:14253395	5	14253395	8.540756e-01	1.158440e+01
5:14264757	5	14264757	5.648071e-01	1.175185e+01
5:14282065	5	14282065	4.696469e-01	1.145246e+01
5:14286257	5	14286257	2.032943e-04	8.749976e+00
5:14287600	5	14287600	5.335970e-01	1.143161e+01
5:14291788	5	14291788	8.511796e-01	1.171710e+01
5:14292064	5	14292064	8.540756e-01	1.158440e+01
5:14293059	5	14293059	5.252466e-02	1.027776e+01
5:14298322	5	14298322	7.663490e-01	1.194640e+01
5:14307549	5	14307549	5.246544e-01	1.201730e+01
5:14309050	5	14309050	4.983939e-01	1.147810e+01
5:14383303	5	14383303	6.372458e-01	1.186755e+01
5:14540600	5	14540600	4.696469e-01	1.145246e+01
5:14553497	5	14553497	7.519270e-02	1.115217e+01
5:14554133	5	14554133	7.261664e-01	1.173217e+01
5:14576260	5	14576260	7.191503e-01	1.175468e+01
5:14577028	5	14577028	6.672928e-01	1.172794e+01
5:14577245	5	14577245	3.702497e-01	1.145443e+01
5:14577834	5	14577834	7.191503e-01	1.175468e+01
5:14578615	5	14578615	3.933502e-01	1.142689e+01
5:14597765	5	14597765	1.175659e-01	1.102887e+01
5:14601564	5	14601564	2.123306e-01	1.117799e+01
5:14657174	5	14657174	5.335970e-01	1.143161e+01
5:14659772	5	14659772	1.070161e-01	1.111965e+01
5:14746901	5	14746901	5.524094e-01	1.142296e+01
5:14781237	5	14781237	5.578969e-02	1.042449e+01
5:14782293	5	14782293	6.479446e-01	1.164673e+01
5:14782518	5	14782518	8.472024e-01	1.178128e+01
5:14784807	5	14784807	1.968326e-04	8.770279e+00
5:14812474	5	14812474	1.560595e-04	8.717535e+00
5:14826262	5	14826262	1.985074e-04	8.790870e+00
5:14854687	5	14854687	2.032943e-04	8.749976e+00
5:14856713	5	14856713	1.825033e-01	1.106939e+01
5:14874622	5	14874622	4.166968e-01	1.122966e+01
5:14876047	5	14876047	8.704469e-01	1.174041e+01
5:14885244	5	14885244	1.159600e-02	9.508010e+00
5:14888837	5	14888837	9.262444e-02	1.093960e+01
5:14910301	5	14910301	8.812193e-01	1.174520e+01
5:14916250	5	14916250	6.479446e-01	1.164673e+01
5:14917650	5	14917650	1.175659e-01	1.102887e+01
5:14933258	5	14933258	6.042389e-01	1.171513e+01
5:14969485	5	14969485	6.479446e-01	1.164673e+01
5:15000808	5	15000808	3.539296e-04	8.888855e+00
5:15002478	5	15002478	3.209762e-02	1.039678e+01
5:15011502	5	15011502	3.204258e-03	9.918241e+00
5:15013647	5	15013647	4.307120e-01	1.130289e+01
5:15020507	5	15020507	2.837887e-04	9.027391e+00
5:15032587	5	15032587	1.175659e-01	1.102887e+01
5:15047549	5	15047549	3.869694e-08	8.999417e+00
5:15049071	5	15049071	2.102292e-03	9.426143e+00
5:15102852	5	15102852	1.175659e-01	1.102887e+01
5:15120750	5	15120750	1.175659e-01	1.102887e+01
5:15121041	5	15121041	3.117038e-01	1.188075e+01
5:15123945	5	15123945	2.032943e-04	8.749976e+00
5:15123973	5	15123973	1.187535e-02	9.799666e+00
5:15134638	5	15134638	2.032943e-04	8.749976e+00
5:15134662	5	15134662	2.656349e-04	8.716206e+00
5:15134674	5	15134674	2.017709e-04	8.701490e+00
5:15134680	5	15134680	2.017709e-04	8.701490e+00
5:15215512	5	15215512	4.000207e-05	8.320433e+00
5:15224112	5	15224112	6.154536e-01	1.175092e+01
5:15257617	5	15257617	1.175659e-01	1.102887e+01
5:15309537	5	15309537	2.032943e-04	8.749976e+00
5:15332984	5	15332984	4.275263e-01	1.166717e+01
5:15333103	5	15333103	2.032943e-04	8.749976e+00
5:15373976	5	15373976	3.290048e-01	1.202381e+01
5:15375330	5	15375330	1.175659e-01	1.102887e+01
5:15378820	5	15378820	1.296323e-01	1.105923e+01
5:15390863	5	15390863	1.654485e-04	8.794835e+00
5:15401684	5	15401684	5.921608e-01	1.167071e+01
5:15411629	5	15411629	2.032943e-04	8.749976e+00
5:15431115	5	15431115	3.423180e-01	1.144343e+01
5:15439023	5	15439023	1.777588e-06	7.378218e+00
5:15439024	5	15439024	6.688092e-06	7.548169e+00
5:15457241	5	15457241	1.175659e-01	1.102887e+01
5:15462362	5	15462362	5.921608e-01	1.167071e+01
5:15480288	5	15480288	7.588780e-01	1.161059e+01
5:15484720	5	15484720	4.588309e-05	7.808818e+00
5:15553307	5	15553307	1.777588e-06	7.378218e+00
5:15565085	5	15565085	3.577514e-01	1.147340e+01
5:15566671	5	15566671	1.175659e-01	1.102887e+01
5:15579379	5	15579379	1.777588e-06	7.378218e+00
5:15587308	5	15587308	2.401025e-05	8.165990e+00
5:15589517	5	15589517	1.175659e-01	1.102887e+01
5:15589936	5	15589936	3.385096e-04	7.668826e+00
5:15597382	5	15597382	2.401025e-05	8.165990e+00
5:15602168	5	15602168	2.401025e-05	8.165990e+00
5:15607559	5	15607559	2.401025e-05	8.165990e+00
5:15613534	5	15613534	5.265292e-01	1.175259e+01
5:15623888	5	15623888	1.296323e-01	1.105923e+01
5:15640217	5	15640217	6.898834e-01	1.172519e+01
5:15653353	5	15653353	6.154536e-01	1.175092e+01
5:15654231	5	15654231	4.982275e-03	9.476529e+00
5:15656729	5	15656729	1.339260e-02	9.769642e+00
5:15658855	5	15658855	1.685862e-02	9.308778e+00
5:15660039	5	15660039	5.173615e-01	1.176577e+01
5:15731721	5	15731721	1.926922e-02	1.005621e+01
5:15731733	5	15731733	1.926922e-02	1.005621e+01
5:15738465	5	15738465	2.032943e-04	8.749976e+00
5:15773235	5	15773235	5.173615e-01	1.176577e+01
5:15781144	5	15781144	1.852165e-01	1.130834e+01
5:15800831	5	15800831	5.331000e-01	1.167350e+01
5:15806752	5	15806752	9.135324e-01	1.173778e+01
5:15828528	5	15828528	2.032943e-04	8.749976e+00
5:15836621	5	15836621	6.068063e-02	1.063969e+01
5:15846384	5	15846384	9.381199e-01	1.173706e+01
5:15854468	5	15854468	2.757015e-01	1.158761e+01
5:15854664	5	15854664	2.757015e-01	1.158761e+01
5:15858435	5	15858435	2.715776e-01	1.158248e+01
5:15876734	5	15876734	9.532753e-01	1.175129e+01
5:15896523	5	15896523	2.032943e-04	8.749976e+00
5:15896743	5	15896743	9.532753e-01	1.175129e+01
5:15898777	5	15898777	6.246606e-02	1.067941e+01
5:15910861	5	15910861	6.246606e-02	1.067941e+01
5:15915594	5	15915594	3.622398e-05	2.464570e+01
5:15918301	5	15918301	7.048342e-01	1.190956e+01
5:15918379	5	15918379	1.926922e-02	1.005621e+01
5:15922717	5	15922717	2.715776e-01	1.158248e+01
5:15922855	5	15922855	4.160529e-01	1.160597e+01
5:15923554	5	15923554	8.122656e-01	1.176099e+01
5:15924621	5	15924621	4.146766e-01	1.166986e+01
5:15942551	5	15942551	6.246606e-02	1.067941e+01
5:15948749	5	15948749	2.757015e-01	1.158761e+01
5:15950318	5	15950318	3.228866e-02	1.033735e+01
5:15951816	5	15951816	9.248031e-01	1.175364e+01
5:15951884	5	15951884	1.134090e-01	1.093147e+01
5:15961388	5	15961388	8.206910e-01	1.173973e+01
5:15981983	5	15981983	2.032943e-04	8.749976e+00
5:15991990	5	15991990	1.926922e-02	1.005621e+01
5:16001514	5	16001514	9.532753e-01	1.175129e+01
5:16001717	5	16001717	1.812513e-01	1.151022e+01
5:16015586	5	16015586	2.206293e-01	1.170098e+01
5:16016180	5	16016180	7.577674e-01	1.170723e+01
5:16021936	5	16021936	9.532753e-01	1.175129e+01
5:16024565	5	16024565	9.318500e-02	1.061479e+01
5:16025705	5	16025705	8.511540e-01	1.175723e+01
5:16030275	5	16030275	8.872178e-01	1.175001e+01
5:16038047	5	16038047	1.955555e-01	1.146925e+01
5:16051670	5	16051670	5.770794e-01	1.166460e+01
5:16053675	5	16053675	2.032943e-04	8.749976e+00
5:16067545	5	16067545	6.516686e-03	1.028726e+01
5:16072660	5	16072660	6.138096e-01	1.171052e+01
5:16081881	5	16081881	6.479446e-01	1.164673e+01
5:16085086	5	16085086	6.138096e-01	1.171052e+01
5:16088382	5	16088382	5.621869e-01	1.178503e+01
5:16106533	5	16106533	7.142810e-01	1.174541e+01
5:16122168	5	16122168	6.138096e-01	1.171052e+01
5:16128481	5	16128481	4.685621e-01	1.118267e+01
5:16135740	5	16135740	1.427892e-02	9.256907e+00
5:16141874	5	16141874	7.577674e-01	1.170723e+01
5:16144938	5	16144938	6.677942e-01	1.165158e+01
5:16153528	5	16153528	6.138096e-01	1.171052e+01
5:16185713	5	16185713	2.933375e-01	1.142115e+01
5:16199779	5	16199779	5.180156e-01	1.164061e+01
5:16204269	5	16204269	2.080465e-04	8.894142e+00
5:16206366	5	16206366	1.922975e-01	1.128479e+01
5:16213673	5	16213673	1.922975e-01	1.128479e+01
5:16215916	5	16215916	1.922975e-01	1.128479e+01
5:16216093	5	16216093	6.479446e-01	1.164673e+01
5:16223126	5	16223126	2.080465e-04	8.894142e+00
5:16225153	5	16225153	6.181820e-01	1.171280e+01
5:16231181	5	16231181	2.032943e-04	8.749976e+00
5:16247163	5	16247163	9.980632e-01	1.174105e+01
5:16248078	5	16248078	7.198235e-01	1.174166e+01
5:16252341	5	16252341	1.922975e-01	1.128479e+01
5:16268039	5	16268039	6.138096e-01	1.171052e+01
5:16288878	5	16288878	6.138096e-01	1.171052e+01
5:16289494	5	16289494	6.088906e-01	1.169456e+01
5:16342534	5	16342534	9.819390e-01	1.173831e+01
5:16372121	5	16372121	2.398230e-01	1.119946e+01
5:16380414	5	16380414	4.140467e-04	9.140282e+00
5:16403421	5	16403421	2.032943e-04	8.749976e+00
5:16406901	5	16406901	6.479446e-01	1.164673e+01
5:16410513	5	16410513	1.216684e-01	1.138850e+01
5:16413348	5	16413348	6.536276e-01	1.165490e+01
5:16419890	5	16419890	5.366028e-01	1.162497e+01
5:16419891	5	16419891	5.366028e-01	1.162497e+01
5:16435675	5	16435675	9.632660e-01	1.173666e+01
5:16437874	5	16437874	2.390515e-04	8.729363e+00
5:16438004	5	16438004	1.922975e-01	1.128479e+01
5:16473172	5	16473172	8.954598e-01	1.175306e+01
5:16476272	5	16476272	6.037622e-01	1.159630e+01
5:16480815	5	16480815	5.509252e-01	1.166785e+01
5:16508862	5	16508862	6.481149e-01	1.162117e+01
5:16515190	5	16515190	2.032943e-04	8.749976e+00
5:16536105	5	16536105	6.479446e-01	1.164673e+01
5:16543838	5	16543838	2.080465e-04	8.894142e+00
5:16552861	5	16552861	6.479446e-01	1.164673e+01
5:16556543	5	16556543	2.181051e-01	1.142104e+01
5:16556544	5	16556544	2.181051e-01	1.142104e+01
5:16559722	5	16559722	5.349865e-01	1.168763e+01
5:16563683	5	16563683	2.181051e-01	1.142104e+01
5:16577050	5	16577050	5.349865e-01	1.168763e+01
5:16590027	5	16590027	5.349865e-01	1.168763e+01
5:16590029	5	16590029	1.695394e-04	8.703813e+00
5:16593436	5	16593436	6.479446e-01	1.164673e+01
5:16604263	5	16604263	9.404818e-01	1.174887e+01
5:16607215	5	16607215	7.002456e-01	1.171067e+01
5:16618602	5	16618602	2.181051e-01	1.142104e+01
5:16654414	5	16654414	4.132183e-04	9.285492e+00
5:16655771	5	16655771	2.701881e-01	1.169533e+01
5:16670704	5	16670704	1.894236e-01	1.122354e+01
5:16720084	5	16720084	6.479446e-01	1.164673e+01
5:16731822	5	16731822	6.037622e-01	1.159630e+01
5:16740601	5	16740601	6.037622e-01	1.159630e+01
5:16742345	5	16742345	6.395902e-01	1.163004e+01
5:16743116	5	16743116	2.181051e-01	1.142104e+01
5:16761590	5	16761590	6.037622e-01	1.159630e+01
5:16764837	5	16764837	1.294497e-04	8.721894e+00
5:16773130	5	16773130	3.584854e-04	9.188618e+00
5:16802428	5	16802428	5.349865e-01	1.168763e+01
5:16817772	5	16817772	6.479446e-01	1.164673e+01
5:16855960	5	16855960	2.236385e-01	1.140755e+01
5:16865480	5	16865480	8.954598e-01	1.175306e+01
5:16884877	5	16884877	4.910459e-01	1.168360e+01
5:16898929	5	16898929	8.061481e-01	1.173259e+01
5:16907045	5	16907045	2.932232e-01	1.142656e+01
5:16915553	5	16915553	6.037622e-01	1.159630e+01
5:16918512	5	16918512	6.896680e-01	1.165807e+01
5:16936207	5	16936207	6.037622e-01	1.159630e+01
5:16936217	5	16936217	2.272568e-01	1.145744e+01
5:16936225	5	16936225	6.037622e-01	1.159630e+01
5:16936235	5	16936235	6.037622e-01	1.159630e+01
5:16936242	5	16936242	6.037622e-01	1.159630e+01
5:16936256	5	16936256	6.037622e-01	1.159630e+01
5:16936266	5	16936266	6.037622e-01	1.159630e+01
5:16948724	5	16948724	9.125128e-01	1.175276e+01
5:16969681	5	16969681	9.125128e-01	1.175276e+01
5:16970014	5	16970014	3.318350e-01	1.147406e+01
5:16996193	5	16996193	8.578674e-01	1.174783e+01
5:17062348	5	17062348	1.533444e-04	8.820050e+00
5:17094533	5	17094533	8.411479e-01	1.172171e+01
5:17127805	5	17127805	3.899028e-01	1.150900e+01
5:17138173	5	17138173	6.479446e-01	1.164673e+01
5:17143901	5	17143901	3.899028e-01	1.150900e+01
5:17151416	5	17151416	4.777234e-01	1.147544e+01
5:17154430	5	17154430	5.875685e-04	9.125187e+00
5:17156001	5	17156001	6.855112e-01	1.171275e+01
5:17157527	5	17157527	9.125128e-01	1.175276e+01
5:17162539	5	17162539	2.631606e-01	1.113648e+01
5:17169626	5	17169626	1.353152e-01	1.106798e+01
5:17170278	5	17170278	3.899028e-01	1.150900e+01
5:17179442	5	17179442	6.024515e-01	1.179815e+01
5:17211690	5	17211690	5.305286e-01	1.142708e+01
5:17215956	5	17215956	2.788566e-01	1.110206e+01
5:17221487	5	17221487	7.118627e-01	1.168992e+01
5:17225397	5	17225397	4.127718e-02	1.139562e+01
5:17247939	5	17247939	3.423036e-01	1.110493e+01
5:17257580	5	17257580	3.899028e-01	1.150900e+01
5:17272808	5	17272808	9.125128e-01	1.175276e+01
5:17287703	5	17287703	3.969385e-01	1.151512e+01
5:17294129	5	17294129	5.855047e-01	1.170903e+01
5:17303356	5	17303356	1.408194e-03	9.113948e+00
5:17303850	5	17303850	2.986921e-01	1.113845e+01
5:17305498	5	17305498	3.899028e-01	1.150900e+01
5:17305538	5	17305538	1.353152e-01	1.106798e+01
5:17307815	5	17307815	3.899028e-01	1.150900e+01
5:17348929	5	17348929	6.479446e-01	1.164673e+01
5:17385272	5	17385272	5.855047e-01	1.170903e+01
5:17423812	5	17423812	6.479446e-01	1.164673e+01
5:17434161	5	17434161	3.440286e-01	1.154730e+01
5:17460374	5	17460374	1.353152e-01	1.106798e+01
5:17494056	5	17494056	2.631606e-01	1.113648e+01
5:17524121	5	17524121	2.631606e-01	1.113648e+01
5:17550072	5	17550072	2.631606e-01	1.113648e+01
5:17581792	5	17581792	6.024515e-01	1.179815e+01
5:17595692	5	17595692	2.631606e-01	1.113648e+01
5:17597883	5	17597883	5.273342e-01	1.167569e+01
5:17600988	5	17600988	7.257543e-01	1.172705e+01
5:17616033	5	17616033	6.954935e-01	1.173826e+01
5:17677253	5	17677253	6.479446e-01	1.164673e+01
5:17684847	5	17684847	2.631606e-01	1.113648e+01
5:17708768	5	17708768	9.125128e-01	1.175276e+01
5:17745293	5	17745293	3.899028e-01	1.150900e+01
5:17791235	5	17791235	1.017675e-01	1.135302e+01
5:17801987	5	17801987	2.631606e-01	1.113648e+01
5:17805294	5	17805294	6.479446e-01	1.164673e+01
5:17823175	5	17823175	2.045615e-01	1.123856e+01
5:17853895	5	17853895	6.954935e-01	1.173826e+01
5:17871348	5	17871348	1.707158e-02	1.071750e+01
5:17885991	5	17885991	3.899028e-01	1.150900e+01
5:17890555	5	17890555	3.899028e-01	1.150900e+01
5:17890704	5	17890704	2.631606e-01	1.113648e+01
5:17916455	5	17916455	6.424791e-03	1.012750e+01
5:17962845	5	17962845	6.056063e-03	1.007181e+01
5:17970972	5	17970972	2.045615e-01	1.123856e+01
5:17985014	5	17985014	9.924339e-01	1.174238e+01
5:17989470	5	17989470	3.899028e-01	1.150900e+01
5:18003746	5	18003746	3.899028e-01	1.150900e+01
5:18018805	5	18018805	6.479446e-01	1.164673e+01
5:18040198	5	18040198	5.331000e-01	1.167350e+01
5:18042875	5	18042875	9.961060e-01	1.174149e+01
5:18049240	5	18049240	3.899028e-01	1.150900e+01
5:18063518	5	18063518	2.945413e-01	1.119160e+01
5:18063810	5	18063810	9.924339e-01	1.174238e+01
5:18073242	5	18073242	2.631606e-01	1.113648e+01
5:18102544	5	18102544	3.438341e-01	1.154482e+01
5:18135108	5	18135108	9.877079e-01	1.173942e+01
5:18156934	5	18156934	5.925276e-01	1.163093e+01
5:18162658	5	18162658	6.954935e-01	1.173826e+01
5:18170512	5	18170512	6.479446e-01	1.164673e+01
5:18172197	5	18172197	6.954935e-01	1.173826e+01
5:18244282	5	18244282	1.968591e-01	1.120744e+01
5:18274436	5	18274436	6.954935e-01	1.173826e+01
5:18277364	5	18277364	6.913987e-01	1.163628e+01
5:18278195	5	18278195	2.057359e-01	1.120522e+01
5:18290293	5	18290293	2.631606e-01	1.113648e+01
5:18344595	5	18344595	6.954935e-01	1.173826e+01
5:18357596	5	18357596	1.285005e-01	1.060401e+01
5:18357715	5	18357715	9.924339e-01	1.174238e+01
5:18359353	5	18359353	5.983628e-01	1.171703e+01
5:18395591	5	18395591	5.312471e-01	1.152803e+01
5:18396991	5	18396991	9.455897e-02	1.082659e+01
5:18405699	5	18405699	1.191416e-02	9.270526e+00
5:18406338	5	18406338	2.348438e-01	1.121310e+01
5:18412343	5	18412343	9.223793e-02	1.049346e+01
5:18412504	5	18412504	5.312471e-01	1.152803e+01
5:18437383	5	18437383	4.368477e-04	9.058321e+00
5:18443323	5	18443323	6.954935e-01	1.173826e+01
5:18462906	5	18462906	5.920891e-02	1.056884e+01
5:18467435	5	18467435	5.920891e-02	1.056884e+01
5:18529446	5	18529446	8.880077e-01	1.173845e+01
5:18582358	5	18582358	5.399896e-01	1.153801e+01
5:18611969	5	18611969	5.425614e-01	1.154637e+01
5:18614872	5	18614872	5.911386e-01	1.170611e+01
5:18638780	5	18638780	9.190809e-01	1.175139e+01
5:18643859	5	18643859	5.425614e-01	1.154637e+01
5:18647430	5	18647430	6.479446e-01	1.164673e+01
5:18679388	5	18679388	5.920891e-02	1.056884e+01
5:18690273	5	18690273	1.777876e-01	1.114531e+01
5:18694909	5	18694909	5.425614e-01	1.154637e+01
5:18697284	5	18697284	5.425614e-01	1.154637e+01
5:18737946	5	18737946	4.951956e-03	9.402887e+00
5:18755297	5	18755297	1.247497e-01	1.073131e+01
5:18758942	5	18758942	9.054231e-01	1.172428e+01
5:18759204	5	18759204	4.279506e-03	9.855764e+00
5:18773033	5	18773033	4.084190e-02	1.005817e+01
5:18796548	5	18796548	5.756282e-03	9.975677e+00
5:18804958	5	18804958	5.911386e-01	1.170611e+01
5:18829906	5	18829906	5.911386e-01	1.170611e+01
5:18831702	5	18831702	5.425614e-01	1.154637e+01
5:18840874	5	18840874	5.425614e-01	1.154637e+01
5:18842673	5	18842673	1.830064e-01	1.112508e+01
5:18843524	5	18843524	5.920891e-02	1.056884e+01
5:18887251	5	18887251	5.425614e-01	1.154637e+01
5:18944612	5	18944612	4.279506e-03	9.855764e+00
5:18954023	5	18954023	5.425614e-01	1.154637e+01
5:18974873	5	18974873	4.751167e-01	1.158495e+01
5:19011591	5	19011591	1.830064e-01	1.112508e+01
5:19019889	5	19019889	1.830064e-01	1.112508e+01
5:19023323	5	19023323	5.756282e-03	9.975677e+00
5:19023662	5	19023662	5.920891e-02	1.056884e+01
5:19051939	5	19051939	8.549172e-03	1.021487e+01
5:19073019	5	19073019	6.104463e-01	1.163826e+01
5:19085733	5	19085733	4.002234e-01	1.141761e+01
5:19091066	5	19091066	6.170903e-03	1.009323e+01
5:19091067	5	19091067	9.090434e-03	9.976426e+00
5:19095370	5	19095370	8.640845e-01	1.175686e+01
5:19111069	5	19111069	2.260991e-01	1.125596e+01
5:19115728	5	19115728	5.664596e-02	1.052872e+01
5:19143057	5	19143057	6.417729e-01	1.164730e+01
5:19164186	5	19164186	5.911386e-01	1.170611e+01
5:19173242	5	19173242	6.417729e-01	1.164730e+01
5:19173272	5	19173272	6.417729e-01	1.164730e+01
5:19174872	5	19174872	6.417729e-01	1.164730e+01
5:19175760	5	19175760	6.500865e-01	1.164306e+01
5:19229624	5	19229624	6.002266e-01	1.174636e+01
5:19232226	5	19232226	5.911386e-01	1.170611e+01
5:19237542	5	19237542	2.321931e-01	1.079663e+01
5:19238373	5	19238373	6.821314e-01	1.165552e+01
5:19272212	5	19272212	5.920891e-02	1.056884e+01
5:19279706	5	19279706	2.260991e-01	1.125596e+01
5:19289454	5	19289454	6.170903e-03	1.009323e+01
5:19313522	5	19313522	2.398378e-01	1.132035e+01
5:19324807	5	19324807	6.170903e-03	1.009323e+01
5:19346899	5	19346899	5.920891e-02	1.056884e+01
5:19358184	5	19358184	5.920891e-02	1.056884e+01
5:19360093	5	19360093	5.911386e-01	1.170611e+01
5:19366670	5	19366670	5.911386e-01	1.170611e+01
5:19369379	5	19369379	6.607078e-01	1.165562e+01
5:19370770	5	19370770	5.664596e-02	1.052872e+01
5:19384109	5	19384109	2.398378e-01	1.132035e+01
5:19387786	5	19387786	5.920891e-02	1.056884e+01
5:19393681	5	19393681	5.911386e-01	1.170611e+01
5:19400612	5	19400612	6.417729e-01	1.164730e+01
5:19434546	5	19434546	1.024482e-01	1.054378e+01
5:19439019	5	19439019	1.339914e-01	1.118640e+01
5:19447953	5	19447953	6.821314e-01	1.165552e+01
5:19450841	5	19450841	2.522413e-01	1.130489e+01
5:19452581	5	19452581	3.640919e-03	9.718974e+00
5:19460600	5	19460600	5.664596e-02	1.052872e+01
5:19490219	5	19490219	6.114469e-02	1.057816e+01
5:19492014	5	19492014	5.920891e-02	1.056884e+01
5:19512038	5	19512038	5.920891e-02	1.056884e+01
5:19515117	5	19515117	8.451606e-02	1.098413e+01
5:19535846	5	19535846	6.511389e-01	1.165162e+01
5:19546799	5	19546799	5.664596e-02	1.052872e+01
5:19559548	5	19559548	5.664596e-02	1.052872e+01
5:19559767	5	19559767	6.417729e-01	1.164730e+01
5:19567664	5	19567664	2.086435e-01	1.103305e+01
5:19580171	5	19580171	6.417729e-01	1.164730e+01
5:19607581	5	19607581	6.417729e-01	1.164730e+01
5:19633389	5	19633389	6.868253e-01	1.164496e+01
5:19637120	5	19637120	5.920891e-02	1.056884e+01
5:19646192	5	19646192	8.605358e-02	1.053843e+01
5:19646284	5	19646284	8.183473e-01	1.171216e+01
5:19651751	5	19651751	2.221600e-01	1.112786e+01
5:19673058	5	19673058	3.702497e-01	1.145443e+01
5:19675364	5	19675364	5.911386e-01	1.170611e+01
5:19677070	5	19677070	6.417729e-01	1.164730e+01
5:19690134	5	19690134	4.316872e-03	9.152052e+00
5:19703953	5	19703953	6.417729e-01	1.164730e+01
5:19739476	5	19739476	2.894275e-01	1.144738e+01
5:19750887	5	19750887	7.610781e-01	1.176595e+01
5:19751819	5	19751819	6.351475e-02	1.071556e+01
5:19806220	5	19806220	5.466565e-02	1.066008e+01
5:19812335	5	19812335	5.920891e-02	1.056884e+01
5:19819518	5	19819518	4.863910e-03	1.227855e+01
5:19831363	5	19831363	1.674376e-02	1.038276e+01
5:19832369	5	19832369	8.618171e-01	1.173859e+01
5:19834091	5	19834091	1.517262e-02	1.054594e+01
5:19844284	5	19844284	8.117155e-01	1.173787e+01
5:19875493	5	19875493	2.704659e-01	1.140438e+01
5:19885749	5	19885749	7.457726e-02	1.131872e+01
5:19895820	5	19895820	8.117155e-01	1.173787e+01
5:19903478	5	19903478	3.848133e-01	1.124046e+01
5:19905194	5	19905194	5.920891e-02	1.056884e+01
5:19906941	5	19906941	3.221774e-01	1.134796e+01
5:19935360	5	19935360	8.640845e-01	1.175686e+01
5:19939868	5	19939868	2.704659e-01	1.140438e+01
5:19966343	5	19966343	2.704659e-01	1.140438e+01
5:19996091	5	19996091	8.640845e-01	1.175686e+01
5:19996410	5	19996410	2.405528e-01	1.136106e+01
5:20002884	5	20002884	8.117155e-01	1.173787e+01
5:20017148	5	20017148	6.633936e-02	1.061133e+01
5:20024929	5	20024929	8.117155e-01	1.173787e+01
5:20037618	5	20037618	5.920891e-02	1.056884e+01
5:20044418	5	20044418	4.776224e-01	1.180333e+01
5:20047271	5	20047271	1.763730e-01	1.149719e+01
5:20051105	5	20051105	6.024515e-01	1.179815e+01
5:20066937	5	20066937	5.920891e-02	1.056884e+01
5:20068734	5	20068734	5.920891e-02	1.056884e+01
5:20074667	5	20074667	5.920891e-02	1.056884e+01
5:20097319	5	20097319	8.289015e-01	1.175487e+01
5:20154180	5	20154180	9.223793e-02	1.049346e+01
5:20159568	5	20159568	9.719166e-01	1.174400e+01
5:20179593	5	20179593	9.031515e-01	1.174208e+01
5:20194716	5	20194716	5.614645e-01	1.145805e+01
5:20196057	5	20196057	9.031515e-01	1.174208e+01
5:20197966	5	20197966	1.098221e-02	1.044672e+01
5:20215484	5	20215484	1.288847e-01	1.110461e+01
5:20227721	5	20227721	5.920891e-02	1.056884e+01
5:20230316	5	20230316	5.920891e-02	1.056884e+01
5:20298842	5	20298842	8.032788e-01	1.171949e+01
5:20301922	5	20301922	5.920891e-02	1.056884e+01
5:20314051	5	20314051	1.293039e-01	1.113425e+01
5:20316825	5	20316825	6.655226e-01	1.171413e+01
5:20319734	5	20319734	9.771544e-01	1.174247e+01
5:20335542	5	20335542	4.371041e-02	1.072910e+01
5:20337709	5	20337709	2.810134e-01	1.133236e+01
5:20347726	5	20347726	5.920891e-02	1.056884e+01
5:20350216	5	20350216	2.437781e-01	1.137634e+01
5:20363228	5	20363228	9.771544e-01	1.174247e+01
5:20364023	5	20364023	5.662314e-01	1.179525e+01
5:20372466	5	20372466	5.920891e-02	1.056884e+01
5:20372926	5	20372926	7.059668e-01	1.173631e+01
5:20420777	5	20420777	1.139907e-01	1.126093e+01
5:20424316	5	20424316	5.660979e-01	1.174841e+01
5:20434080	5	20434080	2.528583e-01	1.105104e+01
5:20434914	5	20434914	2.058924e-01	1.136278e+01
5:20439650	5	20439650	5.119073e-02	1.082601e+01
5:20453205	5	20453205	5.920891e-02	1.056884e+01
5:20453782	5	20453782	9.860558e-01	1.174038e+01
5:20458764	5	20458764	2.056912e-01	1.131036e+01
5:20465494	5	20465494	2.932885e-01	1.118398e+01
5:20468192	5	20468192	2.414645e-01	1.134053e+01
5:20472805	5	20472805	3.810367e-01	1.160408e+01
5:20477685	5	20477685	4.455083e-01	1.161687e+01
5:20478395	5	20478395	5.920891e-02	1.056884e+01
5:20484752	5	20484752	9.448256e-01	1.174297e+01
5:20505475	5	20505475	5.920891e-02	1.056884e+01
5:20517053	5	20517053	7.809362e-02	1.147358e+01
5:20518375	5	20518375	8.716874e-01	1.174556e+01
5:20519145	5	20519145	1.437230e-01	1.106015e+01
5:20519983	5	20519983	6.926844e-01	1.173776e+01
5:20553998	5	20553998	1.922472e-01	1.133365e+01
5:20556753	5	20556753	2.058924e-01	1.136278e+01
5:20564091	5	20564091	5.106906e-01	1.118746e+01
5:20638356	5	20638356	9.448256e-01	1.174297e+01
5:20655877	5	20655877	5.920891e-02	1.056884e+01
5:20656234	5	20656234	9.448256e-01	1.174297e+01
5:20656834	5	20656834	9.018840e-03	9.190192e+00
5:20660711	5	20660711	3.992232e-01	1.168708e+01
5:20690048	5	20690048	5.660979e-01	1.174841e+01
5:20691629	5	20691629	5.920891e-02	1.056884e+01
5:20709479	5	20709479	9.448256e-01	1.174297e+01
5:20711428	5	20711428	5.920891e-02	1.056884e+01
5:20725885	5	20725885	4.473802e-01	1.162506e+01
5:20728052	5	20728052	6.024515e-01	1.179815e+01
5:20743393	5	20743393	9.448256e-01	1.174297e+01
5:20748037	5	20748037	7.059668e-01	1.173631e+01
5:20750422	5	20750422	5.920891e-02	1.056884e+01
5:20753553	5	20753553	7.059668e-01	1.173631e+01
5:20766259	5	20766259	6.045886e-01	1.188577e+01
5:20782947	5	20782947	2.056912e-01	1.131036e+01
5:20795711	5	20795711	7.059668e-01	1.173631e+01
5:20803252	5	20803252	4.386986e-01	1.181492e+01
5:20803736	5	20803736	8.321843e-01	1.174552e+01
5:20804382	5	20804382	8.321843e-01	1.174552e+01
5:20805889	5	20805889	7.809362e-02	1.147358e+01
5:20808538	5	20808538	2.056912e-01	1.131036e+01
5:20819198	5	20819198	5.920891e-02	1.056884e+01
5:20835803	5	20835803	9.448256e-01	1.174297e+01
5:20836138	5	20836138	9.448256e-01	1.174297e+01
5:20844106	5	20844106	5.660979e-01	1.174841e+01
5:20852823	5	20852823	8.816235e-01	1.169385e+01
5:20856703	5	20856703	2.901310e-03	1.018744e+01
5:20859536	5	20859536	2.049196e-01	1.134015e+01
5:20871255	5	20871255	3.810367e-01	1.160408e+01
5:20875752	5	20875752	7.059668e-01	1.173631e+01
5:20883225	5	20883225	9.448256e-01	1.174297e+01
5:20891384	5	20891384	9.448256e-01	1.174297e+01
5:20893403	5	20893403	1.811188e-02	1.023159e+01
5:20940212	5	20940212	5.918587e-01	1.167085e+01
5:20978286	5	20978286	5.920891e-02	1.056884e+01
5:20979029	5	20979029	7.059668e-01	1.173631e+01
5:20979286	5	20979286	9.448256e-01	1.174297e+01
5:20980265	5	20980265	9.439677e-02	1.116808e+01
5:20981859	5	20981859	9.439677e-02	1.116808e+01
5:20983473	5	20983473	1.725189e-02	9.675548e+00
5:20993286	5	20993286	7.059668e-01	1.173631e+01
5:21009379	5	21009379	6.999341e-01	1.181695e+01
5:21009743	5	21009743	9.448256e-01	1.174297e+01
5:21021611	5	21021611	4.070611e-01	1.167104e+01
5:21026021	5	21026021	7.059668e-01	1.173631e+01
5:21030992	5	21030992	2.255536e-01	1.100566e+01
5:21034653	5	21034653	2.056912e-01	1.131036e+01
5:21057767	5	21057767	9.448256e-01	1.174297e+01
5:21071693	5	21071693	2.056912e-01	1.131036e+01
5:21076309	5	21076309	5.942739e-02	1.040589e+01
5:21113303	5	21113303	5.920891e-02	1.056884e+01
5:21130991	5	21130991	5.920891e-02	1.056884e+01
5:21131266	5	21131266	4.614170e-02	1.090953e+01
5:21143984	5	21143984	3.431970e-01	1.165675e+01
5:21148405	5	21148405	5.774776e-02	1.102533e+01
5:21155531	5	21155531	4.024325e-02	9.581980e+00
5:21162158	5	21162158	5.920891e-02	1.056884e+01
5:21182471	5	21182471	9.448256e-01	1.174297e+01
5:21187084	5	21187084	2.056912e-01	1.131036e+01
5:21197845	5	21197845	3.370474e-03	9.390378e+00
5:21221286	5	21221286	2.414645e-01	1.134053e+01
5:21229825	5	21229825	9.448256e-01	1.174297e+01
5:21242435	5	21242435	4.662194e-02	1.087370e+01
5:21244116	5	21244116	1.659017e-01	1.035000e+01
5:21248706	5	21248706	5.920891e-02	1.056884e+01
5:21248715	5	21248715	5.920891e-02	1.056884e+01
5:21256611	5	21256611	1.064662e-03	9.788972e+00
5:21268105	5	21268105	3.968493e-02	1.057884e+01
5:21271637	5	21271637	9.574225e-01	1.174333e+01
5:21282276	5	21282276	2.414645e-01	1.134053e+01
5:21285873	5	21285873	2.056912e-01	1.131036e+01
5:21312175	5	21312175	5.920891e-02	1.056884e+01
5:21314026	5	21314026	8.238347e-01	1.175670e+01
5:21327978	5	21327978	4.203038e-01	1.163937e+01
5:21337563	5	21337563	2.056912e-01	1.131036e+01
5:21352839	5	21352839	5.920891e-02	1.056884e+01
5:21356252	5	21356252	4.424020e-01	1.163527e+01
5:21361275	5	21361275	7.828642e-01	1.186944e+01
5:21401160	5	21401160	3.611667e-01	1.166362e+01
5:21401915	5	21401915	5.920891e-02	1.056884e+01
5:21408408	5	21408408	9.651019e-01	1.174256e+01
5:21434721	5	21434721	9.448256e-01	1.174297e+01
5:21435906	5	21435906	2.056912e-01	1.131036e+01
5:21449134	5	21449134	1.573967e-02	1.052680e+01
5:21457345	5	21457345	4.424020e-01	1.163527e+01
5:21503879	5	21503879	4.424020e-01	1.163527e+01
5:21508695	5	21508695	9.448256e-01	1.174297e+01
5:21522038	5	21522038	6.373347e-01	1.171199e+01
5:21523445	5	21523445	3.810367e-01	1.160408e+01
5:21525760	5	21525760	1.210947e-01	1.156457e+01
5:21536764	5	21536764	3.668448e-01	1.109873e+01
5:21539961	5	21539961	5.920891e-02	1.056884e+01
5:21541533	5	21541533	4.195232e-01	1.163699e+01
5:21542001	5	21542001	4.249438e-04	9.162769e+00
5:21544296	5	21544296	5.712143e-01	1.161082e+01
5:21555181	5	21555181	4.203038e-01	1.163937e+01
5:21558216	5	21558216	9.448256e-01	1.174297e+01
5:21562537	5	21562537	1.573967e-02	1.052680e+01
5:21563572	5	21563572	1.573967e-02	1.052680e+01
5:21566215	5	21566215	5.920891e-02	1.056884e+01
5:21572933	5	21572933	7.983799e-01	1.174154e+01
5:21577513	5	21577513	4.071853e-02	1.065727e+01
5:21577754	5	21577754	3.431970e-01	1.165675e+01
5:21600847	5	21600847	1.944978e-03	9.987980e+00
5:21608851	5	21608851	5.596686e-01	1.130581e+01
5:21610697	5	21610697	3.431970e-01	1.165675e+01
5:21627662	5	21627662	5.920891e-02	1.056884e+01
5:21630567	5	21630567	9.361839e-01	1.174210e+01
5:21640359	5	21640359	5.920891e-02	1.056884e+01
5:21657899	5	21657899	6.741814e-02	1.106014e+01
5:21660011	5	21660011	7.706923e-01	1.171337e+01
5:21660897	5	21660897	4.203038e-01	1.163937e+01
5:21699577	5	21699577	2.231888e-01	1.063568e+01
5:21708307	5	21708307	4.677359e-01	1.164583e+01
5:21717253	5	21717253	5.447310e-01	1.124270e+01
5:21717513	5	21717513	6.494681e-02	1.101641e+01
5:21747219	5	21747219	7.706923e-01	1.171337e+01
5:21747529	5	21747529	9.223793e-02	1.049346e+01
5:21766622	5	21766622	1.825033e-01	1.106939e+01
5:21777715	5	21777715	1.410193e-01	1.122425e+01
5:21789483	5	21789483	1.410193e-01	1.122425e+01
5:21795669	5	21795669	7.706923e-01	1.171337e+01
5:21825938	5	21825938	3.431970e-01	1.165675e+01
5:21860080	5	21860080	5.920891e-02	1.056884e+01
5:21870203	5	21870203	5.920891e-02	1.056884e+01
5:21872611	5	21872611	6.024515e-01	1.179815e+01
5:21934030	5	21934030	1.410193e-01	1.122425e+01
5:21939310	5	21939310	7.587709e-01	1.171931e+01
5:21941714	5	21941714	3.810367e-01	1.160408e+01
5:21947324	5	21947324	8.875004e-05	1.287223e+01
5:21960446	5	21960446	1.311568e-01	1.150688e+01
5:21968647	5	21968647	7.551153e-02	1.043069e+01
5:21991908	5	21991908	5.920891e-02	1.056884e+01
5:22049934	5	22049934	9.448256e-01	1.174297e+01
5:22078161	5	22078161	1.175659e-01	1.102887e+01
5:22082000	5	22082000	1.833338e-02	1.080207e+01
5:22086311	5	22086311	5.931535e-02	1.096197e+01
5:22086381	5	22086381	9.368134e-01	1.174823e+01
5:22088232	5	22088232	1.175659e-01	1.102887e+01
5:22092610	5	22092610	2.132182e-01	1.137390e+01
5:22100906	5	22100906	2.056912e-01	1.131036e+01
5:22116845	5	22116845	5.331000e-01	1.167350e+01
5:22119810	5	22119810	8.432876e-01	1.185504e+01
5:22119811	5	22119811	8.432876e-01	1.185504e+01
5:22124108	5	22124108	1.175659e-01	1.102887e+01
5:22130331	5	22130331	2.056912e-01	1.131036e+01
5:22161364	5	22161364	8.640845e-01	1.175686e+01
5:22164904	5	22164904	4.114642e-01	1.164070e+01
5:22165120	5	22165120	5.146357e-05	8.207839e+00
5:22173085	5	22173085	2.892788e-02	1.044528e+01
5:22173110	5	22173110	2.476270e-05	8.388298e+00
5:22182936	5	22182936	9.263164e-01	1.173707e+01
5:22201519	5	22201519	9.263164e-01	1.173707e+01
5:22268121	5	22268121	8.658275e-01	1.173862e+01
5:22270121	5	22270121	6.629533e-01	1.166762e+01
5:22275358	5	22275358	3.165570e-02	1.030761e+01
5:22278142	5	22278142	2.219822e-03	9.190368e+00
5:22289437	5	22289437	5.658537e-01	1.169268e+01
5:22295015	5	22295015	5.658537e-01	1.169268e+01
5:22302084	5	22302084	3.165570e-02	1.030761e+01
5:22304819	5	22304819	2.774594e-02	1.039862e+01
5:22306269	5	22306269	5.422067e-03	1.053520e+01
5:22315166	5	22315166	2.219822e-03	9.190368e+00
5:22366798	5	22366798	7.875688e-01	1.178112e+01
5:22370893	5	22370893	3.165570e-02	1.030761e+01
5:22381067	5	22381067	9.509381e-01	1.174248e+01
5:22394641	5	22394641	3.548236e-02	1.034862e+01
5:22398015	5	22398015	3.165570e-02	1.030761e+01
5:22404364	5	22404364	9.509381e-01	1.174248e+01
5:22417253	5	22417253	1.573967e-02	1.052680e+01
5:22427021	5	22427021	5.658537e-01	1.169268e+01
5:22427029	5	22427029	2.056912e-01	1.131036e+01
5:22427679	5	22427679	7.983783e-02	1.092561e+01
5:22442868	5	22442868	3.594131e-01	1.164015e+01
5:22451982	5	22451982	9.509381e-01	1.174248e+01
5:22469980	5	22469980	1.573967e-02	1.052680e+01
5:22473769	5	22473769	2.163351e-01	1.137760e+01
5:22486284	5	22486284	7.983783e-02	1.092561e+01
5:22505871	5	22505871	2.406320e-01	1.137777e+01
5:22514989	5	22514989	4.678119e-01	1.176706e+01
5:22529825	5	22529825	5.864031e-01	1.169869e+01
5:22555861	5	22555861	5.570337e-01	1.175423e+01
5:22561078	5	22561078	6.774134e-03	8.904055e+00
5:22566192	5	22566192	4.816227e-02	1.071236e+01
5:22589696	5	22589696	4.545322e-01	1.170317e+01
5:22632983	5	22632983	9.872669e-01	1.173446e+01
5:22642453	5	22642453	1.787357e-01	1.115336e+01
5:22647319	5	22647319	4.816227e-02	1.071236e+01
5:22648069	5	22648069	5.658537e-01	1.169268e+01
5:22673777	5	22673777	1.573967e-02	1.052680e+01
5:22694743	5	22694743	4.153382e-01	1.161046e+01
5:22699190	5	22699190	7.107201e-01	1.148044e+01
5:22714302	5	22714302	5.400729e-02	1.074420e+01
5:22725157	5	22725157	7.082861e-01	1.170229e+01
5:22725171	5	22725171	5.003595e-01	1.174127e+01
5:22728144	5	22728144	2.460435e-01	1.147964e+01
5:22732072	5	22732072	9.786072e-01	1.173710e+01
5:22732073	5	22732073	9.786072e-01	1.173710e+01
5:22743591	5	22743591	4.545322e-01	1.170317e+01
5:22745210	5	22745210	4.153382e-01	1.161046e+01
5:22746732	5	22746732	4.545322e-01	1.170317e+01
5:22750889	5	22750889	4.545322e-01	1.170317e+01
5:22765138	5	22765138	4.545322e-01	1.170317e+01
5:22769297	5	22769297	4.816227e-02	1.071236e+01
5:22778603	5	22778603	3.506310e-02	1.083992e+01
5:22783932	5	22783932	5.856241e-01	1.170883e+01
5:22784579	5	22784579	2.407874e-01	1.156881e+01
5:22793645	5	22793645	7.379430e-03	1.019884e+01
5:22793646	5	22793646	6.463150e-03	1.036126e+01
5:22811068	5	22811068	8.030749e-01	1.175348e+01
5:22817792	5	22817792	9.396357e-01	1.173981e+01
5:22822985	5	22822985	8.059480e-01	1.178623e+01
5:22864535	5	22864535	7.866182e-01	1.184551e+01
5:22872503	5	22872503	5.600190e-01	1.173760e+01
5:22875794	5	22875794	6.995428e-01	1.168753e+01
5:22889305	5	22889305	7.414563e-01	1.169867e+01
5:22907528	5	22907528	7.414563e-01	1.169867e+01
5:22928318	5	22928318	6.883701e-01	1.167442e+01
5:22938358	5	22938358	5.658537e-01	1.169268e+01
5:22953500	5	22953500	1.335138e-01	1.133498e+01
5:22954431	5	22954431	7.414563e-01	1.169867e+01
5:22962989	5	22962989	6.328576e-01	1.162637e+01
5:22964558	5	22964558	1.335138e-01	1.133498e+01
5:22977241	5	22977241	1.335138e-01	1.133498e+01
5:22981315	5	22981315	4.545322e-01	1.170317e+01
5:22981436	5	22981436	8.051171e-01	1.175873e+01
5:22982754	5	22982754	5.658537e-01	1.169268e+01
5:22989577	5	22989577	6.010003e-01	1.163526e+01
5:23001253	5	23001253	4.153382e-01	1.161046e+01
5:23005122	5	23005122	7.414563e-01	1.169867e+01
5:23011724	5	23011724	7.529822e-01	1.170882e+01
5:23022203	5	23022203	6.995428e-01	1.168753e+01
5:23032167	5	23032167	8.943860e-01	1.171515e+01
5:23033175	5	23033175	4.816227e-02	1.071236e+01
5:23046011	5	23046011	5.658537e-01	1.169268e+01
5:23048282	5	23048282	1.701476e-01	1.122684e+01
5:23052684	5	23052684	5.658537e-01	1.169268e+01
5:23067063	5	23067063	4.545322e-01	1.170317e+01
5:23070483	5	23070483	4.816227e-02	1.071236e+01
5:23077787	5	23077787	9.835377e-02	1.122946e+01
5:23154264	5	23154264	5.658537e-01	1.169268e+01
5:23161264	5	23161264	3.834723e-01	1.146531e+01
5:23162839	5	23162839	1.657917e-01	1.134245e+01
5:23167163	5	23167163	4.381823e-01	1.158454e+01
5:23180110	5	23180110	1.657917e-01	1.134245e+01
5:23194643	5	23194643	3.049696e-01	1.141354e+01
5:23202595	5	23202595	1.512699e-01	1.130764e+01
5:23210239	5	23210239	4.523888e-01	1.157916e+01
5:23212078	5	23212078	3.264608e-01	1.154665e+01
5:23239549	5	23239549	3.331611e-01	1.152904e+01
5:23281890	5	23281890	5.994311e-01	1.162347e+01
5:23289671	5	23289671	6.218822e-01	1.169076e+01
5:23291653	5	23291653	3.264608e-01	1.154665e+01
5:23292353	5	23292353	5.658537e-01	1.169268e+01
5:23298030	5	23298030	6.087454e-01	1.168316e+01
5:23300311	5	23300311	4.153382e-01	1.161046e+01
5:23316730	5	23316730	3.264608e-01	1.154665e+01
5:23328351	5	23328351	6.880347e-01	1.172586e+01
5:23340244	5	23340244	6.439780e-01	1.164779e+01
5:23345956	5	23345956	8.734744e-01	1.168921e+01
5:23359781	5	23359781	1.139767e-01	1.090762e+01
5:23368711	5	23368711	7.968027e-01	1.171784e+01
5:23377924	5	23377924	6.087454e-01	1.168316e+01
5:23384823	5	23384823	5.544562e-01	1.165577e+01
5:23385119	5	23385119	5.544562e-01	1.165577e+01
5:23391422	5	23391422	5.544562e-01	1.165577e+01
5:23406937	5	23406937	8.111645e-01	1.172097e+01
5:23411075	5	23411075	5.331000e-01	1.167350e+01
5:23411856	5	23411856	5.544562e-01	1.165577e+01
5:23413983	5	23413983	5.422861e-01	1.170665e+01
5:23413984	5	23413984	5.422861e-01	1.170665e+01
5:23414525	5	23414525	5.135948e-01	1.164053e+01
5:23416057	5	23416057	6.218822e-01	1.169076e+01
5:23418228	5	23418228	8.111645e-01	1.172097e+01
5:23426686	5	23426686	4.329925e-01	1.167078e+01
5:23433503	5	23433503	9.455869e-01	1.177589e+01
5:23457636	5	23457636	6.880347e-01	1.172586e+01
5:23463102	5	23463102	5.658537e-01	1.169268e+01
5:23471077	5	23471077	4.702835e-01	1.162512e+01
5:23476749	5	23476749	1.836870e-01	1.109516e+01
5:23479438	5	23479438	7.393964e-01	1.173113e+01
5:23485497	5	23485497	6.087454e-01	1.168316e+01
5:23500785	5	23500785	7.265252e-01	1.183047e+01
5:23502483	5	23502483	6.929751e-01	1.162435e+01
5:23504660	5	23504660	1.139767e-01	1.090762e+01
5:23512200	5	23512200	4.329925e-01	1.167078e+01
5:23513866	5	23513866	5.544562e-01	1.165577e+01
5:23513867	5	23513867	5.544562e-01	1.165577e+01
5:23513962	5	23513962	5.925276e-01	1.163093e+01
5:23544247	5	23544247	7.007721e-01	1.164910e+01
5:23571593	5	23571593	4.523820e-01	1.158768e+01
5:23571790	5	23571790	5.658537e-01	1.169268e+01
5:23574812	5	23574812	5.544562e-01	1.165577e+01
5:23586890	5	23586890	5.544562e-01	1.165577e+01
5:23590784	5	23590784	4.523888e-01	1.157916e+01
5:23607774	5	23607774	7.776592e-01	1.173196e+01
5:23609333	5	23609333	3.045722e-01	1.136604e+01
5:23614408	5	23614408	5.100907e-01	1.154704e+01
5:23614700	5	23614700	3.045722e-01	1.136604e+01
5:23625023	5	23625023	4.455509e-01	1.162403e+01
5:23637957	5	23637957	5.646459e-01	1.163263e+01
5:23637976	5	23637976	5.646459e-01	1.163263e+01
5:23661385	5	23661385	4.455509e-01	1.162403e+01
5:23665961	5	23665961	7.776592e-01	1.173196e+01
5:23672039	5	23672039	4.523888e-01	1.157916e+01
5:23678815	5	23678815	5.925276e-01	1.163093e+01
5:23701090	5	23701090	5.658537e-01	1.169268e+01
5:23719682	5	23719682	3.045722e-01	1.136604e+01
5:23723625	5	23723625	8.111645e-01	1.172097e+01
5:23731327	5	23731327	4.523888e-01	1.157916e+01
5:23765819	5	23765819	3.045722e-01	1.136604e+01
5:23766850	5	23766850	3.045722e-01	1.136604e+01
5:23768328	5	23768328	9.340268e-01	1.173077e+01
5:23777535	5	23777535	4.523888e-01	1.157916e+01
5:23778671	5	23778671	7.989055e-01	1.172728e+01
5:23783298	5	23783298	5.925276e-01	1.163093e+01
5:23787945	5	23787945	2.223873e-01	1.105300e+01
5:23803495	5	23803495	8.278063e-01	1.174179e+01
5:23806587	5	23806587	9.835377e-02	1.122946e+01
5:23811712	5	23811712	6.880347e-01	1.172586e+01
5:23817328	5	23817328	8.278063e-01	1.174179e+01
5:23825585	5	23825585	5.593791e-01	1.165932e+01
5:23825897	5	23825897	8.278063e-01	1.174179e+01
5:23826892	5	23826892	8.278063e-01	1.174179e+01
5:23828188	5	23828188	8.111645e-01	1.172097e+01
5:23839360	5	23839360	6.087454e-01	1.168316e+01
5:23849295	5	23849295	8.278063e-01	1.174179e+01
5:23849489	5	23849489	3.045722e-01	1.136604e+01
5:23856394	5	23856394	3.045722e-01	1.136604e+01
5:23859862	5	23859862	6.880347e-01	1.172586e+01
5:23862754	5	23862754	7.013759e-01	1.162257e+01
5:23864909	5	23864909	9.354075e-01	1.172643e+01
5:23876226	5	23876226	5.658537e-01	1.169268e+01
5:23878361	5	23878361	4.523888e-01	1.157916e+01
5:23882060	5	23882060	8.278063e-01	1.174179e+01
5:23893190	5	23893190	8.278063e-01	1.174179e+01
5:23906497	5	23906497	5.658537e-01	1.169268e+01
5:23941236	5	23941236	4.523888e-01	1.157916e+01
5:23944754	5	23944754	2.765411e-02	1.048931e+01
5:23948474	5	23948474	3.782966e-01	1.160098e+01
5:23968572	5	23968572	4.154064e-01	1.150172e+01
5:23973333	5	23973333	3.367685e-01	1.156997e+01
5:23981437	5	23981437	5.447570e-01	1.160047e+01
5:23997142	5	23997142	4.523888e-01	1.157916e+01
5:23997154	5	23997154	4.523888e-01	1.157916e+01
5:23997160	5	23997160	4.523888e-01	1.157916e+01
5:23997161	5	23997161	4.523888e-01	1.157916e+01
5:23997167	5	23997167	4.523888e-01	1.157916e+01
5:24054958	5	24054958	5.658537e-01	1.169268e+01
5:24085246	5	24085246	7.773608e-03	1.016077e+01
5:24099596	5	24099596	2.765411e-02	1.048931e+01
5:24100163	5	24100163	4.702671e-01	1.167726e+01
5:24113647	5	24113647	4.153382e-01	1.161046e+01
5:24114531	5	24114531	4.702671e-01	1.167726e+01
5:24120243	5	24120243	4.153382e-01	1.161046e+01
5:24127684	5	24127684	4.702671e-01	1.167726e+01
5:24129763	5	24129763	9.532753e-01	1.175129e+01
5:24135788	5	24135788	4.153382e-01	1.161046e+01
5:24136797	5	24136797	4.702671e-01	1.167726e+01
5:24137438	5	24137438	7.474023e-01	1.182121e+01
5:24153015	5	24153015	9.212254e-01	1.174666e+01
5:24158992	5	24158992	4.523888e-01	1.157916e+01
5:24162583	5	24162583	2.715766e-02	1.061194e+01
5:24164795	5	24164795	2.715766e-02	1.061194e+01
5:24168952	5	24168952	4.702671e-01	1.167726e+01
5:24193354	5	24193354	8.729727e-01	1.173477e+01
5:24206723	5	24206723	9.504534e-01	1.174280e+01
5:24211817	5	24211817	5.008572e-01	1.167036e+01
5:24215943	5	24215943	8.729727e-01	1.173477e+01
5:24220592	5	24220592	8.729727e-01	1.173477e+01
5:24229765	5	24229765	5.658537e-01	1.169268e+01
5:24259667	5	24259667	3.624646e-01	1.179125e+01
5:24268363	5	24268363	4.124095e-01	1.172072e+01
5:24289324	5	24289324	2.715766e-02	1.061194e+01
5:24292468	5	24292468	8.729727e-01	1.173477e+01
5:24306552	5	24306552	3.101316e-01	1.190364e+01
5:24312367	5	24312367	5.658537e-01	1.169268e+01
5:24326153	5	24326153	5.117796e-01	1.169892e+01
5:24358370	5	24358370	8.078003e-01	1.174056e+01
5:24362754	5	24362754	4.702671e-01	1.167726e+01
5:24374488	5	24374488	8.729727e-01	1.173477e+01
5:24379115	5	24379115	3.769835e-01	1.155780e+01
5:24384027	5	24384027	1.198114e-01	1.113354e+01
5:24386595	5	24386595	6.295406e-01	1.173825e+01
5:24390918	5	24390918	5.658537e-01	1.169268e+01
5:24392564	5	24392564	5.502570e-01	1.159937e+01
5:24392656	5	24392656	5.658537e-01	1.169268e+01
5:24399333	5	24399333	5.658537e-01	1.169268e+01
5:24415411	5	24415411	7.317272e-01	1.177111e+01
5:24437425	5	24437425	6.629533e-01	1.166762e+01
5:24453794	5	24453794	2.715766e-02	1.061194e+01
5:24459549	5	24459549	5.502570e-01	1.159937e+01
5:24461120	5	24461120	5.834269e-01	1.168062e+01
5:24461692	5	24461692	6.295406e-01	1.173825e+01
5:24469226	5	24469226	5.658537e-01	1.169268e+01
5:24471989	5	24471989	4.972038e-01	1.166614e+01
5:24517419	5	24517419	2.715766e-02	1.061194e+01
5:24520456	5	24520456	3.723878e-01	1.138471e+01
5:24527008	5	24527008	3.820858e-01	1.164769e+01
5:24527009	5	24527009	4.153382e-01	1.161046e+01
5:24528641	5	24528641	5.502570e-01	1.159937e+01
5:24539263	5	24539263	2.715766e-02	1.061194e+01
5:24572206	5	24572206	4.965429e-01	1.155774e+01
5:24584606	5	24584606	2.715766e-02	1.061194e+01
5:24596140	5	24596140	8.838428e-01	1.172162e+01
5:24596141	5	24596141	8.838428e-01	1.172162e+01
5:24624963	5	24624963	4.886757e-02	1.086086e+01
5:24634401	5	24634401	8.131781e-01	1.170913e+01
5:24634698	5	24634698	5.502570e-01	1.159937e+01
5:24639515	5	24639515	5.502570e-01	1.159937e+01
5:24655510	5	24655510	5.658537e-01	1.169268e+01
5:24680911	5	24680911	8.742598e-01	1.171595e+01
5:24715845	5	24715845	5.784934e-02	1.083605e+01
5:24720808	5	24720808	1.318776e-01	1.074416e+01
5:24739148	5	24739148	6.613789e-01	1.165497e+01
5:24748995	5	24748995	6.182637e-01	1.179302e+01
5:24775143	5	24775143	5.061581e-01	1.161366e+01
5:24782329	5	24782329	5.784934e-02	1.083605e+01
5:24785028	5	24785028	5.061581e-01	1.161366e+01
5:24792935	5	24792935	5.440073e-01	1.170694e+01
5:24818244	5	24818244	1.799702e-01	1.123112e+01
5:24821845	5	24821845	5.095464e-01	1.169185e+01
5:24824549	5	24824549	3.834763e-01	1.142078e+01
5:24825973	5	24825973	3.834763e-01	1.142078e+01
5:24830253	5	24830253	5.061581e-01	1.161366e+01
5:24833572	5	24833572	4.226903e-01	1.160754e+01
5:24836961	5	24836961	5.061581e-01	1.161366e+01
5:24845021	5	24845021	4.959255e-01	1.156055e+01
5:24855434	5	24855434	7.822261e-02	1.038822e+01
5:24862364	5	24862364	5.095464e-01	1.169185e+01
5:24880986	5	24880986	1.988391e-01	1.117726e+01
5:24882991	5	24882991	1.406850e-01	1.076658e+01
5:24884318	5	24884318	7.822261e-02	1.038822e+01
5:24906540	5	24906540	9.216141e-01	1.173340e+01
5:24908568	5	24908568	1.894103e-01	1.116867e+01
5:24909867	5	24909867	9.676646e-01	1.172852e+01
5:24910669	5	24910669	9.076806e-01	1.175316e+01
5:24913814	5	24913814	9.076806e-01	1.175316e+01
5:24920680	5	24920680	3.780696e-01	1.149949e+01
5:24921038	5	24921038	1.988391e-01	1.117726e+01
5:24961412	5	24961412	1.988391e-01	1.117726e+01
5:24976549	5	24976549	3.780696e-01	1.149949e+01
5:24976869	5	24976869	4.223993e-02	1.059818e+01
5:24978006	5	24978006	9.851017e-01	1.174111e+01
5:24978301	5	24978301	8.168272e-01	1.175997e+01
5:24979485	5	24979485	9.537850e-01	1.173737e+01
5:24979822	5	24979822	3.780696e-01	1.149949e+01
5:24993768	5	24993768	8.168272e-01	1.175997e+01
5:25000042	5	25000042	2.255079e-01	1.113810e+01
5:25004227	5	25004227	9.168624e-01	1.173315e+01
5:25011111	5	25011111	1.988391e-01	1.117726e+01
5:25016196	5	25016196	1.988391e-01	1.117726e+01
5:25030363	5	25030363	9.851017e-01	1.174111e+01
5:25042960	5	25042960	6.268110e-01	1.168147e+01
5:25054413	5	25054413	7.203478e-01	1.162135e+01
5:25061755	5	25061755	8.168272e-01	1.175997e+01
5:25063021	5	25063021	9.328462e-01	1.174860e+01
5:25072641	5	25072641	3.285379e-01	1.156061e+01
5:25082893	5	25082893	8.168272e-01	1.175997e+01
5:25090469	5	25090469	9.714175e-01	1.174633e+01
5:25095817	5	25095817	8.168272e-01	1.175997e+01
5:25099477	5	25099477	8.168272e-01	1.175997e+01
5:25106367	5	25106367	8.602133e-01	1.176972e+01
5:25109043	5	25109043	3.037870e-01	1.154046e+01
5:25113569	5	25113569	8.848258e-01	1.173451e+01
5:25113591	5	25113591	8.848258e-01	1.173451e+01
5:25122150	5	25122150	9.714175e-01	1.174633e+01
5:25129903	5	25129903	8.575627e-01	1.168265e+01
5:25143945	5	25143945	1.988391e-01	1.117726e+01
5:25146250	5	25146250	3.780696e-01	1.149949e+01
5:25171366	5	25171366	5.873905e-01	1.162472e+01
5:25179598	5	25179598	9.676646e-01	1.172852e+01
5:25184428	5	25184428	8.686422e-01	1.170425e+01
5:25187328	5	25187328	9.714175e-01	1.174633e+01
5:25194591	5	25194591	6.268110e-01	1.168147e+01
5:25222941	5	25222941	5.756454e-01	1.170808e+01
5:25223367	5	25223367	5.679977e-01	1.142971e+01
5:25224406	5	25224406	4.873604e-01	1.162548e+01
5:25257573	5	25257573	6.268110e-01	1.168147e+01
5:25270043	5	25270043	6.268110e-01	1.168147e+01
5:25273107	5	25273107	7.127808e-01	1.162447e+01
5:25289341	5	25289341	6.268110e-01	1.168147e+01
5:25329675	5	25329675	5.428279e-01	1.151912e+01
5:25330099	5	25330099	5.237428e-01	1.162437e+01
5:25344168	5	25344168	6.268110e-01	1.168147e+01
5:25364628	5	25364628	7.469615e-01	1.170263e+01
5:25372841	5	25372841	8.345057e-01	1.175860e+01
5:25384459	5	25384459	6.268110e-01	1.168147e+01
5:25392886	5	25392886	8.456203e-01	1.174186e+01
5:25398414	5	25398414	7.638604e-01	1.175192e+01
5:25404396	5	25404396	6.751673e-01	1.145480e+01
5:25406761	5	25406761	7.469615e-01	1.170263e+01
5:25407581	5	25407581	7.231344e-01	1.166267e+01
5:25422881	5	25422881	7.157905e-01	1.158002e+01
5:25427360	5	25427360	6.973067e-02	1.051945e+01
5:25430574	5	25430574	7.817142e-02	1.110430e+01
5:25448257	5	25448257	3.972824e-01	1.163064e+01
5:25448721	5	25448721	1.108276e-01	1.102636e+01
5:25485201	5	25485201	1.033810e-01	1.076812e+01
5:25489684	5	25489684	4.533135e-01	1.158731e+01
5:25496978	5	25496978	4.222065e-01	1.160249e+01
5:25513709	5	25513709	7.550273e-01	1.166970e+01
5:25513710	5	25513710	6.268110e-01	1.168147e+01
5:25518126	5	25518126	7.346763e-01	1.166925e+01
5:25550123	5	25550123	6.268110e-01	1.168147e+01
5:25560689	5	25560689	4.533739e-01	1.163296e+01
5:25575874	5	25575874	7.427670e-01	1.173594e+01
5:25588111	5	25588111	3.780696e-01	1.149949e+01
5:25601581	5	25601581	4.222065e-01	1.160249e+01
5:25616124	5	25616124	3.780696e-01	1.149949e+01
5:25623571	5	25623571	3.780696e-01	1.149949e+01
5:25633601	5	25633601	5.426994e-01	1.162302e+01
5:25643030	5	25643030	3.780696e-01	1.149949e+01
5:25646471	5	25646471	1.516900e-01	1.085434e+01
5:25650088	5	25650088	2.724905e-02	8.961331e+00
5:25656508	5	25656508	4.541154e-01	1.152827e+01
5:25657675	5	25657675	1.018460e-01	1.104265e+01
5:25658915	5	25658915	7.462037e-01	1.165202e+01
5:25671967	5	25671967	6.785111e-01	1.175990e+01
5:25675287	5	25675287	4.541154e-01	1.152827e+01
5:25677186	5	25677186	6.268110e-01	1.168147e+01
5:25714596	5	25714596	1.108276e-01	1.102636e+01
5:25720213	5	25720213	2.599075e-01	1.120090e+01
5:25721832	5	25721832	3.780696e-01	1.149949e+01
5:25723293	5	25723293	6.268110e-01	1.168147e+01
5:25725509	5	25725509	6.268110e-01	1.168147e+01
5:25726979	5	25726979	1.108276e-01	1.102636e+01
5:25751890	5	25751890	1.108276e-01	1.102636e+01
5:25760610	5	25760610	8.942734e-02	1.098881e+01
5:25764727	5	25764727	1.108276e-01	1.102636e+01
5:25770499	5	25770499	1.608428e-01	1.091595e+01
5:25772491	5	25772491	9.447033e-02	1.098784e+01
5:25774312	5	25774312	4.541154e-01	1.152827e+01
5:25799941	5	25799941	1.546032e-01	1.093160e+01
5:25808434	5	25808434	4.222065e-01	1.160249e+01
5:25811236	5	25811236	6.268110e-01	1.168147e+01
5:25821599	5	25821599	7.427670e-01	1.173594e+01
5:25830347	5	25830347	4.222065e-01	1.160249e+01
5:25837586	5	25837586	4.424020e-01	1.163527e+01
5:25838855	5	25838855	5.371190e-01	1.167040e+01
5:25848026	5	25848026	4.424020e-01	1.163527e+01
5:25854528	5	25854528	7.427670e-01	1.173594e+01
5:25877125	5	25877125	6.399399e-01	1.168941e+01
5:25878094	5	25878094	6.745420e-01	1.167485e+01
5:25882023	5	25882023	5.371190e-01	1.167040e+01
5:25899103	5	25899103	1.945481e-02	1.053013e+01
5:25916840	5	25916840	3.827271e-01	1.117506e+01
5:25925026	5	25925026	2.521092e-01	1.140782e+01
5:25935868	5	25935868	8.968374e-01	1.161189e+01
5:25936393	5	25936393	4.424020e-01	1.163527e+01
5:25956435	5	25956435	5.371190e-01	1.167040e+01
5:25966671	5	25966671	7.427670e-01	1.173594e+01
5:26008905	5	26008905	7.980260e-01	1.165622e+01
5:26014626	5	26014626	2.521092e-01	1.140782e+01
5:26050406	5	26050406	2.521092e-01	1.140782e+01
5:26054465	5	26054465	6.745420e-01	1.167485e+01
5:26061224	5	26061224	2.521092e-01	1.140782e+01
5:26077726	5	26077726	4.451411e-01	1.182122e+01
5:26097848	5	26097848	6.745420e-01	1.167485e+01
5:26101547	5	26101547	2.658821e-01	1.138751e+01
5:26102826	5	26102826	7.837653e-01	1.168384e+01
5:26103341	5	26103341	1.590773e-01	1.147235e+01
5:26103905	5	26103905	3.780696e-01	1.149949e+01
5:26108534	5	26108534	7.302482e-01	1.172263e+01
5:26121883	5	26121883	2.376848e-01	1.131084e+01
5:26129732	5	26129732	5.378063e-01	1.176035e+01
5:26134827	5	26134827	1.973905e-01	1.132782e+01
5:26144104	5	26144104	6.268110e-01	1.168147e+01
5:26153731	5	26153731	6.268110e-01	1.168147e+01
5:26155467	5	26155467	1.973905e-01	1.132782e+01
5:26157012	5	26157012	1.973905e-01	1.132782e+01
5:26185346	5	26185346	3.442073e-01	1.127100e+01
5:26187496	5	26187496	1.973905e-01	1.132782e+01
5:26202929	5	26202929	3.881320e-02	1.062833e+01
5:26204748	5	26204748	4.424020e-01	1.163527e+01
5:26227130	5	26227130	7.454835e-01	1.167646e+01
5:26227192	5	26227192	1.973905e-01	1.132782e+01
5:26230854	5	26230854	5.016885e-01	1.160519e+01
5:26235374	5	26235374	2.006382e-01	1.119232e+01
5:26236813	5	26236813	3.658366e-01	1.119088e+01
5:26242910	5	26242910	3.209991e-01	1.126553e+01
5:26242911	5	26242911	3.658366e-01	1.119088e+01
5:26247526	5	26247526	8.400856e-01	1.168490e+01
5:26255180	5	26255180	1.760980e-01	1.113623e+01
5:26265609	5	26265609	3.227901e-01	1.159363e+01
5:26275428	5	26275428	9.686186e-01	1.173188e+01
5:26282293	5	26282293	3.925255e-01	1.145802e+01
5:26284866	5	26284866	4.035071e-01	1.143674e+01
5:26317113	5	26317113	3.741396e-01	1.168301e+01
5:26317309	5	26317309	3.227901e-01	1.159363e+01
5:26319826	5	26319826	1.760980e-01	1.113623e+01
5:26320515	5	26320515	3.864804e-01	1.147230e+01
5:26362670	5	26362670	2.338738e-01	1.131398e+01
5:26363960	5	26363960	9.785317e-01	1.174679e+01
5:26366000	5	26366000	5.097335e-01	1.138585e+01
5:26380427	5	26380427	8.299658e-01	1.176892e+01
5:26391506	5	26391506	7.194537e-01	1.159835e+01
5:26392302	5	26392302	1.760980e-01	1.113623e+01
5:26399627	5	26399627	4.096980e-01	1.154161e+01
5:26408043	5	26408043	5.097335e-01	1.138585e+01
5:26428169	5	26428169	1.760980e-01	1.113623e+01
5:26430758	5	26430758	3.864804e-01	1.147230e+01
5:26434310	5	26434310	2.239672e-01	1.109346e+01
5:26435947	5	26435947	1.760980e-01	1.113623e+01
5:26457443	5	26457443	1.760980e-01	1.113623e+01
5:26468800	5	26468800	9.785317e-01	1.174679e+01
5:26471921	5	26471921	1.760980e-01	1.113623e+01
5:26481134	5	26481134	1.760980e-01	1.113623e+01
5:26482825	5	26482825	1.760980e-01	1.113623e+01
5:26500942	5	26500942	1.760980e-01	1.113623e+01
5:26501416	5	26501416	4.906071e-01	1.159334e+01
5:26502188	5	26502188	3.665626e-01	1.171372e+01
5:26505048	5	26505048	1.760980e-01	1.113623e+01
5:26555551	5	26555551	9.091638e-01	1.175823e+01
5:26566257	5	26566257	2.041662e-01	1.107572e+01
5:26579828	5	26579828	3.850844e-01	1.149207e+01
5:26590521	5	26590521	1.760980e-01	1.113623e+01
5:26600331	5	26600331	4.656394e-01	1.152023e+01
5:26618614	5	26618614	6.268110e-01	1.168147e+01
5:26637778	5	26637778	4.221892e-01	1.145450e+01
5:26641432	5	26641432	3.864804e-01	1.147230e+01
5:26663859	5	26663859	1.537527e-01	1.110589e+01
5:26669589	5	26669589	1.293418e-01	1.123649e+01
5:26689264	5	26689264	1.760980e-01	1.113623e+01
5:26702653	5	26702653	6.494061e-01	1.169816e+01
5:26705507	5	26705507	9.591558e-01	1.174839e+01
5:26721008	5	26721008	4.374328e-02	9.031364e+00
5:26729340	5	26729340	7.799080e-01	1.172224e+01
5:26734867	5	26734867	3.741396e-01	1.168301e+01
5:26746262	5	26746262	2.573047e-02	1.030500e+01
5:26750164	5	26750164	2.023807e-02	1.265392e+01
5:26751931	5	26751931	1.760980e-01	1.113623e+01
5:26785554	5	26785554	3.864804e-01	1.147230e+01
5:26816050	5	26816050	5.161570e-01	1.170624e+01
5:26825617	5	26825617	6.677976e-01	1.166915e+01
5:26835763	5	26835763	1.233882e-01	1.120856e+01
5:26836270	5	26836270	7.568103e-01	1.164340e+01
5:26837690	5	26837690	3.741396e-01	1.168301e+01
5:26841945	5	26841945	3.741396e-01	1.168301e+01
5:26849624	5	26849624	3.580565e-01	1.167949e+01
5:26868877	5	26868877	3.864804e-01	1.147230e+01
5:26898287	5	26898287	3.741396e-01	1.168301e+01
5:26900405	5	26900405	9.542867e-01	1.174084e+01
5:26906413	5	26906413	5.161570e-01	1.170624e+01
5:26912886	5	26912886	6.071615e-01	1.163135e+01
5:26934590	5	26934590	9.150918e-01	1.175182e+01
5:26937108	5	26937108	9.220437e-01	1.170620e+01
5:26937642	5	26937642	9.542867e-01	1.174084e+01
5:26956832	5	26956832	8.925622e-01	1.176315e+01
5:26974099	5	26974099	7.397746e-01	1.178251e+01
5:26975144	5	26975144	5.150844e-01	1.132256e+01
