0.8138346137	0.0003150863585	0.003604957274	-0.008511824007	-0.02183114696	-0.004107313997	0.008446053393	0.006120966478	-0.04701308795	-0.03519549473	-0.04421145508	0.03035545468	0.04097326955	0.01930574755	-0.004004598007	0.05885349759	0.03212141234	-0.001674950758	0.0612137058	-0.01417320577	0.006868065432	0.02764178299	-0.0410133494	-0.03766084772	-0.03734726663	0.06627497447	-0.03861390424	-0.002232527757	0.0761003844	-0.05684753123	0.01988207182	-0.0422817138	-0.01602574708	-0.04003394992	0.03685476076	-0.02172926724	-0.01509765842	-0.01125706078	-0.02375223098	-0.000959093785	0.02184533318	-0.04248572619	0.009788933487	-0.04746248	-0.01266110147	0.002802780137	0.005535701036	-0.02757549261	0.004329136857	-0.02803512054	0.07544031962	-0.05935279211	0.003291911767	-0.06061798738	-0.06886364382	0.003294465828	0.01256135207	0.009724418297	0.05422240756	0.0102350902	-0.02578699509	-0.03500189636	0.01913199625	0.01225201795	0.0106042181	-0.03310412449	0.0001219812933	-0.03149787543	-0.02796302699	-0.05680702838	-0.072125262	-0.04293954768	-0.02450318144	-0.009614473891	0.003431193832	0.009118472171	-0.06573823317	-0.07381746456	-0.06313877976	-0.05316378429	-0.02496568513	-0.03879910678	0.01509750155	
0.0003150863585	1.97558838	0.4096088483	0.4409949032	0.4863473144	0.4099571846	0.05248402228	0.1270069377	0.1030210264	-0.00592391698	0.07081170039	-0.04463541783	0.0231860358	-0.02348830539	0.02608031008	0.06823439573	0.006379055592	-0.05138561015	0.03541093826	-0.0561455838	-0.07684427849	-0.02130463302	-0.09237825208	-0.07930086589	-0.0832532719	-0.009077507792	-0.09663619017	-0.05952836383	-0.03252517161	-0.1008224574	-0.02227602405	-0.1104294337	-0.07963268089	-0.09749780994	-0.03173708192	-0.07875282902	-0.0663171204	-0.05671218577	-0.07709694275	-0.04395121889	-0.04237369486	-0.09449479261	-0.06645172708	-0.09826647965	-0.0640476216	-0.06925484556	-0.04405556192	-0.08014082526	-0.06366764438	-0.1053120991	-0.04008035018	-0.1083499962	-0.03206965324	-0.105293074	-0.1153280734	-0.04356972829	-0.05063984446	0.01229267934	-0.04464811153	-0.05156409163	-0.07212817056	-0.05172433864	-0.04350046917	-0.04205550514	-0.03544254809	-0.07347848559	-0.03232906656	-0.07861267418	-0.05659226323	-0.08065500774	-0.09140542766	-0.05970484303	-0.07845318836	-0.02662285723	-0.04208528134	-0.05387886667	-0.08497734645	-0.09369784624	-0.09293753541	-0.07626057535	-0.07014212278	-0.06094669685	-0.03282633338	
0.003604957274	0.4096088483	1.669234742	0.4061999429	0.4106750117	0.391738762	0.0545977577	0.11611533	0.1065392917	0.004692925909	0.07435220165	-0.04421644159	0.03370868558	-0.01900528994	0.01057727034	0.07921398269	0.01322982701	-0.05357835845	0.049407823	-0.04456103819	-0.06799441594	-0.0149985651	-0.09504186782	-0.06857486959	-0.08459983473	-0.01538031794	-0.09374989521	-0.04817051092	-0.02245833775	-0.1016407433	-0.01898819173	-0.09891880132	-0.06905419317	-0.09280929733	-0.02987549065	-0.06510280945	-0.05680965103	-0.05794321024	-0.07222737201	-0.03361406446	-0.03445453637	-0.09870990654	-0.06576951141	-0.09346313182	-0.05449531906	-0.07038189027	-0.0403897117	-0.07760803775	-0.06136519798	-0.09185845367	-0.03429215248	-0.116868756	-0.01650940501	-0.1024133448	-0.1087755681	-0.03951563987	-0.04243053062	0.01791810938	-0.03455838738	-0.04712300342	-0.06323925292	-0.03002601891	-0.03688862921	-0.03324608823	-0.0296450839	-0.05434185169	-0.02821625988	-0.05819418928	-0.06334369964	-0.08413342509	-0.09644189986	-0.06305460884	-0.06434847338	-0.01857945472	-0.03460533401	-0.03380674189	-0.08093228511	-0.07983083117	-0.07910132971	-0.08611193606	-0.05841655696	-0.05778493388	-0.01683053317	
-0.008511824007	0.4409949032	0.4061999429	1.788465106	0.4677141189	0.4307997845	0.05974552397	0.1198479798	0.1029174637	-0.0171852151	0.07577862619	-0.05732551424	0.01171939941	-0.02260677998	0.03718035224	0.06884098912	-0.000234528495	-0.07012126834	0.0328994417	-0.05106601617	-0.07489061361	-0.01439375809	-0.0907001235	-0.07217040347	-0.08610938407	-0.01261560796	-0.09330580661	-0.0508496875	-0.02308024069	-0.09860667506	-0.02195760532	-0.1025768225	-0.07324733643	-0.09743532891	-0.03048258835	-0.06702182411	-0.05206846143	-0.06662988798	-0.07362568781	-0.03869534191	-0.0377981135	-0.1046045772	-0.06137006488	-0.09612062882	-0.05416341977	-0.06766706163	-0.04673228828	-0.07628553122	-0.05515183358	-0.1035868867	-0.04147576299	-0.1116334583	-0.01477291023	-0.1004524494	-0.1101269356	-0.04128644345	-0.03805637688	0.01809178541	-0.04061631051	-0.04017558258	-0.05929191263	-0.03750131921	-0.03281636798	-0.02943258044	-0.03174606705	-0.06159774384	-0.03212587523	-0.05548967474	-0.0654057181	-0.08479386794	-0.09787471651	-0.05996097287	-0.08057915547	-0.03647322777	-0.0520731795	-0.04603896269	-0.07955617436	-0.07697859414	-0.0846799925	-0.08788988473	-0.06513289186	-0.06693738327	-0.02722818744	
-0.02183114696	0.4863473144	0.4106750117	0.4677141189	2.576347559	0.4477958187	0.05152228585	0.09382349382	0.08092318368	-0.01750850608	0.05685259456	-0.06622617299	0.02999497582	-0.02944738442	0.01427506298	0.0684947172	-0.01635790722	-0.08324344165	0.01511967662	-0.06810675269	-0.08643143081	-0.03742066826	-0.1126677033	-0.07712955692	-0.09301072674	-0.02363827454	-0.1058624205	-0.07186459631	-0.03951633627	-0.1068551955	-0.02212719718	-0.1133681532	-0.08371293758	-0.1017853284	-0.04163899489	-0.09077185467	-0.07618018707	-0.07988279957	-0.07576736652	-0.0619377178	-0.04935498658	-0.1145801169	-0.07924233333	-0.09880807788	-0.06603464093	-0.08870193685	-0.06612298993	-0.09537389119	-0.07716598686	-0.1137674083	-0.05004408118	-0.1275138339	-0.02116609914	-0.1170937656	-0.1304481866	-0.05375478724	-0.05931347404	-0.0001945540795	-0.04554283125	-0.05186065219	-0.06961422042	-0.03282835269	-0.05299189137	-0.05142208848	-0.04745066734	-0.06833041885	-0.04089031454	-0.07582620513	-0.0695107876	-0.09283529666	-0.1083743469	-0.07182337073	-0.08338998717	-0.04664310893	-0.0582591728	-0.05531410374	-0.05153952232	-0.09097422036	-0.06535386306	-0.09035993312	-0.05633683963	-0.06651233578	-0.04292937302	
-0.004107313997	0.4099571846	0.391738762	0.4307997845	0.4477958187	1.994016611	0.06548294719	0.1522261273	0.1137599315	0.007386759484	0.09593458226	-0.06916664584	0.02808581688	-0.03557042311	0.01758931733	0.07378638775	-0.006499655472	-0.06843057735	0.03470148144	-0.04356311914	-0.07766715993	-0.0247318431	-0.09877807108	-0.07350536783	-0.0918258969	-0.01871705165	-0.1038826419	-0.05742313428	-0.03093359648	-0.112859093	-0.0291670244	-0.1054170411	-0.07154297915	-0.1063094055	-0.03417010462	-0.07129955551	-0.06568318883	-0.06669587804	-0.0755393511	-0.05137611763	-0.04223746554	-0.09777944778	-0.06596119734	-0.1051960893	-0.06934931073	-0.07386127975	-0.04302001771	-0.08323244006	-0.0640432734	-0.1012906327	-0.03808771216	-0.1149622654	-0.01641204532	-0.1122765443	-0.1114912289	-0.043832385	-0.04882881011	0.008196332023	-0.03474900055	-0.04234386982	-0.07137946452	-0.03174788452	-0.04098173956	-0.02938823497	-0.04044451234	-0.05780042292	-0.03244096699	-0.0747306798	-0.05250026497	-0.08823972624	-0.09314766401	-0.07085642829	-0.06752584292	-0.04031087741	-0.04833786211	-0.04351676129	-0.07357257506	-0.07359677458	-0.09145063893	-0.09643595216	-0.06460502616	-0.05454438627	-0.03008590485	
0.008446053393	0.05248402228	0.0545977577	0.05974552397	0.05152228585	0.06548294719	0.9191881189	0.06204402953	0.1351681772	0.05977625078	0.06284218543	0.06365203081	0.074508716	0.06145680482	0.09261538272	0.1017586679	0.2313502954	-0.02566444931	0.02881782194	-0.01593750422	-0.04880975611	-0.03476730825	-0.05267078209	0.01737398099	0.01208430792	-0.02842862355	-0.03499950956	-0.02115361116	-0.03411974519	-0.06152096403	-0.03507510517	0.003707037092	-0.05291858261	-0.03783266881	-0.03677822158	-0.04294563666	-0.02308715621	-0.04425860091	-0.02845102966	-0.01136701406	-0.02977221659	0.00520383576	-0.04577910176	-0.001108411622	-0.0546019236	-0.01826800547	-0.03426809028	-0.05084639911	-0.04867407532	-0.05745686204	-0.043385148	-0.004144245061	-0.04072203538	0.0002544833706	-0.07477065686	-0.04239327191	-0.04961993199	-0.03683124474	-0.04336832959	-0.03543555724	-0.04793846677	-0.01090222474	-0.04565945364	-0.0423713485	-0.04954129949	-0.05680444551	-0.03757996538	0.01142594447	0.1308334309	-0.001045065814	-0.0687730163	-0.0418739586	-0.05826985613	-0.02901035294	-0.0605802774	-0.05287037029	-0.06892073147	-0.07408237435	-0.07695385962	-0.05565894192	-0.0372157903	-0.02493129784	-0.04312521958	
0.006120966478	0.1270069377	0.11611533	0.1198479798	0.09382349382	0.1522261273	0.06204402953	1.104838136	0.1415854958	0.04285523248	0.09811941215	-0.02942772456	0.07351299927	0.03432204632	0.143245419	0.05125543725	-0.0008371807966	-0.02775626339	0.03227476872	-0.01907227936	-0.03760549429	-0.01556382831	-0.06502617589	-0.01039054844	-0.04916934734	-0.006703784598	-0.04187534976	-0.0137285961	-0.02330981622	-0.05454044013	-0.0276660177	-0.0685672088	-0.03988618097	-0.038737721	-0.02924209361	-0.05594875441	-0.04355620122	-0.02615359205	-0.0207454829	-0.007009541707	-0.02801379288	-0.07068167826	-0.02009627858	-0.07633150536	0.01003135493	-0.03270079181	0.04321576105	0.03074846433	0.02209554501	-0.03445260898	-0.02874974426	-0.0782877498	-0.04073373575	-0.07692078405	-0.07036781532	-0.03720148907	-0.03823281092	-0.04624598806	-0.03343924532	-0.0275698932	-0.04331421341	-0.04378173052	-0.03919061032	-0.03662611233	-0.03711860258	-0.05020170738	-0.04211950077	-0.05227793197	-0.06272299454	-0.0603742313	-0.07077394227	-0.03517168433	-0.06079784954	-0.03091855493	-0.03591231805	-0.02809255403	-0.06082615214	-0.06479289992	-0.04360471808	-0.02326580787	-0.04524938986	-0.01980144883	-0.02580444706	
-0.04701308795	0.1030210264	0.1065392917	0.1029174637	0.08092318368	0.1137599315	0.1351681772	0.1415854958	1.317040161	0.0514082032	0.1285463518	0.1159119702	0.04065827501	0.04404481715	0.07818796221	0.01587497807	0.05417117756	-0.01725128971	-0.01524297548	-0.03982965952	-0.06554480742	-0.07514278667	-0.05403719757	0.04456407157	0.07457501271	-0.06673737176	0.05893734494	-0.009479784874	-0.08414423444	-0.0621756896	-0.07763188447	0.06920575678	-0.08624017458	0.04982122357	-0.08406804195	-0.06337724475	-0.05569186475	-0.0341149515	-0.0371146853	-0.01373742156	-0.06229571903	0.07117839081	-0.04867056314	0.06624017441	-0.01051850642	-0.001360239254	-0.06903000261	-0.02768323975	-0.03025803037	-0.04961051974	-0.09376830703	0.05828162497	-0.07595952533	0.06086232935	-0.07776447251	-0.09241264593	-0.09969821947	-0.09681309849	-0.09041263294	-0.07468923287	-0.07588771291	-0.00428228756	-0.08953380213	-0.0937624912	-0.09863776449	-0.0776201896	-0.0661021177	-0.0008761710118	-0.01384734244	0.06432260438	-0.0602511634	-0.04107949142	-0.08761494892	-0.06422573046	-0.06784385449	-0.07543032715	-0.04778540575	-0.05610010643	-0.01525280695	-0.0250278909	-0.06635771581	-0.03989802115	-0.09080954882	
-0.03519549473	-0.00592391698	0.004692925909	-0.0171852151	-0.01750850608	0.007386759484	0.05977625078	0.04285523248	0.0514082032	1.130931497	0.4681805558	0.0154917164	0.03774078491	0.1019762476	0.03531244268	0.0108313631	0.002762181338	0.1988462902	0.001351249424	-0.03446610267	-0.05787422633	-0.05330471532	0.1273081102	-0.04009943222	-0.03760680361	-0.06106412063	-0.04384513544	-0.061697017	-0.06282314878	0.3381490362	-0.06576292341	-0.03912686219	-0.0613219598	-0.05869595298	-0.07159439203	-0.06255460982	-0.03038615549	-0.04989058669	-0.04976669392	-0.05938817177	-0.049288504	-0.0394286565	-0.009318395836	-0.04491090982	-0.04772907819	-0.06103354702	-0.03671793794	-0.05950729361	-0.05906995372	0.003699229377	-0.078147044	-0.04994711614	-0.06657840824	-0.04309803399	0.3152768786	-0.08004880332	-0.08480385511	-0.0815176051	-0.0828991138	-0.05681952544	-0.0617085657	-0.0736908874	-0.0753662223	-0.07055310375	-0.07958865603	-0.05691268538	-0.07363253518	-0.07674457588	-0.0573241015	-0.06388193973	0.3029741189	-0.06565823939	-0.07988557055	-0.06197845526	-0.07250157524	-0.07500558852	0.08800331457	0.07567618053	-0.04772324555	-0.04565087327	-0.04777240862	-0.06005610097	-0.06704931333	
-0.04421145508	0.07081170039	0.07435220165	0.07577862619	0.05685259456	0.09593458226	0.06284218543	0.09811941215	0.1285463518	0.4681805558	1.307683106	-0.01046549884	0.03137186904	0.08716050079	0.03592469518	0.01982531888	0.00530229204	0.1611310677	-0.0295859448	-0.04595586536	-0.07218318666	-0.07266608091	0.1035707804	-0.04332749213	-0.04670001223	-0.06465820761	-0.05710437493	-0.07816970538	-0.07104924316	0.315286158	-0.07481183001	-0.04882736188	-0.07729526604	-0.06786996712	-0.08078952789	-0.07438381003	-0.03983751723	-0.05493898139	-0.06264388447	-0.07090066633	-0.06874165487	-0.04836499997	-0.02201554387	-0.0540239197	-0.05393284681	-0.07646588645	-0.06091174637	-0.07462283496	-0.06809049335	-0.01006801072	-0.08881525679	-0.06088172735	-0.06885131428	-0.06086968306	0.2993754426	-0.08274611277	-0.08680102865	-0.09480239481	-0.08694287276	-0.06721825172	-0.0754939628	-0.06990585447	-0.08953947737	-0.08137927954	-0.09066769377	-0.06873969673	-0.07563677298	-0.08702062665	-0.06893587115	-0.06173645727	0.284635942	-0.05579836064	-0.08958557067	-0.07181677927	-0.06787174969	-0.07312261761	0.08256054844	0.08102546023	-0.05478906643	-0.04735288353	-0.05302183674	-0.06223922902	-0.07807514693	
0.03035545468	-0.04463541783	-0.04421644159	-0.05732551424	-0.06622617299	-0.06916664584	0.06365203081	-0.02942772456	0.1159119702	0.0154917164	-0.01046549884	0.8641613786	0.02920478262	0.06160098154	0.01712209017	0.006901760575	0.06952323573	0.04147575815	0.02628113575	-0.03218032872	-0.04538092126	-0.03693514019	0.004749672481	0.05196632313	0.2030149423	-0.05296582692	0.08516550953	-0.02117065915	-0.05348789094	-0.02532302622	-0.05490675753	0.1717631069	-0.04176999398	0.08204445254	-0.04840047359	-0.03756821457	-0.02810046964	-0.02066783192	-0.04539813748	-0.03456074987	-0.03058613649	0.1792208242	-0.04874343962	0.1729341121	-0.02010264441	-0.0009659803341	-0.03513261029	-0.03378505996	-0.0531629052	-0.01622012502	-0.05615881141	0.1697321359	-0.05579212515	0.1658084097	-0.0328665695	-0.06565044077	-0.06614576759	-0.06944211906	-0.06402639998	-0.0668388247	-0.04712157838	-0.01802378224	-0.06167069474	-0.06472957058	-0.0594644987	-0.05610490424	-0.06213042979	-0.01208519652	0.009047365652	0.04952255517	-0.03928086949	-0.05987944626	-0.07019732113	-0.02786804475	-0.07113925265	-0.07424326531	-0.03980203133	-0.04627847905	-0.0543493187	-0.0602667962	-0.03397354189	-0.04938723718	-0.06275564846	
0.04097326955	0.0231860358	0.03370868558	0.01171939941	0.02999497582	0.02808581688	0.074508716	0.07351299927	0.04065827501	0.03774078491	0.03137186904	0.02920478262	1.040696992	0.1196508988	0.1187997233	0.152765013	0.03159295607	0.006336212665	0.08086864778	-0.04044874504	-0.0484367332	-0.01930045122	-0.04982117612	-0.01184627666	-0.04378540414	-0.02825269527	-0.04893517671	-0.01434921565	-0.02597435862	-0.05912673642	-0.01994407249	-0.05459905139	-0.05789659293	-0.04947299964	-0.02370987561	-0.05713262522	-0.03893909333	-0.03650149996	0.1067729438	-0.01320956827	-0.01718075536	-0.05758046011	-0.01975265629	-0.05447884503	0.002961041989	-0.03519378241	-0.004661225819	-0.03059563546	0.01579001436	-0.05473370732	-0.02817229596	-0.06278960533	-0.01858346665	-0.06935508427	-0.06965928685	-0.03818225117	-0.03413009777	-0.04169092967	-0.0398368799	-0.01759960913	-0.05782434938	-0.04175749877	-0.03012958939	-0.02937566431	-0.03351728666	-0.06356027939	-0.02958721744	-0.0406511278	-0.04996572438	-0.05847878151	-0.05850210633	0.08079340811	-0.0653606706	-0.03056458671	-0.02659330666	-0.03558446744	-0.05163720086	-0.06078440418	-0.03421917978	-0.01477843977	-0.02192022011	0.0848526136	-0.02589505141	
0.01930574755	-0.02348830539	-0.01900528994	-0.02260677998	-0.02944738442	-0.03557042311	0.06145680482	0.03432204632	0.04404481715	0.1019762476	0.08716050079	0.06160098154	0.1196508988	1.21905281	0.07628923114	0.0590719938	0.04335206705	0.016496313	0.04624579218	-0.0346733299	-0.04084390475	-0.04133294693	0.05227777189	-0.002001987519	-0.02232815978	-0.0394195618	-0.04567720922	-0.0270732593	-0.04479896723	0.02126757445	-0.04631538129	-0.03190852649	-0.0522721352	-0.0495180651	-0.04657341594	-0.02861993327	0.03178211915	0.0008124425612	0.03707682931	-0.01510048331	-0.03628251551	-0.02979235136	0.02456532091	-0.03490551294	-0.01513607539	0.005535448139	-0.04286053972	-0.0183734548	-0.01251737412	0.03640811213	-0.05561511916	-0.03525537251	-0.04638197994	-0.03653975982	0.008768635874	-0.05472674867	-0.06245752895	-0.05472223652	-0.05366309989	-0.04323908637	-0.0626568943	-0.03514350852	-0.05436947024	-0.06028255206	-0.05791228634	-0.06149474821	-0.04963476642	-0.0312490913	-0.02199714319	-0.03301334492	0.006847270046	0.01031377793	-0.05596280241	-0.05469501271	-0.06151700547	-0.06230425326	-0.03883717785	-0.04929635774	-0.04046880342	-0.02378549911	-0.00595947123	0.02146702594	-0.05552418588	
-0.004004598007	0.02608031008	0.01057727034	0.03718035224	0.01427506298	0.01758931733	0.09261538272	0.143245419	0.07818796221	0.03531244268	0.03592469518	0.01712209017	0.1187997233	0.07628923114	1.541367857	0.1067756339	0.02781587576	-0.01933476487	0.1858998323	-0.04992233345	-0.05023110941	-0.06414705081	-0.05830105644	0.009590050485	-0.03013211524	-0.05240556366	-0.03775443808	-0.04176792762	-0.05495501477	-0.06345079665	-0.06014743956	-0.05021488751	-0.06830446008	-0.03618386368	-0.0704905162	-0.03622927875	-0.05327390571	-0.01976607726	-0.02309859006	-0.03551367422	-0.05585181654	-0.04989700617	0.002907222454	-0.05401684054	-0.01422008306	-0.01509127058	-0.01509175686	0.4728862666	-0.01284342449	-0.04146766857	-0.06095941022	-0.06097590501	-0.05919655542	-0.0607029724	-0.07616292815	0.000880458427	-0.08067349411	-0.06314188382	-0.06294490304	-0.04562445799	-0.06310434992	-0.03409231294	-0.06951238438	-0.07663759928	-0.06981711292	-0.06671566768	-0.06423725415	-0.0420691568	-0.06000185497	-0.04617969304	-0.07416216419	-0.04314913925	-0.06568943015	-0.05435649437	-0.03513822934	-0.03738579922	-0.05061444874	-0.0569702981	-0.02937340583	-0.03362707544	-0.05364021734	-0.04317459798	-0.07318193126	
0.05885349759	0.06823439573	0.07921398269	0.06884098912	0.0684947172	0.07378638775	0.1017586679	0.05125543725	0.01587497807	0.0108313631	0.01982531888	0.006901760575	0.152765013	0.0590719938	0.1067756339	1.067428785	0.04584783823	-0.0191772782	0.09198098626	-0.02606333109	-0.04570711928	0.03056671147	-0.06521218848	-0.06895361245	-0.05831608156	0.02182761384	-0.06300266684	-0.01370844121	0.01088890186	-0.07988968872	0.03240314598	-0.07106937279	-0.03176250819	-0.06023163241	0.0274839555	-0.06480184856	-0.02723605216	-0.04086141066	-0.04141221387	-0.01717812312	0.009918767509	-0.07240030564	-0.04766345342	-0.07410385515	-0.02557755723	-0.05859865215	-0.001457133986	-0.06195422915	-0.01502049699	-0.06350700912	0.001681609243	-0.08494180503	0.01525338981	-0.08434663225	-0.08578994406	0.0003089613168	0.006248806591	-0.01010675	0.008203247399	0.001225375609	-0.02911851471	-0.04319922794	0.01807929579	0.01115277314	0.0156353686	-0.04102850915	0.003990587853	-0.04753120958	-0.04877352914	-0.06568062829	-0.08217360387	-0.05652714226	-0.04546772274	-0.01412234924	-0.01217035478	-0.004333098607	-0.06915328313	-0.07596722407	-0.09099824741	-0.07651369154	-0.03823822138	-0.06132802448	0.01976571832	
0.03212141234	0.006379055592	0.01322982701	-0.000234528495	-0.01635790722	-0.006499655472	0.2313502954	-0.0008371807966	0.05417117756	0.002762181338	0.00530229204	0.06952323573	0.03159295607	0.04335206705	0.02781587576	0.04584783823	0.677392182	0.0003181015486	0.03909616033	-0.01051386705	-0.03737949865	-0.01442867629	-0.02881889044	0.03472458263	0.02394190864	-0.01851219599	-0.0157467959	-0.004573701691	-0.01601891435	-0.04615178351	-0.01852053407	0.02661907663	-0.03222128488	-0.01887756667	-0.01880991439	-0.02518273497	-0.01110962879	-0.01511404325	-0.007891887543	0.01008611445	-0.01594983715	0.03690790171	-0.02563945201	0.02825178556	-0.03713897824	0.003025270845	-0.01886167302	-0.041371917	-0.03277805553	-0.02985666458	-0.02495606875	0.01096317584	-0.0335344205	0.01237649634	-0.06541199578	-0.02749215915	-0.03491461795	-0.02105818409	-0.03628804779	-0.03203660969	-0.03993895351	0.002275443437	-0.03335927255	-0.03025532717	-0.02760829115	-0.04939150796	-0.02605332015	0.01012338805	0.1404693699	0.007861557384	-0.05782405448	-0.02670556082	-0.05186709765	-0.02372690578	-0.04823774424	-0.04244782098	-0.06445597059	-0.05882447149	-0.06850189092	-0.05495776992	-0.03099845985	-0.02230214012	-0.02933429846	
-0.001674950758	-0.05138561015	-0.05357835845	-0.07012126834	-0.08324344165	-0.06843057735	-0.02566444931	-0.02775626339	-0.01725128971	0.1988462902	0.1611310677	0.04147575815	0.006336212665	0.016496313	-0.01933476487	-0.0191772782	0.0003181015486	1.101158938	0.0006679069598	-0.04818904059	-0.04937344778	-0.04815348258	0.2814332654	-0.03176134359	-0.01868118038	-0.04665989213	-0.02323122378	-0.03990621516	-0.05566791926	0.1570254413	-0.0593591213	-0.01571409068	-0.05189212291	-0.02749104445	-0.05702145871	-0.03865359359	0.007447283511	-0.02411816639	-0.02402501999	-0.0520716966	-0.03511761611	-0.01577390409	0.08393707506	-0.01264525597	-0.04237719291	-0.03919368956	-0.04347845224	-0.02940747447	-0.03642852084	0.0271956683	-0.0614015606	-0.02312883047	-0.06153304275	-0.02850148459	0.1310858	-0.06744833224	-0.0728118547	-0.07076742815	-0.06255598639	-0.05684896688	-0.05607083592	-0.05818762923	-0.0759644382	-0.06324524748	-0.07727457534	-0.0709614682	-0.06713828818	-0.0638527551	-0.0585152295	-0.04708784251	0.1341080316	-0.05391250235	-0.06739774799	-0.06536177746	-0.05860936741	-0.05736555457	0.3566161707	0.3537124146	-0.03864004451	-0.03429997538	-0.02278370683	-0.04438024077	-0.06893460628	
0.0612137058	0.03541093826	0.049407823	0.0328994417	0.01511967662	0.03470148144	0.02881782194	0.03227476872	-0.01524297548	0.001351249424	-0.0295859448	0.02628113575	0.08086864778	0.04624579218	0.1858998323	0.09198098626	0.03909616033	0.0006679069598	1.242939174	-0.02558192207	-0.04185499074	-0.007938861885	-0.05771324265	-0.03152774969	-0.05306843537	-0.01653970056	-0.05654325965	-0.02597597069	-0.0190821323	-0.05889567213	-0.005707030686	-0.06156381498	-0.04201970121	-0.06021606494	-0.006355762577	-0.02167982372	-0.004348914831	-0.03145618966	-0.03326544012	-0.01154467619	-0.01251266549	-0.04924285393	-0.02043885663	-0.05582724655	-0.01791615405	-0.03215475406	0.01876353675	0.1227479411	-0.01398436625	-0.04913844187	-0.01950921665	-0.06991834965	-0.02256306954	-0.07203814639	-0.07235316706	0.1320170428	-0.02640287328	-0.01100387745	-0.02798498138	-0.0197217522	-0.03185228631	-0.04015791616	-0.01532450716	-0.02184573772	-0.01518686056	-0.04851464904	-0.02055909252	-0.03946770868	-0.04769765565	-0.05959318056	-0.0690211963	-0.05520682231	-0.05151078437	-0.0262599571	-0.02944808632	-0.01932983748	-0.06618703424	-0.06887568544	-0.06770724519	-0.06590166217	-0.04199135476	-0.04451155148	-0.02213520231	
-0.01417320577	-0.0561455838	-0.04456103819	-0.05106601617	-0.06810675269	-0.04356311914	-0.01593750422	-0.01907227936	-0.03982965952	-0.03446610267	-0.04595586536	-0.03218032872	-0.04044874504	-0.0346733299	-0.04992233345	-0.02606333109	-0.01051386705	-0.04818904059	-0.02558192207	0.73809437	0.02208189228	0.0201785852	-0.01960387869	-0.0197033556	-0.02595279591	-0.01103075127	-0.01942671313	-0.004436247049	-0.0008225753342	-0.0358035354	-0.002532033862	-0.0215140564	0.3639009181	-0.03374476896	0.006005647635	-0.01226386801	-0.0063036199	-0.01673150533	-0.04051120446	-0.006832644128	0.03117804796	-0.01301612095	-0.02289751852	-0.02708558192	-0.02037542959	-0.02228393038	-0.005739205166	-0.02681810875	-0.01653212621	-0.0309219292	-0.001502563906	-0.02488090919	-0.019377891	-0.01641299465	-0.04442182573	-0.004455742682	0.006954191569	-0.006914186947	-0.01144509415	-0.005942416323	0.3350223898	-0.03384025219	0.000263357024	0.003962096065	0.002853872847	0.3237132824	-0.01681336051	-0.01556139474	-0.008870453374	-0.03713905329	-0.04979458282	-0.03382710367	-0.02935869062	-0.01720701863	-0.03136962255	-0.02842805429	-0.05182467819	-0.0508149873	-0.0511021467	-0.05167316321	-0.02497722608	-0.04526242151	0.02234271231	
0.006868065432	-0.07684427849	-0.06799441594	-0.07489061361	-0.08643143081	-0.07766715993	-0.04880975611	-0.03760549429	-0.06554480742	-0.05787422633	-0.07218318666	-0.04538092126	-0.0484367332	-0.04084390475	-0.05023110941	-0.04570711928	-0.03737949865	-0.04937344778	-0.04185499074	0.02208189228	1.029385513	0.02013990709	-0.02678121726	-0.01068867439	-0.03873979977	-0.0005745040043	-0.01427551292	-0.009236953828	0.0133232873	-0.03505083832	-0.0126235884	-0.03034627455	-0.006456425346	-0.02567001591	-0.002006189689	0.3584122197	-0.009267009171	0.01441630472	-0.03459980097	-0.01370922771	0.003500578511	-0.02941904534	0.04726263722	-0.03880993629	-0.008717487037	0.05094066624	-0.01548416101	-0.005871264454	0.003669592246	-0.009292379711	0.01982684419	-0.03057693309	-0.03160385815	-0.02829365438	-0.04092910895	-0.009059822814	-0.0006859524119	0.005462024102	-0.004044323404	-0.01723499705	-0.0152177024	-0.03519496086	-0.01576500463	-0.01241229014	-0.01136109992	-0.01860610019	-0.02620929008	-0.02046109621	-0.02227203365	-0.04378955041	-0.04951952883	-0.04621850271	0.6426889949	-0.03082798955	-0.0280692506	-0.023526368	-0.04261569205	-0.05230272866	-0.05108485683	-0.04095575507	-0.03223499033	-0.04508750047	-0.009144184295	
0.02764178299	-0.02130463302	-0.0149985651	-0.01439375809	-0.03742066826	-0.0247318431	-0.03476730825	-0.01556382831	-0.07514278667	-0.05330471532	-0.07266608091	-0.03693514019	-0.01930045122	-0.04133294693	-0.06414705081	0.03056671147	-0.01442867629	-0.04815348258	-0.007938861885	0.0201785852	0.02013990709	0.3528714282	-0.03177547144	-0.02940043834	-0.0388929683	0.0469460353	-0.01313696777	0.03480077469	0.06784771357	-0.03409163163	0.05898407667	-0.02789975672	0.01015195252	-0.01544806887	0.07222052538	-0.006230537334	0.02827062907	0.0007578403252	-0.02669313476	0.03600506884	0.04351670325	-0.03733591141	-0.01711259522	-0.03933661347	0.009468187634	-0.0200384362	0.03419524531	-0.02363997686	0.01470883292	-0.01564271968	0.05836338433	-0.03520264756	0.01879776497	-0.03053518289	-0.04657295246	0.04094475808	0.0716893986	0.03849837234	0.03880687537	0.03606577121	0.001465916143	-0.02659334075	0.05261440903	0.06355137179	0.05212941485	-0.001177897248	0.0251866029	0.008590804866	0.0004386095721	-0.04171147676	-0.04092456277	-0.03639057144	-0.02698256662	0.02579113769	0.01061356508	0.02262001731	-0.06562736997	-0.06254356644	-0.06163927292	-0.06366554761	-0.004562995215	-0.02185552654	0.06375132756	
-0.0410133494	-0.09237825208	-0.09504186782	-0.0907001235	-0.1126677033	-0.09877807108	-0.05267078209	-0.06502617589	-0.05403719757	0.1273081102	0.1035707804	0.004749672481	-0.04982117612	0.05227777189	-0.05830105644	-0.06521218848	-0.02881889044	0.2814332654	-0.05771324265	-0.01960387869	-0.02678121726	-0.03177547144	0.99251784	-0.003491604554	0.01399718486	-0.03788510705	-0.01552954703	-0.01913329542	-0.02736503482	0.1504811486	-0.03527146363	0.02196083788	-0.02139011577	-0.01913021997	-0.02973632024	0.00119227378	0.01168408303	-0.003491495468	-0.0175445187	-0.02448082952	-0.01329540016	0.01186896196	0.07805032507	0.01214880601	-0.02601490065	-0.01994458483	-0.02196163073	-0.01769260368	-0.03081076665	0.0505245814	-0.03531604012	0.01316334278	-0.0575306164	-0.001016133188	0.1257901	-0.0450357477	-0.03653866544	-0.04383513822	-0.04635130939	-0.05347614088	-0.04043320759	-0.0510384007	-0.04767162873	-0.04319430879	-0.037737962	-0.04424194651	-0.0457709476	-0.04170183629	-0.02685071348	-0.03022709312	0.1228841838	-0.04519597675	-0.05006172364	-0.03318335426	-0.06325168281	-0.05753197852	0.1900910399	0.2081923793	-0.04175331534	-0.0376783389	-0.007682096877	-0.04079769789	-0.04427260443	
-0.03766084772	-0.07930086589	-0.06857486959	-0.07217040347	-0.07712955692	-0.07350536783	0.01737398099	-0.01039054844	0.04456407157	-0.04009943222	-0.04332749213	0.05196632313	-0.01184627666	-0.002001987519	0.009590050485	-0.06895361245	0.03472458263	-0.03176134359	-0.03152774969	-0.0197033556	-0.01068867439	-0.02940043834	-0.003491604554	0.8114108607	0.06173841529	-0.030345667	0.06442585575	0.004162450934	-0.01839639357	-0.009209851286	-0.03846387832	0.06729987852	-0.03139963413	0.05785625168	-0.03411492601	0.1053151496	-0.01395887734	0.02756385441	0.01382520737	0.002633296279	-0.02872067672	0.06418964273	0.01046989875	0.06154971686	0.01460199506	0.05679618389	-0.01391671988	0.03933490017	-0.007834517953	-0.01502105192	-0.01688115066	0.05874638804	-0.05120649412	0.05620245028	-0.03279138364	-0.03050701167	-0.05728695345	-0.02861286925	-0.04472983072	-0.04811553327	-0.03882198933	-0.01462766646	-0.05312118037	-0.05029910624	-0.05350059537	-0.05413759901	-0.05782971254	0.002369523128	0.02600443396	0.03026013496	-0.03174110825	0.001410928407	-0.02827363916	-0.03733455813	-0.04855243849	-0.04117313631	-0.03952227564	-0.0366502797	0.06141640169	0.07045498456	-0.03224558975	0.001631333701	-0.04901042285	
-0.03734726663	-0.0832532719	-0.08459983473	-0.08610938407	-0.09301072674	-0.0918258969	0.01208430792	-0.04916934734	0.07457501271	-0.03760680361	-0.04670001223	0.2030149423	-0.04378540414	-0.02232815978	-0.03013211524	-0.05831608156	0.02394190864	-0.01868118038	-0.05306843537	-0.02595279591	-0.03873979977	-0.0388929683	0.01399718486	0.06173841529	0.8066049249	-0.0343862331	0.108096446	0.003942406417	-0.0320747546	-0.003123103315	-0.03789947053	0.1855970318	-0.008659764811	0.1006259181	-0.03383542885	-0.02006161263	-0.00148415555	0.0001073121555	-0.03328392741	-0.02022345293	-0.02903528773	0.1889131809	-0.03601464301	0.1788002091	-0.008176259648	0.02429045898	-0.02084826313	-0.01703015083	-0.04279139192	0.0145086754	-0.03358611642	0.1963722275	-0.05257333934	0.1724179954	-0.02616535547	-0.04750778289	-0.04420454826	-0.0551668275	-0.05481421684	-0.05153447596	-0.04077515158	-0.01184921062	-0.04858959782	-0.05155172001	-0.05381966704	-0.04622924724	-0.05825634466	0.008555459178	0.02603218122	0.06276732381	-0.03216445207	-0.04358015337	-0.04731675846	-0.01236461389	-0.04343191293	-0.05889526753	-0.02121005572	-0.02292177452	-0.05046012484	-0.04671742567	-0.00661008201	-0.03663747355	-0.04960244183	
0.06627497447	-0.009077507792	-0.01538031794	-0.01261560796	-0.02363827454	-0.01871705165	-0.02842862355	-0.006703784598	-0.06673737176	-0.06106412063	-0.06465820761	-0.05296582692	-0.02825269527	-0.0394195618	-0.05240556366	0.02182761384	-0.01851219599	-0.04665989213	-0.01653970056	-0.01103075127	-0.0005745040043	0.0469460353	-0.03788510705	-0.030345667	-0.0343862331	0.7048059434	-0.02259148093	0.01479958116	0.1140948952	-0.03309651596	0.05171505749	-0.02818487695	0.002824023718	-0.02331610592	0.04745288516	-0.02238840953	0.00527132252	0.006292051922	-0.02168330898	0.004740963747	0.02943744683	-0.04570242545	-0.02250178764	-0.04188441952	0.0009361769962	0.0007252875108	0.01067641221	-0.02242986863	0.007176943959	-0.003101576405	0.07600192461	-0.02634945279	0.01023455428	-0.04561809631	-0.06053693987	0.01708132083	0.03274088247	0.02241265715	0.0904424447	0.01296355401	-0.01797217383	-0.02678979567	0.02510405003	0.03150075651	0.02208071619	-0.01436261553	0.01279256879	-0.01670605487	-0.01355693462	-0.04067254363	-0.05140020189	-0.02484891325	-0.01066087009	0.008199513245	0.01809191226	0.02983190061	-0.05670712906	-0.05139227698	-0.05384743769	-0.05332707549	-0.007408625674	-0.03775629925	0.02731640805	
-0.03861390424	-0.09663619017	-0.09374989521	-0.09330580661	-0.1058624205	-0.1038826419	-0.03499950956	-0.04187534976	0.05893734494	-0.04384513544	-0.05710437493	0.08516550953	-0.04893517671	-0.04567720922	-0.03775443808	-0.06300266684	-0.0157467959	-0.02323122378	-0.05654325965	-0.01942671313	-0.01427551292	-0.01313696777	-0.01552954703	0.06442585575	0.108096446	-0.02259148093	0.6711692032	0.01418993725	-0.01331590225	-0.009391338055	-0.006179466315	0.1151398614	-0.01760057426	0.3016751321	-0.01620497628	-0.008118678537	0.0005421971637	0.01283367355	-0.01750143764	0.005283959651	-0.01793065	0.1097328768	-0.01639565794	0.09960398278	0.03681779254	0.03991359021	-0.005233360466	0.01456533714	0.01813086467	0.02740287227	-0.01586126791	0.1152719422	-0.0436029694	0.1006949316	-0.02928607181	-0.03168889314	-0.03146976009	-0.03587596599	-0.03293084106	-0.02167829568	-0.02563029026	-0.01604589722	-0.03749624928	-0.02215942902	-0.03773122694	-0.04468322121	-0.03961798773	0.001653159478	-0.007488870921	0.03079071205	-0.03205750688	-0.03910332292	-0.04277097019	-0.02327846489	-0.01532002267	-0.01989091548	-0.03969436868	-0.03484753169	-0.01186259561	-0.00579957861	-0.01862883967	-0.03204335171	-0.02989421359	
-0.002232527757	-0.05952836383	-0.04817051092	-0.0508496875	-0.07186459631	-0.05742313428	-0.02115361116	-0.0137285961	-0.009479784874	-0.061697017	-0.07816970538	-0.02117065915	-0.01434921565	-0.0270732593	-0.04176792762	-0.01370844121	-0.004573701691	-0.03990621516	-0.02597597069	-0.004436247049	-0.009236953828	0.03480077469	-0.01913329542	0.004162450934	0.003942406417	0.01479958116	0.01418993725	0.4511565052	0.02517816875	-0.02029867503	0.028163113	0.01572536381	0.01746757205	0.01737476684	0.03602170955	0.01130078882	0.01730242496	0.02638475587	0.006266451825	0.05446581855	0.02955768802	0.002138571363	-0.02015194866	-0.0003828776538	0.03560319496	0.01675537565	0.006817756589	0.002458425256	0.02598605281	0.008081497937	0.03472977851	0.01864756759	-0.008566121109	-0.007343717185	-0.04625873967	0.02061035584	0.01760300394	0.01515769643	-0.000175248232	0.008806196548	-0.01932255897	0.009200959901	0.01228219538	0.01891699929	0.01619170896	-0.02376532183	-0.008590556018	0.03994622369	0.0008929349202	0.04518421044	-0.0454274606	-0.01019682198	-0.03632149981	0.0062154132	-0.01572561066	-0.002185799682	-0.06127345989	-0.06414779363	-0.04123534621	-0.04284700363	-0.004142553766	-0.01590088538	0.01940302451	
0.0761003844	-0.03252517161	-0.02245833775	-0.02308024069	-0.03951633627	-0.03093359648	-0.03411974519	-0.02330981622	-0.08414423444	-0.06282314878	-0.07104924316	-0.05348789094	-0.02597435862	-0.04479896723	-0.05495501477	0.01088890186	-0.01601891435	-0.05566791926	-0.0190821323	-0.0008225753342	0.0133232873	0.06784771357	-0.02736503482	-0.01839639357	-0.0320747546	0.1140948952	-0.01331590225	0.02517816875	0.4628527024	-0.02118962938	0.05560105261	-0.01924159622	0.01404485018	-0.01153517519	0.06284096072	-0.002157999319	0.01397779024	0.01324798754	-0.01775342288	0.02109399814	0.03427415934	-0.03464041531	-0.0121632879	-0.0313809514	0.006327018986	0.004008601988	0.02377748521	-0.00984813949	0.01605913163	-0.007296917191	0.1012647267	-0.03234130865	0.007224823785	-0.03687285086	-0.05659727961	0.02613798228	0.04261700051	0.03194433397	0.103188181	0.02070256934	-0.01095626992	-0.02887257115	0.03353446237	0.03737140289	0.03757590668	-0.01281951953	0.003929601649	-0.008891160821	-0.01628646692	-0.03903481312	-0.05174383656	-0.03339168603	-0.01763101001	0.006813413954	0.02023663627	0.0284894546	-0.06392317156	-0.05919473947	-0.05978671565	-0.05552208777	-0.007879975349	-0.03171997918	0.04002311904	
-0.05684753123	-0.1008224574	-0.1016407433	-0.09860667506	-0.1068551955	-0.112859093	-0.06152096403	-0.05454044013	-0.0621756896	0.3381490362	0.315286158	-0.02532302622	-0.05912673642	0.02126757445	-0.06345079665	-0.07988968872	-0.04615178351	0.1570254413	-0.05889567213	-0.0358035354	-0.03505083832	-0.03409163163	0.1504811486	-0.009209851286	-0.003123103315	-0.03309651596	-0.009391338055	-0.02029867503	-0.02118962938	0.8677289684	-0.02306939744	0.001684002231	-0.01545914189	-0.001646756905	-0.02657167535	-0.01444209072	0.01184528458	0.00632822346	-0.01161347345	-0.02122725485	-0.02081167214	0.005808877972	0.007941469768	-0.0001996631465	-0.02132666364	-0.02606365343	-0.01578692911	-0.01732796639	-0.02417931891	0.05404546772	-0.02681825399	0.01185847286	-0.06622977044	-0.01107435231	0.3257440749	-0.04457794091	-0.04963859733	-0.05231917264	-0.05522218564	-0.03911926568	-0.0416310909	-0.05707909292	-0.05725754935	-0.04848368596	-0.05029007543	-0.04996278842	-0.05200986671	-0.05077130742	-0.04761464167	-0.04497444244	0.3129334773	-0.04228469673	-0.06035238061	-0.04577923698	-0.04248721087	-0.04866733659	0.1002352479	0.09508224315	-0.03491994618	-0.020409045	-0.02230448744	-0.04063493752	-0.05084454221	
0.01988207182	-0.02227602405	-0.01898819173	-0.02195760532	-0.02212719718	-0.0291670244	-0.03507510517	-0.0276660177	-0.07763188447	-0.06576292341	-0.07481183001	-0.05490675753	-0.01994407249	-0.04631538129	-0.06014743956	0.03240314598	-0.01852053407	-0.0593591213	-0.005707030686	-0.002532033862	-0.0126235884	0.05898407667	-0.03527146363	-0.03846387832	-0.03789947053	0.05171505749	-0.006179466315	0.028163113	0.05560105261	-0.02306939744	0.5864096584	-0.02423957986	0.02500937399	0.0003443687161	0.06592483355	-0.002001156672	0.02045997222	0.006969873416	-0.01609919339	0.03734467249	0.04884950178	-0.02656019394	-0.02925925033	-0.02828572694	0.01224914887	-0.01538453713	0.02727460004	-0.02074447895	0.01341480436	0.0003731805895	0.05354259693	-0.01208233909	0.02872048104	-0.04628446234	-0.05623842886	0.03632189383	0.04574779031	0.02630403414	0.03264090055	0.02101353609	-0.0008824784145	-0.0236488508	0.04235312181	0.04606727649	0.04105051951	-0.0007183383879	0.01640845511	-0.0171412954	-0.02301817046	-0.04748342265	-0.04986441995	-0.0288122726	-0.02697807143	0.02105693245	0.0169973473	0.01841692022	-0.06089108733	-0.05264998762	-0.05531239228	-0.06133302018	-0.01030310575	-0.0360722012	0.050677589	
-0.0422817138	-0.1104294337	-0.09891880132	-0.1025768225	-0.1133681532	-0.1054170411	0.003707037092	-0.0685672088	0.06920575678	-0.03912686219	-0.04882736188	0.1717631069	-0.05459905139	-0.03190852649	-0.05021488751	-0.07106937279	0.02661907663	-0.01571409068	-0.06156381498	-0.0215140564	-0.03034627455	-0.02789975672	0.02196083788	0.06729987852	0.1855970318	-0.02818487695	0.1151398614	0.01572536381	-0.01924159622	0.001684002231	-0.02423957986	0.5903130743	-0.004960950516	0.1229933039	-0.006257647711	0.001602721624	0.01222576294	0.01305941461	-0.01853351747	-0.005691908701	-0.009577522655	0.1938699814	-0.03737484126	0.2000027758	0.001779734668	0.02497329181	-0.02236858525	0.001365767932	-0.03388299855	0.02681807188	-0.02544388497	0.2066654741	-0.04841292078	0.1710494205	-0.02435386907	-0.04258720866	-0.04056141723	-0.04437717175	-0.04892686416	-0.04895420648	-0.03834651087	-0.008899691848	-0.04717743862	-0.04186554802	-0.04900474918	-0.04790600514	-0.05223247813	0.002991092142	0.03013213863	0.06064951155	-0.02362107326	-0.03506373425	-0.04718997517	0.00601832956	-0.05024188039	-0.05178640953	-0.02773980287	-0.02309933615	-0.0388554234	-0.03840920081	-0.008524375446	-0.04114640194	-0.04582698713	
-0.01602574708	-0.07963268089	-0.06905419317	-0.07324733643	-0.08371293758	-0.07154297915	-0.05291858261	-0.03988618097	-0.08624017458	-0.0613219598	-0.07729526604	-0.04176999398	-0.05789659293	-0.0522721352	-0.06830446008	-0.03176250819	-0.03222128488	-0.05189212291	-0.04201970121	0.3639009181	-0.006456425346	0.01015195252	-0.02139011577	-0.03139963413	-0.008659764811	0.002824023718	-0.01760057426	0.01746757205	0.01404485018	-0.01545914189	0.02500937399	-0.004960950516	0.8519301339	-0.01180899503	0.03303743301	0.005608508465	0.007820727606	-0.000515123685	-0.02982025948	-0.0005903720335	0.04777794135	-0.02372411348	-0.02851180129	-0.01874642949	-0.00336712824	-0.01282514634	0.01069874613	-0.009216148635	0.002130468461	0.004898417041	0.01538478397	-0.007072943365	-0.02396560196	-0.03046144914	-0.04186166113	-0.005788493647	0.002505421132	-0.01056335272	-0.01534649859	-0.008781768103	0.3541056268	-0.04166927768	0.001996629816	0.001853029472	0.007163960732	0.3438792403	-0.0222657248	-0.02905936024	-0.02269524949	-0.04475729811	-0.04705771895	-0.05006309508	-0.02459225063	-0.01552253619	-0.02952964561	-0.01614591386	-0.05143731546	-0.05659971476	-0.06550869035	-0.05721245317	-0.02662541354	-0.04784909318	0.002311723144	
-0.04003394992	-0.09749780994	-0.09280929733	-0.09743532891	-0.1017853284	-0.1063094055	-0.03783266881	-0.038737721	0.04982122357	-0.05869595298	-0.06786996712	0.08204445254	-0.04947299964	-0.0495180651	-0.03618386368	-0.06023163241	-0.01887756667	-0.02749104445	-0.06021606494	-0.03374476896	-0.02567001591	-0.01544806887	-0.01913021997	0.05785625168	0.1006259181	-0.02331610592	0.3016751321	0.01737476684	-0.01153517519	-0.001646756905	0.0003443687161	0.1229933039	-0.01180899503	0.8319587561	-0.01215430029	-0.001938194108	0.018190749	0.00652133065	-0.01176270161	0.01232267308	-0.00511028402	0.1022883387	-0.02402959314	0.1198421655	0.03991163924	0.04021329149	-0.01545679119	0.01580867336	0.01137448547	0.03487795486	-0.01313454694	0.1319157353	-0.04477440036	0.09157917355	-0.02743732949	-0.03701927882	-0.03863333337	-0.04301116583	-0.03777342193	-0.03455334599	-0.04111179454	-0.02340460718	-0.04260337817	-0.04011156218	-0.03838929305	-0.05832123554	-0.04938295948	0.003178320649	-0.01278781145	0.02310863979	-0.03185956194	-0.02294295591	-0.04976747633	-0.03078625297	-0.02176703504	-0.01745117897	-0.03853811938	-0.0438451525	-0.01733756757	-0.01048347306	-0.02069937736	-0.03405679323	-0.04009229765	
0.03685476076	-0.03173708192	-0.02987549065	-0.03048258835	-0.04163899489	-0.03417010462	-0.03677822158	-0.02924209361	-0.08406804195	-0.07159439203	-0.08078952789	-0.04840047359	-0.02370987561	-0.04657341594	-0.0704905162	0.0274839555	-0.01880991439	-0.05702145871	-0.006355762577	0.006005647635	-0.002006189689	0.07222052538	-0.02973632024	-0.03411492601	-0.03383542885	0.04745288516	-0.01620497628	0.03602170955	0.06284096072	-0.02657167535	0.06592483355	-0.006257647711	0.03303743301	-0.01215430029	0.4491834816	-0.003008652626	0.02137707999	0.01255679981	-0.01600528289	0.0389805988	0.04796343758	-0.02661115387	-0.02164348711	-0.03460122973	0.01455535498	-0.01554301437	0.03229698577	-0.009311956725	0.01665694998	0.002105868071	0.06168347191	-0.01704539867	0.02380589245	-0.03921714348	-0.04818277726	0.03928648477	0.05881316546	0.03882679683	0.0384662911	0.03384012769	0.002747723781	-0.0233120796	0.06297791951	0.05102966614	0.04884206164	-0.008058965725	0.02057945049	-0.009073677206	-0.01195494293	-0.0400691149	-0.05071014041	-0.03259551221	-0.02944812924	0.02527716745	0.01295416194	0.02331663135	-0.06259139976	-0.05494251526	-0.06836685001	-0.06769984774	-0.00490413477	-0.02629677468	0.05784731971	
-0.02172926724	-0.07875282902	-0.06510280945	-0.06702182411	-0.09077185467	-0.07129955551	-0.04294563666	-0.05594875441	-0.06337724475	-0.06255460982	-0.07438381003	-0.03756821457	-0.05713262522	-0.02861993327	-0.03622927875	-0.06480184856	-0.02518273497	-0.03865359359	-0.02167982372	-0.01226386801	0.3584122197	-0.006230537334	0.00119227378	0.1053151496	-0.02006161263	-0.02238840953	-0.008118678537	0.01130078882	-0.002157999319	-0.01444209072	-0.002001156672	0.001602721624	0.005608508465	-0.001938194108	-0.003008652626	1.102965108	0.003593462389	0.01923927138	-0.01529200705	0.05774378754	-0.0009753526909	-0.008344277348	-0.004560533654	-0.0157586848	-0.01364698855	0.01310375305	-0.01152926034	0.0222117197	-0.004411690838	0.005998073927	-0.005339054108	-0.003149886992	-0.04035424752	-0.0278301532	-0.03334101333	-0.006598288763	-0.02261517686	0.01249752603	-0.02499666778	-0.02325509549	-0.0296817821	-0.03048364276	-0.03443258956	-0.02056922833	-0.02055403742	-0.0382492016	-0.03608848944	-0.01172663847	-0.02192762317	-0.02188226947	-0.03114365034	-0.03497613116	0.2795485265	-0.03312194976	-0.03706726201	-0.03301590566	-0.03468897682	-0.04139687866	-0.0274714668	-0.01218630148	-0.03896022723	-0.02647571509	-0.0258670957	
-0.01509765842	-0.0663171204	-0.05680965103	-0.05206846143	-0.07618018707	-0.06568318883	-0.02308715621	-0.04355620122	-0.05569186475	-0.03038615549	-0.03983751723	-0.02810046964	-0.03893909333	0.03178211915	-0.05327390571	-0.02723605216	-0.01110962879	0.007447283511	-0.004348914831	-0.0063036199	-0.009267009171	0.02827062907	0.01168408303	-0.01395887734	-0.00148415555	0.00527132252	0.0005421971637	0.01730242496	0.01397779024	0.01184528458	0.02045997222	0.01222576294	0.007820727606	0.018190749	0.02137707999	0.003593462389	0.6137327453	0.006221985766	0.03112214476	0.02820546067	0.008751719412	-0.001113157521	-0.007260794756	0.002099780095	0.006011656824	-0.0006276447624	0.01525718845	-0.006969837936	0.0009531312248	0.009427800915	0.02171570589	0.01321491116	-0.02044001713	-0.01492351527	-0.009918500662	0.005299897478	0.00438553987	0.003874677371	-0.008557913112	-0.0006432729175	-0.02220548994	-0.01989276049	-0.002256079537	0.001856969188	-0.003821477062	-0.0275348588	-0.02088967203	0.003204019515	0.00382552453	-0.02012107491	-0.01351607914	0.008532857697	-0.04068428557	-0.01500142994	-0.01912003611	-0.01298335281	-0.01368777174	-0.007467507646	-0.05100741816	-0.04801798821	0.1134466074	0.01180939154	0.002658221242	
-0.01125706078	-0.05671218577	-0.05794321024	-0.06662988798	-0.07988279957	-0.06669587804	-0.04425860091	-0.02615359205	-0.0341149515	-0.04989058669	-0.05493898139	-0.02066783192	-0.03650149996	0.0008124425612	-0.01976607726	-0.04086141066	-0.01511404325	-0.02411816639	-0.03145618966	-0.01673150533	0.01441630472	0.0007578403252	-0.003491495468	0.02756385441	0.0001073121555	0.006292051922	0.01283367355	0.02638475587	0.01324798754	0.00632822346	0.006969873416	0.01305941461	-0.000515123685	0.00652133065	0.01255679981	0.01923927138	0.006221985766	0.6851751248	-0.005610902887	0.02752562281	0.004677156609	0.00704530394	0.1105573442	-0.007326482188	0.03348883699	0.1737216173	-0.003132668156	0.03920776264	0.02239957181	0.05444951584	0.02204099101	0.009956059514	-0.03294332896	-0.01178223652	-0.02676871642	-0.01152634162	-0.01457337916	0.006933390627	-0.01147609481	-0.01447078665	-0.03016391933	-0.01587018619	-0.01885941275	-0.012188768	-0.01122664953	-0.04215662969	-0.02784705348	-0.001842346133	-0.02089453447	0.00356840282	-0.02597012181	-0.02591485134	-0.01462596007	-0.02253904859	-0.02201635102	-0.009852184393	-0.03746642701	-0.04139352958	-0.02969538262	-0.02225641905	-0.01003463676	-0.02287060036	-0.01106279507	
-0.02375223098	-0.07709694275	-0.07222737201	-0.07362568781	-0.07576736652	-0.0755393511	-0.02845102966	-0.0207454829	-0.0371146853	-0.04976669392	-0.06264388447	-0.04539813748	0.1067729438	0.03707682931	-0.02309859006	-0.04141221387	-0.007891887543	-0.02402501999	-0.03326544012	-0.04051120446	-0.03459980097	-0.02669313476	-0.0175445187	0.01382520737	-0.03328392741	-0.02168330898	-0.01750143764	0.006266451825	-0.01775342288	-0.01161347345	-0.01609919339	-0.01853351747	-0.02982025948	-0.01176270161	-0.01600528289	-0.01529200705	0.03112214476	-0.005610902887	1.158934718	0.02513449757	-0.005011811287	-0.01819685453	0.0344647211	0.02100399862	0.01059160879	0.001875622296	0.001847939297	0.007260585168	0.01243393726	-0.009940191001	-0.01582709686	-0.01766366872	-0.03719072234	-0.04887220775	-0.04091689405	-0.03376004219	-0.03163619004	-0.03093537379	-0.03798143186	-0.02415287266	-0.04999124167	-0.009012732972	-0.03333590225	-0.03458232444	-0.03454498587	-0.06508102049	-0.04864703134	-0.01019088875	-0.009273411576	-0.01380327661	-0.03586123659	0.2303622568	-0.04503314861	-0.03289531884	-0.02533481393	-0.02350338228	-0.04902222668	-0.05406817411	0.04632977503	0.05789492539	0.008651734822	0.2516890028	-0.03114231546	
-0.000959093785	-0.04395121889	-0.03361406446	-0.03869534191	-0.0619377178	-0.05137611763	-0.01136701406	-0.007009541707	-0.01373742156	-0.05938817177	-0.07090066633	-0.03456074987	-0.01320956827	-0.01510048331	-0.03551367422	-0.01717812312	0.01008611445	-0.0520716966	-0.01154467619	-0.006832644128	-0.01370922771	0.03600506884	-0.02448082952	0.002633296279	-0.02022345293	0.004740963747	0.005283959651	0.05446581855	0.02109399814	-0.02122725485	0.03734467249	-0.005691908701	-0.0005903720335	0.01232267308	0.0389805988	0.05774378754	0.02820546067	0.02752562281	0.02513449757	0.5251459422	0.02100210836	-0.009852676575	-0.007087585385	-0.01336566569	0.01687856495	0.02236766443	0.01236142113	0.02183819313	0.01613092365	-0.00171557524	0.02559234173	0.00105671939	-0.01223515411	-0.02400691674	-0.04708318015	0.01093643276	0.01306155593	0.01633645088	-0.007394288365	0.001426854547	-0.02656142399	0.01141237446	0.005855731797	0.01265360974	0.004334705132	-0.0320057092	-0.008500638381	0.03651676649	0.01742650212	0.003700776003	-0.04653875264	-0.003570766117	-0.0426894475	0.001276350573	-0.02976370161	-0.01854120394	-0.05892289705	-0.06202964767	-0.02736455691	-0.009304346338	-0.02220155428	0.0017878684	0.01494032888	
0.02184533318	-0.04237369486	-0.03445453637	-0.0377981135	-0.04935498658	-0.04223746554	-0.02977221659	-0.02801379288	-0.06229571903	-0.049288504	-0.06874165487	-0.03058613649	-0.01718075536	-0.03628251551	-0.05585181654	0.009918767509	-0.01594983715	-0.03511761611	-0.01251266549	0.03117804796	0.003500578511	0.04351670325	-0.01329540016	-0.02872067672	-0.02903528773	0.02943744683	-0.01793065	0.02955768802	0.03427415934	-0.02081167214	0.04884950178	-0.009577522655	0.04777794135	-0.00511028402	0.04796343758	-0.0009753526909	0.008751719412	0.004677156609	-0.005011811287	0.02100210836	0.5800073042	-0.02231247674	-0.01694252357	-0.01604462911	0.01223686409	-0.004754407525	0.03551826667	-0.004762286449	0.0137754473	-0.003053717734	0.03931777979	-0.0243532529	0.00713205265	-0.0182059999	-0.0441499774	0.01589857587	0.0302945056	0.01442065048	0.01417297672	0.0115152059	0.02503375482	-0.02819977567	0.03503939974	0.02937469389	0.01922705727	0.02235248214	0.01061057523	-0.01297099842	-0.008185487193	-0.03060097898	-0.03858104854	-0.03339948683	-0.005526481981	0.01057001916	-0.01347887429	-0.00199382183	-0.0474304999	-0.04859562662	-0.0458856843	-0.0515802469	-0.005783128697	-0.02961004716	0.02593394171	
-0.04248572619	-0.09449479261	-0.09870990654	-0.1046045772	-0.1145801169	-0.09777944778	0.00520383576	-0.07068167826	0.07117839081	-0.0394286565	-0.04836499997	0.1792208242	-0.05758046011	-0.02979235136	-0.04989700617	-0.07240030564	0.03690790171	-0.01577390409	-0.04924285393	-0.01301612095	-0.02941904534	-0.03733591141	0.01186896196	0.06418964273	0.1889131809	-0.04570242545	0.1097328768	0.002138571363	-0.03464041531	0.005808877972	-0.02656019394	0.1938699814	-0.02372411348	0.1022883387	-0.02661115387	-0.008344277348	-0.001113157521	0.00704530394	-0.01819685453	-0.009852676575	-0.02231247674	0.6244869742	-0.03480984485	0.2013229797	-0.008656452883	0.0339138588	-0.01581489314	-0.005228613914	-0.03021649081	0.02496267125	-0.01816254465	0.2043994953	-0.0534393062	0.2005351514	-0.01952708047	-0.04236186173	-0.0384651156	-0.03951796258	-0.04362999253	-0.04379934055	-0.03521773863	-0.008803049595	-0.0471496365	-0.04572399084	-0.05266852521	-0.04642527574	-0.04191928852	0.0141438692	0.03534154093	0.06074622413	-0.02266987453	-0.03763992819	-0.05176235126	-0.003294489891	-0.05418016255	-0.04907091259	-0.03012965711	-0.02334914083	-0.04271926006	-0.02816652646	-0.006862738589	-0.03769455276	-0.03649724767	
0.009788933487	-0.06645172708	-0.06576951141	-0.06137006488	-0.07924233333	-0.06596119734	-0.04577910176	-0.02009627858	-0.04867056314	-0.009318395836	-0.02201554387	-0.04874343962	-0.01975265629	0.02456532091	0.002907222454	-0.04766345342	-0.02563945201	0.08393707506	-0.02043885663	-0.02289751852	0.04726263722	-0.01711259522	0.07805032507	0.01046989875	-0.03601464301	-0.02250178764	-0.01639565794	-0.02015194866	-0.0121632879	0.007941469768	-0.02925925033	-0.03737484126	-0.02851180129	-0.02402959314	-0.02164348711	-0.004560533654	-0.007260794756	0.1105573442	0.0344647211	-0.007087585385	-0.01694252357	-0.03480984485	0.8676416602	-0.03900796581	0.03995712613	0.1768254185	-0.0194607575	0.03046199137	0.0430353986	0.08690784913	-0.01217844946	-0.04619756607	-0.04487315489	-0.04358522638	-0.01093234983	-0.02576781711	-0.0210276774	-0.0105055369	-0.02185730604	-0.02117835083	-0.0457997301	-0.03033477062	-0.03608450469	-0.02522082201	-0.03099901687	-0.04617774812	-0.03877605383	-0.02441065703	-0.03873091324	-0.03039964059	-0.007260112476	0.01778379791	0.007368047369	-0.041074817	-0.02448763944	-0.01926703123	0.0320270222	0.04264097203	0.01737993567	0.02527811343	-0.0281177057	0.02596029847	-0.03386898848	
-0.04746248	-0.09826647965	-0.09346313182	-0.09612062882	-0.09880807788	-0.1051960893	-0.001108411622	-0.07633150536	0.06624017441	-0.04491090982	-0.0540239197	0.1729341121	-0.05447884503	-0.03490551294	-0.05401684054	-0.07410385515	0.02825178556	-0.01264525597	-0.05582724655	-0.02708558192	-0.03880993629	-0.03933661347	0.01214880601	0.06154971686	0.1788002091	-0.04188441952	0.09960398278	-0.0003828776538	-0.0313809514	-0.0001996631465	-0.02828572694	0.2000027758	-0.01874642949	0.1198421655	-0.03460122973	-0.0157586848	0.002099780095	-0.007326482188	0.02100399862	-0.01336566569	-0.01604462911	0.2013229797	-0.03900796581	0.8927626583	-0.006395607726	0.02499108747	-0.02291324888	-0.009765057052	-0.03790267676	0.02151663068	-0.03178855494	0.2182442133	-0.03971611745	0.1903712188	-0.03222854959	-0.04691108346	-0.04585517119	-0.05302630002	-0.04808955987	-0.04283800876	-0.0431959188	-0.01757857338	-0.05137361496	-0.05014435785	-0.05399521745	-0.04859586999	-0.0589517966	-0.001538960752	0.02299915711	0.05640506516	-0.03526098665	-0.04497970936	-0.04526611509	-0.01594233144	-0.06069639341	-0.05581648868	-0.02552933681	-0.03388240117	-0.04161669157	-0.03782363084	-0.0005451419554	-0.04771550854	-0.04932548914	
-0.01266110147	-0.0640476216	-0.05449531906	-0.05416341977	-0.06603464093	-0.06934931073	-0.0546019236	0.01003135493	-0.01051850642	-0.04772907819	-0.05393284681	-0.02010264441	0.002961041989	-0.01513607539	-0.01422008306	-0.02557755723	-0.03713897824	-0.04237719291	-0.01791615405	-0.02037542959	-0.008717487037	0.009468187634	-0.02601490065	0.01460199506	-0.008176259648	0.0009361769962	0.03681779254	0.03560319496	0.006327018986	-0.02132666364	0.01224914887	0.001779734668	-0.00336712824	0.03991163924	0.01455535498	-0.01364698855	0.006011656824	0.03348883699	0.01059160879	0.01687856495	0.01223686409	-0.008656452883	0.03995712613	-0.006395607726	0.6739007185	0.03612720157	0.005766302981	0.02772022773	0.1860301713	0.04629362359	0.005947779152	-0.00270386016	-0.02161378217	-0.0233153665	-0.03899342526	-0.005803934418	-0.009628093339	-0.01764667485	-0.01405461483	0.008255444931	-0.02882081093	-0.02353970047	-0.009615545707	-0.00668726298	-0.006912068156	-0.02762601263	-0.02114908655	-0.01264292639	-0.0314183445	-0.008252945376	-0.03817650045	-0.0182886755	-0.01478175669	-0.01803713393	0.006493594968	0.01418538102	-0.05249005887	-0.05451083369	-0.004552062044	-0.0001598783344	-0.01821659667	-0.01114295614	0.002332535048	
0.002802780137	-0.06925484556	-0.07038189027	-0.06766706163	-0.08870193685	-0.07386127975	-0.01826800547	-0.03270079181	-0.001360239254	-0.06103354702	-0.07646588645	-0.0009659803341	-0.03519378241	0.005535448139	-0.01509127058	-0.05859865215	0.003025270845	-0.03919368956	-0.03215475406	-0.02228393038	0.05094066624	-0.0200384362	-0.01994458483	0.05679618389	0.02429045898	0.0007252875108	0.03991359021	0.01675537565	0.004008601988	-0.02606365343	-0.01538453713	0.02497329181	-0.01282514634	0.04021329149	-0.01554301437	0.01310375305	-0.0006276447624	0.1737216173	0.001875622296	0.02236766443	-0.004754407525	0.0339138588	0.1768254185	0.02499108747	0.03612720157	0.6383622759	-0.02135062838	0.04358028644	0.02970335841	0.03471696779	0.01885884391	0.0337177982	-0.03818440609	0.01030174238	-0.04319809387	-0.02321608139	-0.01956037611	-0.004593655054	-0.009514336339	-0.0268763846	-0.03492287015	0.00251952807	-0.03209692866	-0.02286316262	-0.02935186125	-0.04459516209	-0.03950749826	0.01835672764	0.007439940826	0.01210518783	-0.04219150056	-0.0249781904	0.01350719356	-0.0277420616	-0.03483028158	-0.02916420781	-0.05291224205	-0.04627244425	-0.02513424729	-0.01463067788	-0.01845694044	-0.003967141843	-0.02760597257	
0.005535701036	-0.04405556192	-0.0403897117	-0.04673228828	-0.06612298993	-0.04302001771	-0.03426809028	0.04321576105	-0.06903000261	-0.03671793794	-0.06091174637	-0.03513261029	-0.004661225819	-0.04286053972	-0.01509175686	-0.001457133986	-0.01886167302	-0.04347845224	0.01876353675	-0.005739205166	-0.01548416101	0.03419524531	-0.02196163073	-0.01391671988	-0.02084826313	0.01067641221	-0.005233360466	0.006817756589	0.02377748521	-0.01578692911	0.02727460004	-0.02236858525	0.01069874613	-0.01545679119	0.03229698577	-0.01152926034	0.01525718845	-0.003132668156	0.001847939297	0.01236142113	0.03551826667	-0.01581489314	-0.0194607575	-0.02291324888	0.005766302981	-0.02135062838	0.7394749919	0.02449954752	0.03712296484	-0.006644827717	0.01780057382	-0.01921781111	0.004561296741	-0.03788933887	-0.02769986519	0.01848050676	0.01931673584	0.008752156342	0.01049980475	0.02175415975	-0.003761060748	-0.03336916477	0.02133162167	0.02044986959	0.0210800372	-0.009165780583	0.005736845588	-0.009079800753	-0.02229190603	-0.03223103386	-0.03774085651	-0.02632101768	-0.03681595968	0.01738189299	0.009403812765	0.01547674715	-0.05003805006	-0.04821864318	-0.03214031877	-0.02616398164	-0.01020365474	-0.01728187455	0.02293687363	
-0.02757549261	-0.08014082526	-0.07760803775	-0.07628553122	-0.09537389119	-0.08323244006	-0.05084639911	0.03074846433	-0.02768323975	-0.05950729361	-0.07462283496	-0.03378505996	-0.03059563546	-0.0183734548	0.4728862666	-0.06195422915	-0.041371917	-0.02940747447	0.1227479411	-0.02681810875	-0.005871264454	-0.02363997686	-0.01769260368	0.03933490017	-0.01703015083	-0.02242986863	0.01456533714	0.002458425256	-0.00984813949	-0.01732796639	-0.02074447895	0.001365767932	-0.009216148635	0.01580867336	-0.009311956725	0.0222117197	-0.006969837936	0.03920776264	0.007260585168	0.02183819313	-0.004762286449	-0.005228613914	0.03046199137	-0.009765057052	0.02772022773	0.04358028644	0.02449954752	0.9430531559	0.03778769318	0.02777234307	-0.008736035073	0.001341779443	-0.04987513517	-0.02236160851	-0.03812473943	0.04763817646	-0.03624297885	-0.01559131394	-0.03212777099	-0.01126772262	-0.03829598478	-0.03627557604	-0.03556267346	-0.03997380608	-0.03957896472	-0.05292009811	-0.04211623125	-0.01602098986	-0.03404023716	-0.01645357093	-0.03760049621	-0.02004015627	-0.03077505009	-0.04070985775	-0.01472637421	-0.008783237317	-0.04259376015	-0.05047356241	-0.01238228614	-0.004552075379	-0.03587559541	-0.008261863319	-0.02692927081	
0.004329136857	-0.06366764438	-0.06136519798	-0.05515183358	-0.07716598686	-0.0640432734	-0.04867407532	0.02209554501	-0.03025803037	-0.05906995372	-0.06809049335	-0.0531629052	0.01579001436	-0.01251737412	-0.01284342449	-0.01502049699	-0.03277805553	-0.03642852084	-0.01398436625	-0.01653212621	0.003669592246	0.01470883292	-0.03081076665	-0.007834517953	-0.04279139192	0.007176943959	0.01813086467	0.02598605281	0.01605913163	-0.02417931891	0.01341480436	-0.03388299855	0.002130468461	0.01137448547	0.01665694998	-0.004411690838	0.0009531312248	0.02239957181	0.01243393726	0.01613092365	0.0137754473	-0.03021649081	0.0430353986	-0.03790267676	0.1860301713	0.02970335841	0.03712296484	0.03778769318	0.6490287344	0.03553005771	0.02143065755	-0.03265053431	-0.01026983469	-0.04522752059	-0.04491708668	-0.001422298626	0.008114658086	-0.007741315618	-0.002678929719	0.01771234436	-0.01902162649	-0.0276591425	0.005874423234	0.008223550081	0.005184107944	-0.008078211897	-0.0158418016	-0.003200388575	-0.03606120203	-0.03339856624	-0.04545951067	-0.003455183678	0.003023863822	-0.0175844909	0.0188781275	0.03577924197	-0.04834836149	-0.05021615935	-0.00342538885	0.008787079308	-0.01362924687	0.001682670384	0.0129254757	
-0.02803512054	-0.1053120991	-0.09185845367	-0.1035868867	-0.1137674083	-0.1012906327	-0.05745686204	-0.03445260898	-0.04961051974	0.003699229377	-0.01006801072	-0.01622012502	-0.05473370732	0.03640811213	-0.04146766857	-0.06350700912	-0.02985666458	0.0271956683	-0.04913844187	-0.0309219292	-0.009292379711	-0.01564271968	0.0505245814	-0.01502105192	0.0145086754	-0.003101576405	0.02740287227	0.008081497937	-0.007296917191	0.05404546772	0.0003731805895	0.02681807188	0.004898417041	0.03487795486	0.002105868071	0.005998073927	0.009427800915	0.05444951584	-0.009940191001	-0.00171557524	-0.003053717734	0.02496267125	0.08690784913	0.02151663068	0.04629362359	0.03471696779	-0.006644827717	0.02777234307	0.03553005771	0.8238286331	0.002085881748	0.03361844598	-0.03779522416	0.004603137243	0.02986003419	-0.01819963926	-0.01571439866	-0.02289815052	-0.01727091055	-0.002013841353	-0.03474596974	-0.04106945804	-0.0213728536	-0.02370569508	-0.02195256349	-0.04190077397	-0.03306711938	-0.02938104367	-0.02071809384	-0.008660669836	0.02951443099	-0.02089376537	-0.02643167237	-0.03699576826	-0.004516639828	0.001276848856	0.01127563066	0.008557401486	-0.003146589766	0.008064684641	-0.005063328942	-0.02735848239	-0.02333450303	
0.07544031962	-0.04008035018	-0.03429215248	-0.04147576299	-0.05004408118	-0.03808771216	-0.043385148	-0.02874974426	-0.09376830703	-0.078147044	-0.08881525679	-0.05615881141	-0.02817229596	-0.05561511916	-0.06095941022	0.001681609243	-0.02495606875	-0.0614015606	-0.01950921665	-0.001502563906	0.01982684419	0.05836338433	-0.03531604012	-0.01688115066	-0.03358611642	0.07600192461	-0.01586126791	0.03472977851	0.1012647267	-0.02681825399	0.05354259693	-0.02544388497	0.01538478397	-0.01313454694	0.06168347191	-0.005339054108	0.02171570589	0.02204099101	-0.01582709686	0.02559234173	0.03931777979	-0.01816254465	-0.01217844946	-0.03178855494	0.005947779152	0.01885884391	0.01780057382	-0.008736035073	0.02143065755	0.002085881748	0.4466523297	-0.01425481742	0.01420643541	-0.04123021256	-0.03944815395	0.02553266613	0.05320150665	0.03817633974	0.08668316714	0.03153514731	-0.004321031892	-0.02072613847	0.0387474897	0.04159420623	0.04184603976	-0.01178198512	0.01792970319	-0.007941770564	-0.007747506596	-0.03250940071	-0.04047981249	-0.03278505669	-0.01637499374	0.01670560819	0.02052081228	0.03196695312	-0.06241453178	-0.0549117898	-0.05774565185	-0.04634846411	-0.004586541893	-0.02642167635	0.04821473862	
-0.05935279211	-0.1083499962	-0.116868756	-0.1116334583	-0.1275138339	-0.1149622654	-0.004144245061	-0.0782877498	0.05828162497	-0.04994711614	-0.06088172735	0.1697321359	-0.06278960533	-0.03525537251	-0.06097590501	-0.08494180503	0.01096317584	-0.02312883047	-0.06991834965	-0.02488090919	-0.03057693309	-0.03520264756	0.01316334278	0.05874638804	0.1963722275	-0.02634945279	0.1152719422	0.01864756759	-0.03234130865	0.01185847286	-0.01208233909	0.2066654741	-0.007072943365	0.1319157353	-0.01704539867	-0.003149886992	0.01321491116	0.009956059514	-0.01766366872	0.00105671939	-0.0243532529	0.2043994953	-0.04619756607	0.2182442133	-0.00270386016	0.0337177982	-0.01921781111	0.001341779443	-0.03265053431	0.03361844598	-0.01425481742	0.7436425233	-0.05937039131	0.1966477388	-0.02355445567	-0.03770026291	-0.04699893307	-0.03994250036	-0.05016896067	-0.04985932428	-0.03304392737	-0.004908909579	-0.0484488668	-0.04222353999	-0.04448181066	-0.04363041863	-0.05313689967	0.01207465642	0.03132399821	0.06067451417	-0.02374155522	-0.04135424058	-0.04611447595	-0.001415847516	-0.05861761235	-0.05166814976	-0.02741971917	-0.03225275729	-0.04219426399	-0.0415894185	-0.0120807272	-0.03567965934	-0.04523817413	
0.003291911767	-0.03206965324	-0.01650940501	-0.01477291023	-0.02116609914	-0.01641204532	-0.04072203538	-0.04073373575	-0.07595952533	-0.06657840824	-0.06885131428	-0.05579212515	-0.01858346665	-0.04638197994	-0.05919655542	0.01525338981	-0.0335344205	-0.06153304275	-0.02256306954	-0.019377891	-0.03160385815	0.01879776497	-0.0575306164	-0.05120649412	-0.05257333934	0.01023455428	-0.0436029694	-0.008566121109	0.007224823785	-0.06622977044	0.02872048104	-0.04841292078	-0.02396560196	-0.04477440036	0.02380589245	-0.04035424752	-0.02044001713	-0.03294332896	-0.03719072234	-0.01223515411	0.00713205265	-0.0534393062	-0.04487315489	-0.03971611745	-0.02161378217	-0.03818440609	0.004561296741	-0.04987513517	-0.01026983469	-0.03779522416	0.01420643541	-0.05937039131	1.272306676	-0.03708589869	-0.03197888235	0.03132776319	0.04152999774	0.03231003384	0.03070594911	0.03975156585	0.006941098732	0.01312402369	0.04727832948	0.04959491006	0.04314529216	0.01365036351	0.05117579185	0.006909893579	0.001833448737	-0.01651664036	-0.04298748741	0.002198376415	-0.003370423222	0.02175474273	0.02582562149	0.03509472328	-0.05152593686	-0.04127170185	-0.04463073579	-0.02943628734	0.01156116147	-0.01780724055	0.04286746543	
-0.06061798738	-0.105293074	-0.1024133448	-0.1004524494	-0.1170937656	-0.1122765443	0.0002544833706	-0.07692078405	0.06086232935	-0.04309803399	-0.06086968306	0.1658084097	-0.06935508427	-0.03653975982	-0.0607029724	-0.08434663225	0.01237649634	-0.02850148459	-0.07203814639	-0.01641299465	-0.02829365438	-0.03053518289	-0.001016133188	0.05620245028	0.1724179954	-0.04561809631	0.1006949316	-0.007343717185	-0.03687285086	-0.01107435231	-0.04628446234	0.1710494205	-0.03046144914	0.09157917355	-0.03921714348	-0.0278301532	-0.01492351527	-0.01178223652	-0.04887220775	-0.02400691674	-0.0182059999	0.2005351514	-0.04358522638	0.1903712188	-0.0233153665	0.01030174238	-0.03788933887	-0.02236160851	-0.04522752059	0.004603137243	-0.04123021256	0.1966477388	-0.03708589869	0.72251293	0.005118587993	-0.016391308	-0.01090220347	-0.01903708478	-0.0182521833	-0.0247441919	-0.01656678357	0.006561562986	-0.01367090745	-0.02209848834	-0.02320710736	-0.01632257563	-0.03991663188	0.03460708787	0.05249120411	0.07737991946	-0.009158317654	-0.02034247232	-0.03101903686	0.0007319157117	-0.03912114026	-0.04225852271	-0.0215440602	-0.02666487637	-0.02491844551	-0.02511490265	0.0001182474392	-0.03218480348	-0.01982410607	
-0.06886364382	-0.1153280734	-0.1087755681	-0.1101269356	-0.1304481866	-0.1114912289	-0.07477065686	-0.07036781532	-0.07776447251	0.3152768786	0.2993754426	-0.0328665695	-0.06965928685	0.008768635874	-0.07616292815	-0.08578994406	-0.06541199578	0.1310858	-0.07235316706	-0.04442182573	-0.04092910895	-0.04657295246	0.1257901	-0.03279138364	-0.02616535547	-0.06053693987	-0.02928607181	-0.04625873967	-0.05659727961	0.3257440749	-0.05623842886	-0.02435386907	-0.04186166113	-0.02743732949	-0.04818277726	-0.03334101333	-0.009918500662	-0.02676871642	-0.04091689405	-0.04708318015	-0.0441499774	-0.01952708047	-0.01093234983	-0.03222854959	-0.03899342526	-0.04319809387	-0.02769986519	-0.03812473943	-0.04491708668	0.02986003419	-0.03944815395	-0.02355445567	-0.03197888235	0.005118587993	1.142070677	-0.0294035775	-0.01777258431	-0.01764138617	-0.02118492154	-0.02069556853	-0.02996720713	-0.0323584587	-0.02511201999	-0.02691569589	-0.02789297057	-0.02517576698	-0.02811556831	-0.01769283409	-0.02385929955	-0.0100777213	0.3263074262	-0.02500076709	-0.03235887704	-0.02322349096	-0.0138206233	-0.02838238098	0.1134209756	0.1205869741	-0.002810659061	-0.001632739339	-0.009157188786	-0.01800437022	-0.03055376997	
0.003294465828	-0.04356972829	-0.03951563987	-0.04128644345	-0.05375478724	-0.043832385	-0.04239327191	-0.03720148907	-0.09241264593	-0.08004880332	-0.08274611277	-0.06565044077	-0.03818225117	-0.05472674867	0.000880458427	0.0003089613168	-0.02749215915	-0.06744833224	0.1320170428	-0.004455742682	-0.009059822814	0.04094475808	-0.0450357477	-0.03050701167	-0.04750778289	0.01708132083	-0.03168889314	0.02061035584	0.02613798228	-0.04457794091	0.03632189383	-0.04258720866	-0.005788493647	-0.03701927882	0.03928648477	-0.006598288763	0.005299897478	-0.01152634162	-0.03376004219	0.01093643276	0.01589857587	-0.04236186173	-0.02576781711	-0.04691108346	-0.005803934418	-0.02321608139	0.01848050676	0.04763817646	-0.001422298626	-0.01819963926	0.02553266613	-0.03770026291	0.03132776319	-0.016391308	-0.0294035775	0.6067042023	0.05997809939	0.05515168247	0.03914206626	0.04483148286	0.009533356498	0.005600983468	0.05965904102	0.05537297616	0.05511628705	0.01308588424	0.03555627872	0.02002124423	0.01579379774	-0.02224344121	-0.03407886722	-0.01227015593	-0.009949518725	0.03093187016	0.02730951866	0.02722753052	-0.05317698757	-0.05427585556	-0.04832559893	-0.03605709491	-0.003358956126	-0.01494434098	0.06321847152	
0.01256135207	-0.05063984446	-0.04243053062	-0.03805637688	-0.05931347404	-0.04882881011	-0.04961993199	-0.03823281092	-0.09969821947	-0.08480385511	-0.08680102865	-0.06614576759	-0.03413009777	-0.06245752895	-0.08067349411	0.006248806591	-0.03491461795	-0.0728118547	-0.02640287328	0.006954191569	-0.0006859524119	0.0716893986	-0.03653866544	-0.05728695345	-0.04420454826	0.03274088247	-0.03146976009	0.01760300394	0.04261700051	-0.04963859733	0.04574779031	-0.04056141723	0.002505421132	-0.03863333337	0.05881316546	-0.02261517686	0.00438553987	-0.01457337916	-0.03163619004	0.01306155593	0.0302945056	-0.0384651156	-0.0210276774	-0.04585517119	-0.009628093339	-0.01956037611	0.01931673584	-0.03624297885	0.008114658086	-0.01571439866	0.05320150665	-0.04699893307	0.04152999774	-0.01090220347	-0.01777258431	0.05997809939	0.5617227938	0.06346833304	0.05992470464	0.05843816731	0.02737301425	-0.007463024558	0.08502992817	0.1246898335	0.08252556896	0.02745938953	0.04658972076	0.02816891253	0.01190010199	-0.02767058503	-0.03024155082	-0.02114297035	-0.007974033054	0.03984469166	0.0408348722	0.03770235677	-0.06089862619	-0.04828283828	-0.04694499125	-0.04330404732	0.01279393375	-0.01776242095	0.08182777542	
0.009724418297	0.01229267934	0.01791810938	0.01809178541	-0.0001945540795	0.008196332023	-0.03683124474	-0.04624598806	-0.09681309849	-0.0815176051	-0.09480239481	-0.06944211906	-0.04169092967	-0.05472223652	-0.06314188382	-0.01010675	-0.02105818409	-0.07076742815	-0.01100387745	-0.006914186947	0.005462024102	0.03849837234	-0.04383513822	-0.02861286925	-0.0551668275	0.02241265715	-0.03587596599	0.01515769643	0.03194433397	-0.05231917264	0.02630403414	-0.04437717175	-0.01056335272	-0.04301116583	0.03882679683	0.01249752603	0.003874677371	0.006933390627	-0.03093537379	0.01633645088	0.01442065048	-0.03951796258	-0.0105055369	-0.05302630002	-0.01764667485	-0.004593655054	0.008752156342	-0.01559131394	-0.007741315618	-0.02289815052	0.03817633974	-0.03994250036	0.03231003384	-0.01903708478	-0.01764138617	0.05515168247	0.06346833304	0.5534649772	0.05413032435	0.04534494149	0.01456108574	-0.001645404252	0.05888407402	0.0622659519	0.05302624009	0.01761390902	0.03253751212	0.03176534276	0.03697046441	-0.01597026748	-0.04188265455	-0.01025259613	-0.002991197628	0.02995120742	0.02167574737	0.02833232794	-0.05632988466	-0.05621837798	-0.05333728161	-0.05262206421	-0.00561469707	-0.005156957906	0.06283819687	
0.05422240756	-0.04464811153	-0.03455838738	-0.04061631051	-0.04554283125	-0.03474900055	-0.04336832959	-0.03343924532	-0.09041263294	-0.0828991138	-0.08694287276	-0.06402639998	-0.0398368799	-0.05366309989	-0.06294490304	0.008203247399	-0.03628804779	-0.06255598639	-0.02798498138	-0.01144509415	-0.004044323404	0.03880687537	-0.04635130939	-0.04472983072	-0.05481421684	0.0904424447	-0.03293084106	-0.000175248232	0.103188181	-0.05522218564	0.03264090055	-0.04892686416	-0.01534649859	-0.03777342193	0.0384662911	-0.02499666778	-0.008557913112	-0.01147609481	-0.03798143186	-0.007394288365	0.01417297672	-0.04362999253	-0.02185730604	-0.04808955987	-0.01405461483	-0.009514336339	0.01049980475	-0.03212777099	-0.002678929719	-0.01727091055	0.08668316714	-0.05016896067	0.03070594911	-0.0182521833	-0.02118492154	0.03914206626	0.05992470464	0.05413032435	0.7387004388	0.03370198637	0.009329053707	-0.007469110314	0.05270763457	0.05279133501	0.05250490441	0.01299701267	0.04823267129	0.01256460987	0.01874886784	-0.0188156269	-0.03755180505	-0.02042799512	0.01964183168	0.02077785362	0.03711403322	0.04960788104	-0.04001278449	-0.05496376537	-0.04921298784	-0.03540011826	0.01153631674	-0.01789626933	0.05503754168	
0.0102350902	-0.05156409163	-0.04712300342	-0.04017558258	-0.05186065219	-0.04234386982	-0.03543555724	-0.0275698932	-0.07468923287	-0.05681952544	-0.06721825172	-0.0668388247	-0.01759960913	-0.04323908637	-0.04562445799	0.001225375609	-0.03203660969	-0.05684896688	-0.0197217522	-0.005942416323	-0.01723499705	0.03606577121	-0.05347614088	-0.04811553327	-0.05153447596	0.01296355401	-0.02167829568	0.008806196548	0.02070256934	-0.03911926568	0.02101353609	-0.04895420648	-0.008781768103	-0.03455334599	0.03384012769	-0.02325509549	-0.0006432729175	-0.01447078665	-0.02415287266	0.001426854547	0.0115152059	-0.04379934055	-0.02117835083	-0.04283800876	0.008255444931	-0.0268763846	0.02175415975	-0.01126772262	0.01771234436	-0.002013841353	0.03153514731	-0.04985932428	0.03975156585	-0.0247441919	-0.02069556853	0.04483148286	0.05843816731	0.04534494149	0.03370198637	0.7194834659	0.007240944302	-0.005005290292	0.05098627711	0.04544839618	0.05314196553	-0.002873878416	0.03875851351	0.01587139904	0.01082687605	-0.017389208	-0.02094219123	-0.006693456286	-0.01893289709	0.03555103701	0.06677421548	0.05707931491	-0.0446522373	-0.04746684719	-0.01802225681	-0.02403759874	0.001572025878	-0.007457896081	0.0635139788	
-0.02578699509	-0.07212817056	-0.06323925292	-0.05929191263	-0.06961422042	-0.07137946452	-0.04793846677	-0.04331421341	-0.07588771291	-0.0617085657	-0.0754939628	-0.04712157838	-0.05782434938	-0.0626568943	-0.06310434992	-0.02911851471	-0.03993895351	-0.05607083592	-0.03185228631	0.3350223898	-0.0152177024	0.001465916143	-0.04043320759	-0.03882198933	-0.04077515158	-0.01797217383	-0.02563029026	-0.01932255897	-0.01095626992	-0.0416310909	-0.0008824784145	-0.03834651087	0.3541056268	-0.04111179454	0.002747723781	-0.0296817821	-0.02220548994	-0.03016391933	-0.04999124167	-0.02656142399	0.02503375482	-0.03521773863	-0.0457997301	-0.0431959188	-0.02882081093	-0.03492287015	-0.003761060748	-0.03829598478	-0.01902162649	-0.03474596974	-0.004321031892	-0.03304392737	0.006941098732	-0.01656678357	-0.02996720713	0.009533356498	0.02737301425	0.01456108574	0.009329053707	0.007240944302	0.9873681608	-0.01525550991	0.02609385732	0.02540027582	0.01120679351	0.3854426292	0.01100339736	-0.003247646986	-0.009292264219	-0.02248644254	-0.0247923076	-0.0292999931	-0.004795776657	-0.002743510609	-0.00429186756	0.004073576016	-0.04655318323	-0.05098175597	-0.04665710118	-0.03676447494	-0.0157110446	-0.04124789232	0.02103455299	
-0.03500189636	-0.05172433864	-0.03002601891	-0.03750131921	-0.03282835269	-0.03174788452	-0.01090222474	-0.04378173052	-0.00428228756	-0.0736908874	-0.06990585447	-0.01802378224	-0.04175749877	-0.03514350852	-0.03409231294	-0.04319922794	0.002275443437	-0.05818762923	-0.04015791616	-0.03384025219	-0.03519496086	-0.02659334075	-0.0510384007	-0.01462766646	-0.01184921062	-0.02678979567	-0.01604589722	0.009200959901	-0.02887257115	-0.05707909292	-0.0236488508	-0.008899691848	-0.04166927768	-0.02340460718	-0.0233120796	-0.03048364276	-0.01989276049	-0.01587018619	-0.009012732972	0.01141237446	-0.02819977567	-0.008803049595	-0.03033477062	-0.01757857338	-0.02353970047	0.00251952807	-0.03336916477	-0.03627557604	-0.0276591425	-0.04106945804	-0.02072613847	-0.004908909579	0.01312402369	0.006561562986	-0.0323584587	0.005600983468	-0.007463024558	-0.001645404252	-0.007469110314	-0.005005290292	-0.01525550991	1.379345331	-0.002500601932	-0.0003174494971	0.01188295425	-0.009644486505	-0.0009531016583	0.17281028	0.03424195705	0.05890961008	-0.03570170852	0.01726342655	-0.006092850023	0.001476918008	-0.006797534954	-0.01582264231	-0.03686431832	-0.03028704898	-0.01735132857	-0.02367785608	-0.00322444243	0.004766499317	-0.01041573663	
0.01913199625	-0.04350046917	-0.03688862921	-0.03281636798	-0.05299189137	-0.04098173956	-0.04565945364	-0.03919061032	-0.08953380213	-0.0753662223	-0.08953947737	-0.06167069474	-0.03012958939	-0.05436947024	-0.06951238438	0.01807929579	-0.03335927255	-0.0759644382	-0.01532450716	0.000263357024	-0.01576500463	0.05261440903	-0.04767162873	-0.05312118037	-0.04858959782	0.02510405003	-0.03749624928	0.01228219538	0.03353446237	-0.05725754935	0.04235312181	-0.04717743862	0.001996629816	-0.04260337817	0.06297791951	-0.03443258956	-0.002256079537	-0.01885941275	-0.03333590225	0.005855731797	0.03503939974	-0.0471496365	-0.03608450469	-0.05137361496	-0.009615545707	-0.03209692866	0.02133162167	-0.03556267346	0.005874423234	-0.0213728536	0.0387474897	-0.0484488668	0.04727832948	-0.01367090745	-0.02511201999	0.05965904102	0.08502992817	0.05888407402	0.05270763457	0.05098627711	0.02609385732	-0.002500601932	0.7158315042	0.0787501848	0.1115561311	0.03101260413	0.04876754083	0.002648112723	0.01206671188	-0.02698613554	-0.04310180068	-0.01697084663	-0.006845515017	0.04024436189	0.02970325998	0.03276499765	-0.04815379731	-0.04629783361	-0.04195149921	-0.05290226952	0.01294109438	-0.01180777141	0.07125890504	
0.01225201795	-0.04205550514	-0.03324608823	-0.02943258044	-0.05142208848	-0.02938823497	-0.0423713485	-0.03662611233	-0.0937624912	-0.07055310375	-0.08137927954	-0.06472957058	-0.02937566431	-0.06028255206	-0.07663759928	0.01115277314	-0.03025532717	-0.06324524748	-0.02184573772	0.003962096065	-0.01241229014	0.06355137179	-0.04319430879	-0.05029910624	-0.05155172001	0.03150075651	-0.02215942902	0.01891699929	0.03737140289	-0.04848368596	0.04606727649	-0.04186554802	0.001853029472	-0.04011156218	0.05102966614	-0.02056922833	0.001856969188	-0.012188768	-0.03458232444	0.01265360974	0.02937469389	-0.04572399084	-0.02522082201	-0.05014435785	-0.00668726298	-0.02286316262	0.02044986959	-0.03997380608	0.008223550081	-0.02370569508	0.04159420623	-0.04222353999	0.04959491006	-0.02209848834	-0.02691569589	0.05537297616	0.1246898335	0.0622659519	0.05279133501	0.04544839618	0.02540027582	-0.0003174494971	0.0787501848	0.5987614468	0.08201804994	0.02156747957	0.04716180463	0.02167743462	0.007254782277	-0.02488129942	-0.04475624778	-0.01364801245	-0.001734481362	0.04021505488	0.0313283701	0.02390566945	-0.05411141247	-0.05446410596	-0.05356083532	-0.04889647218	0.007786904142	-0.01059598714	0.07874847922	
0.0106042181	-0.03544254809	-0.0296450839	-0.03174606705	-0.04745066734	-0.04044451234	-0.04954129949	-0.03711860258	-0.09863776449	-0.07958865603	-0.09066769377	-0.0594644987	-0.03351728666	-0.05791228634	-0.06981711292	0.0156353686	-0.02760829115	-0.07727457534	-0.01518686056	0.002853872847	-0.01136109992	0.05212941485	-0.037737962	-0.05350059537	-0.05381966704	0.02208071619	-0.03773122694	0.01619170896	0.03757590668	-0.05029007543	0.04105051951	-0.04900474918	0.007163960732	-0.03838929305	0.04884206164	-0.02055403742	-0.003821477062	-0.01122664953	-0.03454498587	0.004334705132	0.01922705727	-0.05266852521	-0.03099901687	-0.05399521745	-0.006912068156	-0.02935186125	0.0210800372	-0.03957896472	0.005184107944	-0.02195256349	0.04184603976	-0.04448181066	0.04314529216	-0.02320710736	-0.02789297057	0.05511628705	0.08252556896	0.05302624009	0.05250490441	0.05314196553	0.01120679351	0.01188295425	0.1115561311	0.08201804994	0.720056188	0.03081406772	0.06045578691	0.0121024878	0.01212718158	-0.01836768088	-0.03195011912	-0.02822921727	-0.0107207881	0.03730890005	0.02791130655	0.02982052468	-0.06239730675	-0.05349421181	-0.04597926217	-0.03863294614	0.01406121637	-0.01721026318	0.07448598461	
-0.03310412449	-0.07347848559	-0.05434185169	-0.06159774384	-0.06833041885	-0.05780042292	-0.05680444551	-0.05020170738	-0.0776201896	-0.05691268538	-0.06873969673	-0.05610490424	-0.06356027939	-0.06149474821	-0.06671566768	-0.04102850915	-0.04939150796	-0.0709614682	-0.04851464904	0.3237132824	-0.01860610019	-0.001177897248	-0.04424194651	-0.05413759901	-0.04622924724	-0.01436261553	-0.04468322121	-0.02376532183	-0.01281951953	-0.04996278842	-0.0007183383879	-0.04790600514	0.3438792403	-0.05832123554	-0.008058965725	-0.0382492016	-0.0275348588	-0.04215662969	-0.06508102049	-0.0320057092	0.02235248214	-0.04642527574	-0.04617774812	-0.04859586999	-0.02762601263	-0.04459516209	-0.009165780583	-0.05292009811	-0.008078211897	-0.04190077397	-0.01178198512	-0.04363041863	0.01365036351	-0.01632257563	-0.02517576698	0.01308588424	0.02745938953	0.01761390902	0.01299701267	-0.002873878416	0.3854426292	-0.009644486505	0.03101260413	0.02156747957	0.03081406772	1.15115979	0.02317166499	-0.008137957849	-0.0001390984269	-0.02315922749	-0.03686053396	-0.037871892	0.006559282984	0.008819536879	0.01024546095	0.001646467494	-0.03705092743	-0.03268396816	-0.0354819173	-0.03081467953	-0.002919734986	-0.04700345942	0.02856862061	
0.0001219812933	-0.03232906656	-0.02821625988	-0.03212587523	-0.04089031454	-0.03244096699	-0.03757996538	-0.04211950077	-0.0661021177	-0.07363253518	-0.07563677298	-0.06213042979	-0.02958721744	-0.04963476642	-0.06423725415	0.003990587853	-0.02605332015	-0.06713828818	-0.02055909252	-0.01681336051	-0.02620929008	0.0251866029	-0.0457709476	-0.05782971254	-0.05825634466	0.01279256879	-0.03961798773	-0.008590556018	0.003929601649	-0.05200986671	0.01640845511	-0.05223247813	-0.0222657248	-0.04938295948	0.02057945049	-0.03608848944	-0.02088967203	-0.02784705348	-0.04864703134	-0.008500638381	0.01061057523	-0.04191928852	-0.03877605383	-0.0589517966	-0.02114908655	-0.03950749826	0.005736845588	-0.04211623125	-0.0158418016	-0.03306711938	0.01792970319	-0.05313689967	0.05117579185	-0.03991663188	-0.02811556831	0.03555627872	0.04658972076	0.03253751212	0.04823267129	0.03875851351	0.01100339736	-0.0009531016583	0.04876754083	0.04716180463	0.06045578691	0.02317166499	1.30325778	-0.001881876286	-0.007144329875	-0.0272680437	-0.04022417377	-0.02267312084	0.004744385447	0.0311488255	0.01615159605	0.02757888365	-0.03554043952	-0.03381713299	-0.02897112282	-0.0139414418	-0.0004453489583	-0.01551869372	0.04866413301	
-0.03149787543	-0.07861267418	-0.05819418928	-0.05548967474	-0.07582620513	-0.0747306798	0.01142594447	-0.05227793197	-0.0008761710118	-0.07674457588	-0.08702062665	-0.01208519652	-0.0406511278	-0.0312490913	-0.0420691568	-0.04753120958	0.01012338805	-0.0638527551	-0.03946770868	-0.01556139474	-0.02046109621	0.008590804866	-0.04170183629	0.002369523128	0.008555459178	-0.01670605487	0.001653159478	0.03994622369	-0.008891160821	-0.05077130742	-0.0171412954	0.002991092142	-0.02905936024	0.003178320649	-0.009073677206	-0.01172663847	0.003204019515	-0.001842346133	-0.01019088875	0.03651676649	-0.01297099842	0.0141438692	-0.02441065703	-0.001538960752	-0.01264292639	0.01835672764	-0.009079800753	-0.01602098986	-0.003200388575	-0.02938104367	-0.007941770564	0.01207465642	0.006909893579	0.03460708787	-0.01769283409	0.02002124423	0.02816891253	0.03176534276	0.01256460987	0.01587139904	-0.003247646986	0.17281028	0.002648112723	0.02167743462	0.0121024878	-0.008137957849	-0.001881876286	0.7581032574	0.05579572819	0.06355796083	-0.03115472657	0.01619895705	-0.01880422897	0.01315526295	-0.007178914852	-0.009322757173	-0.05015447537	-0.05070469757	-0.02949481697	-0.01534785001	-0.01634661529	0.009633048102	0.02923986589	
-0.02796302699	-0.05659226323	-0.06334369964	-0.0654057181	-0.0695107876	-0.05250026497	0.1308334309	-0.06272299454	-0.01384734244	-0.0573241015	-0.06893587115	0.009047365652	-0.04996572438	-0.02199714319	-0.06000185497	-0.04877352914	0.1404693699	-0.0585152295	-0.04769765565	-0.008870453374	-0.02227203365	0.0004386095721	-0.02685071348	0.02600443396	0.02603218122	-0.01355693462	-0.007488870921	0.0008929349202	-0.01628646692	-0.04761464167	-0.02301817046	0.03013213863	-0.02269524949	-0.01278781145	-0.01195494293	-0.02192762317	0.00382552453	-0.02089453447	-0.009273411576	0.01742650212	-0.008185487193	0.03534154093	-0.03873091324	0.02299915711	-0.0314183445	0.007439940826	-0.02229190603	-0.03404023716	-0.03606120203	-0.02071809384	-0.007747506596	0.03132399821	0.001833448737	0.05249120411	-0.02385929955	0.01579379774	0.01190010199	0.03697046441	0.01874886784	0.01082687605	-0.009292264219	0.03424195705	0.01206671188	0.007254782277	0.01212718158	-0.0001390984269	-0.007144329875	0.05579572819	0.7184544994	0.04114535791	-0.02914474751	0.01060367091	-0.02343253884	0.008397062414	-0.01217974862	-0.01607983312	-0.04404147242	-0.04820553622	-0.02484756416	-0.02487676432	-0.008839792403	0.01273082573	0.01827607868	
-0.05680702838	-0.08065500774	-0.08413342509	-0.08479386794	-0.09283529666	-0.08823972624	-0.001045065814	-0.0603742313	0.06432260438	-0.06388193973	-0.06173645727	0.04952255517	-0.05847878151	-0.03301334492	-0.04617969304	-0.06568062829	0.007861557384	-0.04708784251	-0.05959318056	-0.03713905329	-0.04378955041	-0.04171147676	-0.03022709312	0.03026013496	0.06276732381	-0.04067254363	0.03079071205	0.04518421044	-0.03903481312	-0.04497444244	-0.04748342265	0.06064951155	-0.04475729811	0.02310863979	-0.0400691149	-0.02188226947	-0.02012107491	0.00356840282	-0.01380327661	0.003700776003	-0.03060097898	0.06074622413	-0.03039964059	0.05640506516	-0.008252945376	0.01210518783	-0.03223103386	-0.01645357093	-0.03339856624	-0.008660669836	-0.03250940071	0.06067451417	-0.01651664036	0.07737991946	-0.0100777213	-0.02224344121	-0.02767058503	-0.01597026748	-0.0188156269	-0.017389208	-0.02248644254	0.05890961008	-0.02698613554	-0.02488129942	-0.01836768088	-0.02315922749	-0.0272680437	0.06355796083	0.04114535791	1.214729101	-0.02709252922	0.009655989651	-0.02065508664	-0.01504676293	-0.01492600001	-0.02323646945	0.01086351494	0.0002312665589	0.001815003029	0.005679574762	-0.01802637765	0.007508718173	-0.02962013699	
-0.072125262	-0.09140542766	-0.09644189986	-0.09787471651	-0.1083743469	-0.09314766401	-0.0687730163	-0.07077394227	-0.0602511634	0.3029741189	0.284635942	-0.03928086949	-0.05850210633	0.006847270046	-0.07416216419	-0.08217360387	-0.05782405448	0.1341080316	-0.0690211963	-0.04979458282	-0.04951952883	-0.04092456277	0.1228841838	-0.03174110825	-0.03216445207	-0.05140020189	-0.03205750688	-0.0454274606	-0.05174383656	0.3129334773	-0.04986441995	-0.02362107326	-0.04705771895	-0.03185956194	-0.05071014041	-0.03114365034	-0.01351607914	-0.02597012181	-0.03586123659	-0.04653875264	-0.03858104854	-0.02266987453	-0.007260112476	-0.03526098665	-0.03817650045	-0.04219150056	-0.03774085651	-0.03760049621	-0.04545951067	0.02951443099	-0.04047981249	-0.02374155522	-0.04298748741	-0.009158317654	0.3263074262	-0.03407886722	-0.03024155082	-0.04188265455	-0.03755180505	-0.02094219123	-0.0247923076	-0.03570170852	-0.04310180068	-0.04475624778	-0.03195011912	-0.03686053396	-0.04022417377	-0.03115472657	-0.02914474751	-0.02709252922	1.259260365	-0.01828859775	-0.03368314557	-0.02947786346	-0.01919029699	-0.01859625839	0.1105608331	0.1109784985	-0.01390136952	0.005206914768	-0.0133524511	-0.01005045672	-0.03783960035	
-0.04293954768	-0.05970484303	-0.06305460884	-0.05996097287	-0.07182337073	-0.07085642829	-0.0418739586	-0.03517168433	-0.04107949142	-0.06565823939	-0.05579836064	-0.05987944626	0.08079340811	0.01031377793	-0.04314913925	-0.05652714226	-0.02670556082	-0.05391250235	-0.05520682231	-0.03382710367	-0.04621850271	-0.03639057144	-0.04519597675	0.001410928407	-0.04358015337	-0.02484891325	-0.03910332292	-0.01019682198	-0.03339168603	-0.04228469673	-0.0288122726	-0.03506373425	-0.05006309508	-0.02294295591	-0.03259551221	-0.03497613116	0.008532857697	-0.02591485134	0.2303622568	-0.003570766117	-0.03339948683	-0.03763992819	0.01778379791	-0.04497970936	-0.0182886755	-0.0249781904	-0.02632101768	-0.02004015627	-0.003455183678	-0.02089376537	-0.03278505669	-0.04135424058	0.002198376415	-0.02034247232	-0.02500076709	-0.01227015593	-0.02114297035	-0.01025259613	-0.02042799512	-0.006693456286	-0.0292999931	0.01726342655	-0.01697084663	-0.01364801245	-0.02822921727	-0.037871892	-0.02267312084	0.01619895705	0.01060367091	0.009655989651	-0.01828859775	1.360426235	-0.03270728397	-0.007343193818	-0.01251178009	0.0004614749442	-0.03386775441	-0.03281880732	0.0606790031	0.0644985482	0.04615022196	0.2891057944	-0.02766321519	
-0.02450318144	-0.07845318836	-0.06434847338	-0.08057915547	-0.08338998717	-0.06752584292	-0.05826985613	-0.06079784954	-0.08761494892	-0.07988557055	-0.08958557067	-0.07019732113	-0.0653606706	-0.05596280241	-0.06568943015	-0.04546772274	-0.05186709765	-0.06739774799	-0.05151078437	-0.02935869062	0.6426889949	-0.02698256662	-0.05006172364	-0.02827363916	-0.04731675846	-0.01066087009	-0.04277097019	-0.03632149981	-0.01763101001	-0.06035238061	-0.02697807143	-0.04718997517	-0.02459225063	-0.04976747633	-0.02944812924	0.2795485265	-0.04068428557	-0.01462596007	-0.04503314861	-0.0426894475	-0.005526481981	-0.05176235126	0.007368047369	-0.04526611509	-0.01478175669	0.01350719356	-0.03681595968	-0.03077505009	0.003023863822	-0.02643167237	-0.01637499374	-0.04611447595	-0.003370423222	-0.03101903686	-0.03235887704	-0.009949518725	-0.007974033054	-0.002991197628	0.01964183168	-0.01893289709	-0.004795776657	-0.006092850023	-0.006845515017	-0.001734481362	-0.0107207881	0.006559282984	0.004744385447	-0.01880422897	-0.02343253884	-0.02065508664	-0.03368314557	-0.03270728397	1.659094603	-0.01161571386	0.00232561617	-0.008534664625	-0.02965634066	-0.03947434308	-0.02493339911	-0.01757584737	-0.01502519849	-0.03155267936	-0.00107156744	
-0.009614473891	-0.02662285723	-0.01857945472	-0.03647322777	-0.04664310893	-0.04031087741	-0.02901035294	-0.03091855493	-0.06422573046	-0.06197845526	-0.07181677927	-0.02786804475	-0.03056458671	-0.05469501271	-0.05435649437	-0.01412234924	-0.02372690578	-0.06536177746	-0.0262599571	-0.01720701863	-0.03082798955	0.02579113769	-0.03318335426	-0.03733455813	-0.01236461389	0.008199513245	-0.02327846489	0.0062154132	0.006813413954	-0.04577923698	0.02105693245	0.00601832956	-0.01552253619	-0.03078625297	0.02527716745	-0.03312194976	-0.01500142994	-0.02253904859	-0.03289531884	0.001276350573	0.01057001916	-0.003294489891	-0.041074817	-0.01594233144	-0.01803713393	-0.0277420616	0.01738189299	-0.04070985775	-0.0175844909	-0.03699576826	0.01670560819	-0.001415847516	0.02175474273	0.0007319157117	-0.02322349096	0.03093187016	0.03984469166	0.02995120742	0.02077785362	0.03555103701	-0.002743510609	0.001476918008	0.04024436189	0.04021505488	0.03730890005	0.008819536879	0.0311488255	0.01315526295	0.008397062414	-0.01504676293	-0.02947786346	-0.007343193818	-0.01161571386	0.9147454633	0.02828245197	0.01750386677	-0.02075311358	-0.03920195202	-0.0384148406	-0.02287176508	0.006166348102	-0.01418106369	0.03834769297	
0.003431193832	-0.04208528134	-0.03460533401	-0.0520731795	-0.0582591728	-0.04833786211	-0.0605802774	-0.03591231805	-0.06784385449	-0.07250157524	-0.06787174969	-0.07113925265	-0.02659330666	-0.06151700547	-0.03513822934	-0.01217035478	-0.04823774424	-0.05860936741	-0.02944808632	-0.03136962255	-0.0280692506	0.01061356508	-0.06325168281	-0.04855243849	-0.04343191293	0.01809191226	-0.01532002267	-0.01572561066	0.02023663627	-0.04248721087	0.0169973473	-0.05024188039	-0.02952964561	-0.02176703504	0.01295416194	-0.03706726201	-0.01912003611	-0.02201635102	-0.02533481393	-0.02976370161	-0.01347887429	-0.05418016255	-0.02448763944	-0.06069639341	0.006493594968	-0.03483028158	0.009403812765	-0.01472637421	0.0188781275	-0.004516639828	0.02052081228	-0.05861761235	0.02582562149	-0.03912114026	-0.0138206233	0.02730951866	0.0408348722	0.02167574737	0.03711403322	0.06677421548	-0.00429186756	-0.006797534954	0.02970325998	0.0313283701	0.02791130655	0.01024546095	0.01615159605	-0.007178914852	-0.01217974862	-0.01492600001	-0.01919029699	-0.01251178009	0.00232561617	0.02828245197	1.180568774	0.1339570648	-0.02542810338	-0.02395423168	-0.009023357742	-0.009077818693	0.009088427603	-0.004333650727	0.04662397437	
0.009118472171	-0.05387886667	-0.03380674189	-0.04603896269	-0.05531410374	-0.04351676129	-0.05287037029	-0.02809255403	-0.07543032715	-0.07500558852	-0.07312261761	-0.07424326531	-0.03558446744	-0.06230425326	-0.03738579922	-0.004333098607	-0.04244782098	-0.05736555457	-0.01932983748	-0.02842805429	-0.023526368	0.02262001731	-0.05753197852	-0.04117313631	-0.05889526753	0.02983190061	-0.01989091548	-0.002185799682	0.0284894546	-0.04866733659	0.01841692022	-0.05178640953	-0.01614591386	-0.01745117897	0.02331663135	-0.03301590566	-0.01298335281	-0.009852184393	-0.02350338228	-0.01854120394	-0.00199382183	-0.04907091259	-0.01926703123	-0.05581648868	0.01418538102	-0.02916420781	0.01547674715	-0.008783237317	0.03577924197	0.001276848856	0.03196695312	-0.05166814976	0.03509472328	-0.04225852271	-0.02838238098	0.02722753052	0.03770235677	0.02833232794	0.04960788104	0.05707931491	0.004073576016	-0.01582264231	0.03276499765	0.02390566945	0.02982052468	0.001646467494	0.02757888365	-0.009322757173	-0.01607983312	-0.02323646945	-0.01859625839	0.0004614749442	-0.008534664625	0.01750386677	0.1339570648	1.003812188	-0.02723731712	-0.03876510086	-0.009894261391	-0.01158277406	0.01326216536	0.0039322728	0.04088435577	
-0.06573823317	-0.08497734645	-0.08093228511	-0.07955617436	-0.05153952232	-0.07357257506	-0.06892073147	-0.06082615214	-0.04778540575	0.08800331457	0.08256054844	-0.03980203133	-0.05163720086	-0.03883717785	-0.05061444874	-0.06915328313	-0.06445597059	0.3566161707	-0.06618703424	-0.05182467819	-0.04261569205	-0.06562736997	0.1900910399	-0.03952227564	-0.02121005572	-0.05670712906	-0.03969436868	-0.06127345989	-0.06392317156	0.1002352479	-0.06089108733	-0.02773980287	-0.05143731546	-0.03853811938	-0.06259139976	-0.03468897682	-0.01368777174	-0.03746642701	-0.04902222668	-0.05892289705	-0.0474304999	-0.03012965711	0.0320270222	-0.02552933681	-0.05249005887	-0.05291224205	-0.05003805006	-0.04259376015	-0.04834836149	0.01127563066	-0.06241453178	-0.02741971917	-0.05152593686	-0.0215440602	0.1134209756	-0.05317698757	-0.06089862619	-0.05632988466	-0.04001278449	-0.0446522373	-0.04655318323	-0.03686431832	-0.04815379731	-0.05411141247	-0.06239730675	-0.03705092743	-0.03554043952	-0.05015447537	-0.04404147242	0.01086351494	0.1105608331	-0.03386775441	-0.02965634066	-0.02075311358	-0.02542810338	-0.02723731712	1.767185647	0.4368369383	-0.009620920392	-0.01322826204	0.003575505537	-0.02969883364	-0.05952787892	
-0.07381746456	-0.09369784624	-0.07983083117	-0.07697859414	-0.09097422036	-0.07359677458	-0.07408237435	-0.06479289992	-0.05610010643	0.07567618053	0.08102546023	-0.04627847905	-0.06078440418	-0.04929635774	-0.0569702981	-0.07596722407	-0.05882447149	0.3537124146	-0.06887568544	-0.0508149873	-0.05230272866	-0.06254356644	0.2081923793	-0.0366502797	-0.02292177452	-0.05139227698	-0.03484753169	-0.06414779363	-0.05919473947	0.09508224315	-0.05264998762	-0.02309933615	-0.05659971476	-0.0438451525	-0.05494251526	-0.04139687866	-0.007467507646	-0.04139352958	-0.05406817411	-0.06202964767	-0.04859562662	-0.02334914083	0.04264097203	-0.03388240117	-0.05451083369	-0.04627244425	-0.04821864318	-0.05047356241	-0.05021615935	0.008557401486	-0.0549117898	-0.03225275729	-0.04127170185	-0.02666487637	0.1205869741	-0.05427585556	-0.04828283828	-0.05621837798	-0.05496376537	-0.04746684719	-0.05098175597	-0.03028704898	-0.04629783361	-0.05446410596	-0.05349421181	-0.03268396816	-0.03381713299	-0.05070469757	-0.04820553622	0.0002312665589	0.1109784985	-0.03281880732	-0.03947434308	-0.03920195202	-0.02395423168	-0.03876510086	0.4368369383	1.874276425	0.01034196325	-0.008370015833	-0.01103947462	-0.02586314167	-0.05271198296	
-0.06313877976	-0.09293753541	-0.07910132971	-0.0846799925	-0.06535386306	-0.09145063893	-0.07695385962	-0.04360471808	-0.01525280695	-0.04772324555	-0.05478906643	-0.0543493187	-0.03421917978	-0.04046880342	-0.02937340583	-0.09099824741	-0.06850189092	-0.03864004451	-0.06770724519	-0.0511021467	-0.05108485683	-0.06163927292	-0.04175331534	0.06141640169	-0.05046012484	-0.05384743769	-0.01186259561	-0.04123534621	-0.05978671565	-0.03491994618	-0.05531239228	-0.0388554234	-0.06550869035	-0.01733756757	-0.06836685001	-0.0274714668	-0.05100741816	-0.02969538262	0.04632977503	-0.02736455691	-0.0458856843	-0.04271926006	0.01737993567	-0.04161669157	-0.004552062044	-0.02513424729	-0.03214031877	-0.01238228614	-0.00342538885	-0.003146589766	-0.05774565185	-0.04219426399	-0.04463073579	-0.02491844551	-0.002810659061	-0.04832559893	-0.04694499125	-0.05333728161	-0.04921298784	-0.01802225681	-0.04665710118	-0.01735132857	-0.04195149921	-0.05356083532	-0.04597926217	-0.0354819173	-0.02897112282	-0.02949481697	-0.02484756416	0.001815003029	-0.01390136952	0.0606790031	-0.02493339911	-0.0384148406	-0.009023357742	-0.009894261391	-0.009620920392	0.01034196325	2.217422157	0.6033798228	-0.02017865863	0.06007326262	-0.05157418973	
-0.05316378429	-0.07626057535	-0.08611193606	-0.08788988473	-0.09035993312	-0.09643595216	-0.05565894192	-0.02326580787	-0.0250278909	-0.04565087327	-0.04735288353	-0.0602667962	-0.01477843977	-0.02378549911	-0.03362707544	-0.07651369154	-0.05495776992	-0.03429997538	-0.06590166217	-0.05167316321	-0.04095575507	-0.06366554761	-0.0376783389	0.07045498456	-0.04671742567	-0.05332707549	-0.00579957861	-0.04284700363	-0.05552208777	-0.020409045	-0.06133302018	-0.03840920081	-0.05721245317	-0.01048347306	-0.06769984774	-0.01218630148	-0.04801798821	-0.02225641905	0.05789492539	-0.009304346338	-0.0515802469	-0.02816652646	0.02527811343	-0.03782363084	-0.0001598783344	-0.01463067788	-0.02616398164	-0.004552075379	0.008787079308	0.008064684641	-0.04634846411	-0.0415894185	-0.02943628734	-0.02511490265	-0.001632739339	-0.03605709491	-0.04330404732	-0.05262206421	-0.03540011826	-0.02403759874	-0.03676447494	-0.02367785608	-0.05290226952	-0.04889647218	-0.03863294614	-0.03081467953	-0.0139414418	-0.01534785001	-0.02487676432	0.005679574762	0.005206914768	0.0644985482	-0.01757584737	-0.02287176508	-0.009077818693	-0.01158277406	-0.01322826204	-0.008370015833	0.6033798228	1.821794113	-0.03180213448	0.06957692067	-0.04482511285	
-0.02496568513	-0.07014212278	-0.05841655696	-0.06513289186	-0.05633683963	-0.06460502616	-0.0372157903	-0.04524938986	-0.06635771581	-0.04777240862	-0.05302183674	-0.03397354189	-0.02192022011	-0.00595947123	-0.05364021734	-0.03823822138	-0.03099845985	-0.02278370683	-0.04199135476	-0.02497722608	-0.03223499033	-0.004562995215	-0.007682096877	-0.03224558975	-0.00661008201	-0.007408625674	-0.01862883967	-0.004142553766	-0.007879975349	-0.02230448744	-0.01030310575	-0.008524375446	-0.02662541354	-0.02069937736	-0.00490413477	-0.03896022723	0.1134466074	-0.01003463676	0.008651734822	-0.02220155428	-0.005783128697	-0.006862738589	-0.0281177057	-0.0005451419554	-0.01821659667	-0.01845694044	-0.01020365474	-0.03587559541	-0.01362924687	-0.005063328942	-0.004586541893	-0.0120807272	0.01156116147	0.0001182474392	-0.009157188786	-0.003358956126	0.01279393375	-0.00561469707	0.01153631674	0.001572025878	-0.0157110446	-0.00322444243	0.01294109438	0.007786904142	0.01406121637	-0.002919734986	-0.0004453489583	-0.01634661529	-0.008839792403	-0.01802637765	-0.0133524511	0.04615022196	-0.01502519849	0.006166348102	0.009088427603	0.01326216536	0.003575505537	-0.01103947462	-0.02017865863	-0.03180213448	1.17640516	0.02943166316	0.005566472696	
-0.03879910678	-0.06094669685	-0.05778493388	-0.06693738327	-0.06651233578	-0.05454438627	-0.02493129784	-0.01980144883	-0.03989802115	-0.06005610097	-0.06223922902	-0.04938723718	0.0848526136	0.02146702594	-0.04317459798	-0.06132802448	-0.02230214012	-0.04438024077	-0.04451155148	-0.04526242151	-0.04508750047	-0.02185552654	-0.04079769789	0.001631333701	-0.03663747355	-0.03775629925	-0.03204335171	-0.01590088538	-0.03171997918	-0.04063493752	-0.0360722012	-0.04114640194	-0.04784909318	-0.03405679323	-0.02629677468	-0.02647571509	0.01180939154	-0.02287060036	0.2516890028	0.0017878684	-0.02961004716	-0.03769455276	0.02596029847	-0.04771550854	-0.01114295614	-0.003967141843	-0.01728187455	-0.008261863319	0.001682670384	-0.02735848239	-0.02642167635	-0.03567965934	-0.01780724055	-0.03218480348	-0.01800437022	-0.01494434098	-0.01776242095	-0.005156957906	-0.01789626933	-0.007457896081	-0.04124789232	0.004766499317	-0.01180777141	-0.01059598714	-0.01721026318	-0.04700345942	-0.01551869372	0.009633048102	0.01273082573	0.007508718173	-0.01005045672	0.2891057944	-0.03155267936	-0.01418106369	-0.004333650727	0.0039322728	-0.02969883364	-0.02586314167	0.06007326262	0.06957692067	0.02943166316	1.1609805	-0.01320936996	
0.01509750155	-0.03282633338	-0.01683053317	-0.02722818744	-0.04292937302	-0.03008590485	-0.04312521958	-0.02580444706	-0.09080954882	-0.06704931333	-0.07807514693	-0.06275564846	-0.02589505141	-0.05552418588	-0.07318193126	0.01976571832	-0.02933429846	-0.06893460628	-0.02213520231	0.02234271231	-0.009144184295	0.06375132756	-0.04427260443	-0.04901042285	-0.04960244183	0.02731640805	-0.02989421359	0.01940302451	0.04002311904	-0.05084454221	0.050677589	-0.04582698713	0.002311723144	-0.04009229765	0.05784731971	-0.0258670957	0.002658221242	-0.01106279507	-0.03114231546	0.01494032888	0.02593394171	-0.03649724767	-0.03386898848	-0.04932548914	0.002332535048	-0.02760597257	0.02293687363	-0.02692927081	0.0129254757	-0.02333450303	0.04821473862	-0.04523817413	0.04286746543	-0.01982410607	-0.03055376997	0.06321847152	0.08182777542	0.06283819687	0.05503754168	0.0635139788	0.02103455299	-0.01041573663	0.07125890504	0.07874847922	0.07448598461	0.02856862061	0.04866413301	0.02923986589	0.01827607868	-0.02962013699	-0.03783960035	-0.02766321519	-0.00107156744	0.03834769297	0.04662397437	0.04088435577	-0.05952787892	-0.05271198296	-0.05157418973	-0.04482511285	0.005566472696	-0.01320936996	0.4814400411	
